-- MySQL dump 10.11
--
-- Host: localhost    Database: hwtx
-- ------------------------------------------------------
-- Server version	5.0.96-log

/*!40101 SET @OLD_CHARACTER_SET_CLIENT=@@CHARACTER_SET_CLIENT */;
/*!40101 SET @OLD_CHARACTER_SET_RESULTS=@@CHARACTER_SET_RESULTS */;
/*!40101 SET @OLD_COLLATION_CONNECTION=@@COLLATION_CONNECTION */;
/*!40101 SET NAMES utf8 */;
/*!40103 SET @OLD_TIME_ZONE=@@TIME_ZONE */;
/*!40103 SET TIME_ZONE='+00:00' */;
/*!40014 SET @OLD_UNIQUE_CHECKS=@@UNIQUE_CHECKS, UNIQUE_CHECKS=0 */;
/*!40014 SET @OLD_FOREIGN_KEY_CHECKS=@@FOREIGN_KEY_CHECKS, FOREIGN_KEY_CHECKS=0 */;
/*!40101 SET @OLD_SQL_MODE=@@SQL_MODE, SQL_MODE='NO_AUTO_VALUE_ON_ZERO' */;
/*!40111 SET @OLD_SQL_NOTES=@@SQL_NOTES, SQL_NOTES=0 */;

--
-- Table structure for table `answer_score`
--

DROP TABLE IF EXISTS `answer_score`;
/*!40101 SET @saved_cs_client     = @@character_set_client */;
/*!40101 SET character_set_client = utf8 */;
CREATE TABLE `answer_score` (
  `id` varchar(45) NOT NULL default '',
  `respondId` varchar(45) NOT NULL,
  `questionId` int(10) NOT NULL,
  `surveyId` varchar(45) NOT NULL,
  `optionA` int(11) default NULL,
  `optionB` int(11) default NULL,
  `optionC` int(11) default NULL,
  `optionD` int(11) default NULL,
  `optionE` int(11) default NULL,
  `optionF` int(11) default NULL,
  `answerDesc` varchar(255) default NULL,
  PRIMARY KEY  (`id`)
) ENGINE=InnoDB DEFAULT CHARSET=utf8;
/*!40101 SET character_set_client = @saved_cs_client */;

--
-- Dumping data for table `answer_score`
--

LOCK TABLES `answer_score` WRITE;
/*!40000 ALTER TABLE `answer_score` DISABLE KEYS */;
INSERT INTO `answer_score` VALUES ('077ca92d9f1a4c00a609201c2e68594e','18c42e835d7a4b28aa8a962888a43526',4,'2',1,NULL,NULL,NULL,NULL,NULL,NULL),('09141455ab3c4c3f9cbbe16d7251e2a2','cfd029001291400db2464c867b44a85d',12,'1',NULL,NULL,NULL,1,NULL,NULL,NULL),('0f1a0526f2904f148e5539e937467748','ce0c1854ca134c948c492e6f13bc750c',8,'2',NULL,1,NULL,NULL,NULL,NULL,NULL),('12022801dcc64944bc9aba16ffe4816e','5bfa636ddfad40fda28b69131ef8da3d',14,'1',NULL,NULL,NULL,1,NULL,NULL,NULL),('1273dd4b757e4eb39a00a2395a3f402e','07f56f3720da4279a8ea58ab425b2597',3,'2',NULL,NULL,1,NULL,NULL,NULL,NULL),('1284404807e1483a9d525e340cbe747a','b76fa1a0735c45b69b36a3a70f0423bf',18,'1',NULL,1,NULL,NULL,NULL,NULL,NULL),('14dcb94ac5de4d879a993a8b0d09b58a','ca6daf043ac8418ba2314687d891767c',14,'1',NULL,NULL,NULL,1,NULL,NULL,NULL),('19d7b348048b40f097f87b0702ec0b5b','e5af130726934c3ea0addd11604a9f65',8,'2',1,NULL,NULL,NULL,NULL,NULL,NULL),('1b5fb7cd739b44eb8c0f860b1c003b97','5bfa636ddfad40fda28b69131ef8da3d',13,'1',1,NULL,NULL,NULL,NULL,NULL,NULL),('1bc667d65eea48aa996097e86f4574c1','07f56f3720da4279a8ea58ab425b2597',2,'2',NULL,1,NULL,NULL,NULL,NULL,NULL),('1be679f3a43e49888eaba84f296fe482','b76fa1a0735c45b69b36a3a70f0423bf',19,'1',1,NULL,NULL,NULL,NULL,NULL,NULL),('1dbc23cbb41744d1a355069432629dd3','07f56f3720da4279a8ea58ab425b2597',7,'2',NULL,NULL,1,NULL,NULL,NULL,NULL),('1e1cafa92b804ee59f0dc284f367cae9','7fc2555536db48c59aecb04e8a5b28e5',5,'2',NULL,NULL,NULL,1,NULL,NULL,NULL),('1fed88d07a5c4a36a38513919df76cad','18c42e835d7a4b28aa8a962888a43526',9,'2',NULL,NULL,NULL,NULL,1,NULL,NULL),('2275c807642d4b04931aa1dded619cf0','5bfa636ddfad40fda28b69131ef8da3d',19,'1',NULL,NULL,1,NULL,NULL,NULL,NULL),('23db655752db43e5b6d68fe7d95edf55','4c16266afc9542cf922f6eeac44a982c',4,'2',NULL,NULL,NULL,1,NULL,NULL,NULL),('24b7a290143b4b8d94105705ba788315','ce0c1854ca134c948c492e6f13bc750c',1,'2',NULL,1,NULL,NULL,NULL,NULL,NULL),('2747166d543741129d8757963e936e4e','7fc2555536db48c59aecb04e8a5b28e5',7,'2',NULL,NULL,1,NULL,NULL,NULL,NULL),('28cc605c30484150ab067af0bfe9a50f','e5af130726934c3ea0addd11604a9f65',5,'2',NULL,NULL,NULL,1,NULL,NULL,NULL),('2bb8808d23ad4ac7a61ab6ae3597dadd','07f56f3720da4279a8ea58ab425b2597',5,'2',NULL,NULL,1,NULL,NULL,NULL,NULL),('2db12fb6e47b4f19bffd7c3977b5f4f9','7fc2555536db48c59aecb04e8a5b28e5',6,'2',1,NULL,NULL,NULL,NULL,NULL,NULL),('35dc9abc89fb49c3a98e86de06a375ab','ca6daf043ac8418ba2314687d891767c',12,'1',1,NULL,NULL,NULL,NULL,NULL,NULL),('361bde7acba64380b232c3b7ad65f06d','ca6daf043ac8418ba2314687d891767c',15,'1',NULL,1,NULL,NULL,NULL,NULL,NULL),('374ffd6ad99a4d58aa202f8dde747af9','18c42e835d7a4b28aa8a962888a43526',5,'2',NULL,1,NULL,NULL,NULL,NULL,NULL),('3a9a62ad673a451fbd90f29ab420ef88','5bfa636ddfad40fda28b69131ef8da3d',18,'1',NULL,NULL,NULL,1,NULL,NULL,NULL),('3c7d25b4763f49728561e6c9174f2df3','4c16266afc9542cf922f6eeac44a982c',11,'2',NULL,NULL,1,NULL,NULL,NULL,NULL),('3da7d3a8786a4cea853d24eba71a256a','7fc2555536db48c59aecb04e8a5b28e5',10,'2',1,NULL,NULL,NULL,NULL,NULL,NULL),('42a8956dd18c4e9593a41f876b858e0a','07f56f3720da4279a8ea58ab425b2597',6,'2',NULL,NULL,1,NULL,NULL,NULL,NULL),('42ed7876b8664585a3a5bd079dac9f3b','07f56f3720da4279a8ea58ab425b2597',8,'2',1,NULL,NULL,NULL,NULL,NULL,NULL),('45252ffe875d4da193ede33575d6403a','ca6daf043ac8418ba2314687d891767c',18,'1',NULL,NULL,NULL,1,NULL,NULL,NULL),('45cd9eee875344d7a8231b8739ad40c9','5bfa636ddfad40fda28b69131ef8da3d',12,'1',NULL,NULL,1,NULL,NULL,NULL,NULL),('480b78e7851b4518836b43464bc89e43','7fc2555536db48c59aecb04e8a5b28e5',1,'2',1,NULL,NULL,NULL,NULL,NULL,NULL),('4de554c8321d492fb9c7ac0c13dfb97c','cfd029001291400db2464c867b44a85d',16,'1',NULL,1,NULL,NULL,NULL,NULL,NULL),('4ef4c3e124b9466ca76f862d0c932bac','cfd029001291400db2464c867b44a85d',17,'1',NULL,1,NULL,NULL,NULL,NULL,NULL),('4f794babc17447968a464c8a926ad275','e5af130726934c3ea0addd11604a9f65',7,'2',NULL,NULL,1,NULL,NULL,NULL,NULL),('541b68ada7c14fd088bed82a3c14d80a','7fc2555536db48c59aecb04e8a5b28e5',8,'2',1,NULL,NULL,NULL,NULL,NULL,NULL),('54e77762f44c4b9284f0f4e6b12322e6','07f56f3720da4279a8ea58ab425b2597',1,'2',NULL,1,NULL,NULL,NULL,NULL,NULL),('56bb8640cb5f49878e3a9a1a19b622ad','cfd029001291400db2464c867b44a85d',18,'1',NULL,NULL,NULL,NULL,1,NULL,NULL),('57585cdfe4ea4d04b2464dbcc0d28f33','e5af130726934c3ea0addd11604a9f65',4,'2',1,NULL,NULL,NULL,NULL,NULL,NULL),('5f1fcf4d655e43b6b10c07d5dfbbb14c','5bfa636ddfad40fda28b69131ef8da3d',16,'1',NULL,NULL,NULL,NULL,1,NULL,NULL),('62757032874c4b1cb08557e29a912800','cfd029001291400db2464c867b44a85d',19,'1',NULL,NULL,NULL,1,NULL,NULL,NULL),('68c4605f0c764168a4aadd54e32802ed','b76fa1a0735c45b69b36a3a70f0423bf',17,'1',NULL,NULL,NULL,1,NULL,NULL,NULL),('692be8c060a347bc8ecd4a7aa3969948','07f56f3720da4279a8ea58ab425b2597',4,'2',NULL,NULL,1,NULL,NULL,NULL,NULL),('69d716e77ad8407882f170dd408eeb01','18c42e835d7a4b28aa8a962888a43526',3,'2',NULL,NULL,1,NULL,NULL,NULL,NULL),('6ce853f99f15404bb960e1eae3fdbca4','b76fa1a0735c45b69b36a3a70f0423bf',13,'1',NULL,1,NULL,NULL,NULL,NULL,NULL),('724652c40ab94577b8ad6d04b4fa03a3','ca6daf043ac8418ba2314687d891767c',17,'1',NULL,1,NULL,NULL,NULL,NULL,NULL),('7545286be38c4423b409b8b5fcdabf52','7fc2555536db48c59aecb04e8a5b28e5',4,'2',1,NULL,NULL,NULL,NULL,NULL,NULL),('75ec0c6f16e5478480c7a41945e94fd3','4c16266afc9542cf922f6eeac44a982c',1,'2',NULL,1,NULL,NULL,NULL,NULL,NULL),('77cdd332b8ae430c860dc14f18934efc','cfd029001291400db2464c867b44a85d',13,'1',1,NULL,NULL,NULL,NULL,NULL,NULL),('7c41d5fc5e804dae888900a8828b9b37','ce0c1854ca134c948c492e6f13bc750c',11,'2',1,NULL,NULL,NULL,NULL,NULL,NULL),('7d0cc4918a7545c4853be2aed0ebdd2a','ca6daf043ac8418ba2314687d891767c',19,'1',NULL,1,NULL,NULL,NULL,NULL,NULL),('7f83e1abc71b41f8a9734a7f934b77fc','ce0c1854ca134c948c492e6f13bc750c',4,'2',NULL,NULL,1,NULL,NULL,NULL,NULL),('867b1a0ae70542b29e369370f5a67b28','18c42e835d7a4b28aa8a962888a43526',2,'2',1,NULL,NULL,NULL,NULL,NULL,NULL),('8a03b7d3b56b4586a9fc1c6edfb80e7b','18c42e835d7a4b28aa8a962888a43526',1,'2',1,NULL,NULL,NULL,NULL,NULL,NULL),('8d978b97787445638b060b72e61d10b6','5bfa636ddfad40fda28b69131ef8da3d',15,'1',NULL,NULL,1,NULL,NULL,NULL,NULL),('92a7191f2e874a46b6297135cc552b1d','4c16266afc9542cf922f6eeac44a982c',2,'2',1,NULL,NULL,NULL,NULL,NULL,NULL),('955b51f32412497f83afea9b76f2ff55','4c16266afc9542cf922f6eeac44a982c',3,'2',NULL,NULL,NULL,1,NULL,NULL,NULL),('957f073e86594b13bc43150108e394cc','18c42e835d7a4b28aa8a962888a43526',6,'2',1,NULL,NULL,NULL,NULL,NULL,NULL),('966a63c008cf48a7bef05241fe48343c','ce0c1854ca134c948c492e6f13bc750c',9,'2',1,NULL,NULL,NULL,NULL,NULL,NULL),('97b63a835dbb46e797e766d1fe52c4e4','7fc2555536db48c59aecb04e8a5b28e5',9,'2',NULL,NULL,1,NULL,NULL,NULL,NULL),('9cf09a92341b4db59323ee0a16b76276','ca6daf043ac8418ba2314687d891767c',13,'1',1,NULL,NULL,NULL,NULL,NULL,NULL),('9d3c3f4711494ef0a631aceaac3327f7','e5af130726934c3ea0addd11604a9f65',11,'2',NULL,NULL,1,NULL,NULL,NULL,NULL),('9dded98dd0cb454d8b23b9d791dc36e6','b76fa1a0735c45b69b36a3a70f0423bf',12,'1',1,NULL,NULL,NULL,NULL,NULL,NULL),('a02e9ae2090a4b5788829a68560d6cec','4c16266afc9542cf922f6eeac44a982c',7,'2',1,NULL,NULL,NULL,NULL,NULL,NULL),('a4159aaf7f494ec9b4ea467953334a6f','18c42e835d7a4b28aa8a962888a43526',10,'2',1,NULL,NULL,NULL,NULL,NULL,NULL),('a6bee919aeb349d99b968825a66b8032','7fc2555536db48c59aecb04e8a5b28e5',2,'2',1,NULL,NULL,NULL,NULL,NULL,NULL),('abe6cf27cbb84581937f052c14a7fea2','e5af130726934c3ea0addd11604a9f65',2,'2',1,NULL,NULL,NULL,NULL,NULL,NULL),('ac165e4c27a541cdb6f5bbfc538674e9','e5af130726934c3ea0addd11604a9f65',1,'2',1,NULL,NULL,NULL,NULL,NULL,NULL),('adc9395bd4ca4ad286c79b860ccfe29c','b76fa1a0735c45b69b36a3a70f0423bf',14,'1',NULL,NULL,NULL,1,NULL,NULL,NULL),('ae708e5c999b44be9ffebff3d5d7f6a9','07f56f3720da4279a8ea58ab425b2597',9,'2',NULL,NULL,NULL,NULL,1,NULL,NULL),('b9754917c7314c4884178b07ff354078','07f56f3720da4279a8ea58ab425b2597',10,'2',1,NULL,NULL,NULL,NULL,NULL,NULL),('bdd54516b98e47259617540add223aec','4c16266afc9542cf922f6eeac44a982c',6,'2',NULL,NULL,NULL,1,NULL,NULL,NULL),('c1e9b4783f724700813438ef84733e2e','ce0c1854ca134c948c492e6f13bc750c',3,'2',NULL,NULL,NULL,1,NULL,NULL,NULL),('c2b66f5578644b4eb1b52bf7d8cae2db','e5af130726934c3ea0addd11604a9f65',6,'2',1,NULL,NULL,NULL,NULL,NULL,NULL),('c2c7df9d03374f20956927be1667fb0f','7fc2555536db48c59aecb04e8a5b28e5',11,'2',NULL,NULL,1,NULL,NULL,NULL,NULL),('c37c3c3a978c43a08dd8ed6ab088f42a','4c16266afc9542cf922f6eeac44a982c',5,'2',1,NULL,NULL,NULL,NULL,NULL,NULL),('c3f5c4075a3c410db070c56f05f62691','e5af130726934c3ea0addd11604a9f65',10,'2',1,NULL,NULL,NULL,NULL,NULL,NULL),('c9246ebbc8ce4822ba53efbd60c6c7a9','4c16266afc9542cf922f6eeac44a982c',10,'2',NULL,NULL,NULL,NULL,1,NULL,NULL),('ceec39aef5ee421d92ed32ab2f973b0e','ca6daf043ac8418ba2314687d891767c',16,'1',NULL,NULL,NULL,NULL,1,NULL,NULL),('d071bc30a6df4748ab1a346408bf5e34','ce0c1854ca134c948c492e6f13bc750c',10,'2',NULL,NULL,NULL,1,NULL,NULL,NULL),('d1cd5d0454384f8f91581659af68f2ba','b76fa1a0735c45b69b36a3a70f0423bf',15,'1',NULL,NULL,NULL,1,NULL,NULL,NULL),('d7ee507ff7174a078d64bfde99baa406','7fc2555536db48c59aecb04e8a5b28e5',3,'2',NULL,NULL,1,NULL,NULL,NULL,NULL),('e28b6c3471ee49ce9418c4d2739d0792','ce0c1854ca134c948c492e6f13bc750c',6,'2',NULL,1,NULL,NULL,NULL,NULL,NULL),('e66daf16ea5747f38e73884802a94565','18c42e835d7a4b28aa8a962888a43526',7,'2',NULL,NULL,1,NULL,NULL,NULL,NULL),('edc106b9a3634d7d90b30ae88258cb62','b76fa1a0735c45b69b36a3a70f0423bf',16,'1',1,NULL,NULL,NULL,NULL,NULL,NULL),('ee3d0ea57a324fc59fd949cb29d39479','ce0c1854ca134c948c492e6f13bc750c',2,'2',1,NULL,NULL,NULL,NULL,NULL,NULL),('ef44ac92abaf4c27b850a409db864d8f','cfd029001291400db2464c867b44a85d',15,'1',NULL,NULL,NULL,1,NULL,NULL,NULL),('f20abbbb818049219bf8c61cd4493285','5bfa636ddfad40fda28b69131ef8da3d',17,'1',NULL,1,NULL,NULL,NULL,NULL,NULL),('f3d5ccb1cf6d4a3ca1f2df220f5fce1f','07f56f3720da4279a8ea58ab425b2597',11,'2',NULL,NULL,NULL,1,NULL,NULL,NULL),('f43e0697ce6349c1b6d0e4c6c877b966','18c42e835d7a4b28aa8a962888a43526',11,'2',NULL,NULL,NULL,NULL,1,NULL,NULL),('f5acdb974aee403fa7531730e40afb0d','ce0c1854ca134c948c492e6f13bc750c',5,'2',NULL,1,NULL,NULL,NULL,NULL,NULL),('f69a6b2f2b634ea783d7931af19b9b73','4c16266afc9542cf922f6eeac44a982c',8,'2',NULL,NULL,1,NULL,NULL,NULL,NULL),('f71ee729153c44a783bfc5ec5fd411df','4c16266afc9542cf922f6eeac44a982c',9,'2',1,NULL,NULL,NULL,NULL,NULL,NULL),('f7f2467da9214ae9b25184063466e0ab','ce0c1854ca134c948c492e6f13bc750c',7,'2',NULL,1,NULL,NULL,NULL,NULL,NULL),('f91ab58a68574b0e9b68fb9189250ae3','e5af130726934c3ea0addd11604a9f65',9,'2',NULL,NULL,1,NULL,NULL,NULL,NULL),('faaceefc30f54ff7984cc361cf68c580','18c42e835d7a4b28aa8a962888a43526',8,'2',NULL,NULL,1,NULL,NULL,NULL,NULL),('fed82fa49d9447cdb9b300de09b6b197','cfd029001291400db2464c867b44a85d',14,'1',NULL,NULL,NULL,NULL,1,NULL,NULL),('feff3d022bc34f1da7a3e5e826c0e9d0','e5af130726934c3ea0addd11604a9f65',3,'2',NULL,NULL,1,NULL,NULL,NULL,NULL);
/*!40000 ALTER TABLE `answer_score` ENABLE KEYS */;
UNLOCK TABLES;

--
-- Table structure for table `app_data_check`
--

DROP TABLE IF EXISTS `app_data_check`;
/*!40101 SET @saved_cs_client     = @@character_set_client */;
/*!40101 SET character_set_client = utf8 */;
CREATE TABLE `app_data_check` (
  `checkId` varchar(45) NOT NULL default '' COMMENT '审核Id',
  `checkUserId` varchar(45) default NULL COMMENT '审核人',
  `checkdRegion` int(11) default NULL COMMENT '被审核的区域',
  `checkedDate` date default NULL COMMENT '被审核数据上报时间',
  `checkDate` datetime default NULL COMMENT '审核时间',
  `checkNotes` varchar(255) default NULL COMMENT '审核意见',
  `checkOrgId` varchar(45) default NULL COMMENT '审核机构',
  `checkedOrgId` varchar(45) default NULL COMMENT '被审核机构',
  `checkType` tinyint(4) default NULL COMMENT '退回类型(退回金融机构，退回人行)',
  PRIMARY KEY  (`checkId`)
) ENGINE=InnoDB DEFAULT CHARSET=utf8;
/*!40101 SET character_set_client = @saved_cs_client */;

--
-- Dumping data for table `app_data_check`
--

LOCK TABLES `app_data_check` WRITE;
/*!40000 ALTER TABLE `app_data_check` DISABLE KEYS */;
INSERT INTO `app_data_check` VALUES ('03d1ca6e694c423cb7b38c57866374c1','109a6c2bdd15401dba6ff8a5b413bccb',520123,'2014-01-01','2014-10-17 18:06:38','yyyytttt','5f97c891038e4d3f9917b749bd3cd8a0','014d9b3b353f4c2ea8afe0acb90e759c',NULL),('0b65031aab444392830336eadf86da8b','10731e501dfa44778a87884279e1f656',520123,'2014-01-01','2014-10-28 16:10:59','方芳芳','j15_1','5f97c891038e4d3f9917b749bd3cd8a0',2),('0e5d863a029e4287b4fca388d045f03f','109a6c2bdd15401dba6ff8a5b413bccb',520123,'2014-01-01','2014-10-18 20:34:59','123','5f97c891038e4d3f9917b749bd3cd8a0','ae4b45e36d0e41f8bfd7fb8751f999e7',NULL),('11ae11baa94c42e3af0dddcf6b3aab55','10731e501dfa44778a87884279e1f656',520123,'2014-01-01','2014-10-28 17:45:50','就','j15_1','5f97c891038e4d3f9917b749bd3cd8a0',2),('2ccb596839094b3c81499b4e9c335e11','109a6c2bdd15401dba6ff8a5b413bccb',520123,'2014-01-01','2014-10-17 18:13:00','tttt','5f97c891038e4d3f9917b749bd3cd8a0','ae4b45e36d0e41f8bfd7fb8751f999e7',NULL),('2e6dbee96a184a16b0fc3e40c5e6ee32','109a6c2bdd15401dba6ff8a5b413bccb',520123,'2014-01-01','2014-10-17 22:30:53','gonghang','5f97c891038e4d3f9917b749bd3cd8a0','ae4b45e36d0e41f8bfd7fb8751f999e7',NULL),('32b797e9a15941bd9d1044312bf78865','10731e501dfa44778a87884279e1f656',520123,'2014-01-01','2014-10-28 17:40:36','广告歌','j15_1','5f97c891038e4d3f9917b749bd3cd8a0',2),('3620860428a243628832e373cf6228ec','109a6c2bdd15401dba6ff8a5b413bccb',520123,'2014-01-01','2014-10-17 22:20:52','11','5f97c891038e4d3f9917b749bd3cd8a0','014d9b3b353f4c2ea8afe0acb90e759c',NULL),('37d740d81bdb4ff4b06036cbc9c05987','109a6c2bdd15401dba6ff8a5b413bccb',520123,'2014-01-01','2014-10-17 22:19:29','111','5f97c891038e4d3f9917b749bd3cd8a0','014d9b3b353f4c2ea8afe0acb90e759c',NULL),('3fd5c45a5b5541a197332cf2b6f20ce8','10731e501dfa44778a87884279e1f656',520123,'2014-01-01','2014-10-28 16:49:02','3333','j15_1','5f97c891038e4d3f9917b749bd3cd8a0',2),('465df0592bae489188e00534d536f581','109a6c2bdd15401dba6ff8a5b413bccb',520123,'2014-01-01','2014-10-21 18:15:33','他','5f97c891038e4d3f9917b749bd3cd8a0','82a43bb85f8c45df8e1d4ab064360baa',NULL),('5c79835c44634309b19fadaeffe94660','109a6c2bdd15401dba6ff8a5b413bccb',520123,'2014-01-01','2014-10-17 17:53:17','yyyy','5f97c891038e4d3f9917b749bd3cd8a0','014d9b3b353f4c2ea8afe0acb90e759c',NULL),('683a381b41b447cda024a64e1e5a3441','10731e501dfa44778a87884279e1f656',520123,'2014-01-01','2014-10-28 16:28:37','仍然不','j15_1','5f97c891038e4d3f9917b749bd3cd8a0',2),('70322f1431404e56922386a99967a008','10731e501dfa44778a87884279e1f656',520123,'2014-01-01','2014-10-28 11:43:52','123dd','j15_1','5f97c891038e4d3f9917b749bd3cd8a0',2),('75832100810546a5978cfb33f2de7c3f','10731e501dfa44778a87884279e1f656',520123,'2014-01-01','2014-10-26 23:20:22','111','j15_1','5f97c891038e4d3f9917b749bd3cd8a0',2),('7d030c54f7b642268c4cd456091f8908','10731e501dfa44778a87884279e1f656',520123,'2014-01-01','2014-10-28 23:15:23','123','j15_1','5f97c891038e4d3f9917b749bd3cd8a0',2),('7d493ec7b1ac450a81c37db19a31b0a1','109a6c2bdd15401dba6ff8a5b413bccb',520123,'2014-01-01','2014-10-09 14:35:21','io','5f97c891038e4d3f9917b749bd3cd8a0','ae4b45e36d0e41f8bfd7fb8751f999e7',NULL),('9a3510aceff54287af2b9b6748b9bb86','10731e501dfa44778a87884279e1f656',520123,'2014-01-01','2014-10-30 11:11:58','44','j15_1','5f97c891038e4d3f9917b749bd3cd8a0',2),('a139a43b76034e749e7efa5f686b026e','10731e501dfa44778a87884279e1f656',520123,'2014-01-01','2014-10-28 16:34:02','444分','j15_1','5f97c891038e4d3f9917b749bd3cd8a0',2),('a1f6fe0756024a448dd261f20156cda1','10731e501dfa44778a87884279e1f656',520123,'2014-01-01','2014-10-28 11:12:55','1234','j15_1','5f97c891038e4d3f9917b749bd3cd8a0',2),('ac1d265a769e4732bf441e1a61ad6b66','109a6c2bdd15401dba6ff8a5b413bccb',520123,'2014-01-01','2014-10-17 22:31:31','13232','5f97c891038e4d3f9917b749bd3cd8a0','014d9b3b353f4c2ea8afe0acb90e759c',NULL),('b0ad603f834141b08b8a91b62aba299b','109a6c2bdd15401dba6ff8a5b413bccb',520123,'2014-01-01','2014-10-17 18:40:42','yyyyy','5f97c891038e4d3f9917b749bd3cd8a0','ae4b45e36d0e41f8bfd7fb8751f999e7',NULL),('d446e43153bd4e38b1c6a7144df8cfcf','10731e501dfa44778a87884279e1f656',520123,'2014-01-01','2014-10-28 16:19:01','爱爱爱','j15_1','5f97c891038e4d3f9917b749bd3cd8a0',2),('d5b33652239a4c5b83658a35b4f91f26','10731e501dfa44778a87884279e1f656',520123,'2014-01-01','2014-10-28 14:11:43','444','j15_1','5f97c891038e4d3f9917b749bd3cd8a0',2),('e379f394fd1a4b0db4a93dc2ace24066','10731e501dfa44778a87884279e1f656',520123,'2014-01-01','2014-10-28 13:05:46','1233','j15_1','5f97c891038e4d3f9917b749bd3cd8a0',2),('e59dd67af1534a04b7b4e5d6c173c5dd','10731e501dfa44778a87884279e1f656',520123,'2014-01-01','2014-10-28 14:15:44','123方法','j15_1','5f97c891038e4d3f9917b749bd3cd8a0',2),('ed8eef827c9f403990d315f5aa1c66ad','10731e501dfa44778a87884279e1f656',520123,'2014-01-01','2014-10-28 18:05:27','他他他','j15_1','5f97c891038e4d3f9917b749bd3cd8a0',2),('fef0e0b25f4c4489b51296bd0ca95e07','109a6c2bdd15401dba6ff8a5b413bccb',520123,'2014-01-01','2014-10-17 18:13:58','gggg','5f97c891038e4d3f9917b749bd3cd8a0','ae4b45e36d0e41f8bfd7fb8751f999e7',NULL);
/*!40000 ALTER TABLE `app_data_check` ENABLE KEYS */;
UNLOCK TABLES;

--
-- Table structure for table `app_financial_info`
--

DROP TABLE IF EXISTS `app_financial_info`;
/*!40101 SET @saved_cs_client     = @@character_set_client */;
/*!40101 SET character_set_client = utf8 */;
CREATE TABLE `app_financial_info` (
  `id` varchar(45) NOT NULL COMMENT '主键标识',
  `name` varchar(50) NOT NULL COMMENT '金融机构名称',
  `province` int(10) NOT NULL COMMENT '区域-省',
  `city` int(10) NOT NULL COMMENT '区域-市',
  `area` int(10) NOT NULL COMMENT '区域-县',
  `uniCode` varchar(20) NOT NULL COMMENT '组织机构代码',
  `contact` varchar(20) default NULL COMMENT '联系人',
  `phone` varchar(20) default NULL COMMENT '电话',
  `address` varchar(100) default NULL COMMENT '地址',
  `orgId` varchar(45) default NULL,
  PRIMARY KEY  (`id`),
  UNIQUE KEY `financial_base_info_ix1` (`id`),
  UNIQUE KEY `uniCode` (`uniCode`)
) ENGINE=InnoDB DEFAULT CHARSET=utf8;
/*!40101 SET character_set_client = @saved_cs_client */;

--
-- Dumping data for table `app_financial_info`
--

LOCK TABLES `app_financial_info` WRITE;
/*!40000 ALTER TABLE `app_financial_info` DISABLE KEYS */;
INSERT INTO `app_financial_info` VALUES ('0bddaf54f4ad4052bc91c526d4fc3bce','农行',520000,520100,520123,'333','333','333','333','82a43bb85f8c45df8e1d4ab064360baa'),('1c184c5b6fc24d9396c59543cafe0da7','碧江区建行',520000,522200,522201,'459','456','456','123','9e9ee59a26a4442d841895a3639bc295'),('301f2d3164cf45c0aa6760e801336929','碧江区工行',520000,522200,522201,'11111111','4556','456789','7897987','06b3405399c64cf6823a712c52971acd'),('7f87a96157e343c8a82f411c79af5109','建行',520000,520100,520123,'222','333','222','333','014d9b3b353f4c2ea8afe0acb90e759c'),('aa5eb028cbfb41d0900a933b71b0af0b','工行玉屏县支行',520000,522200,522223,'4567891','7798797979','7777788888','15465465464','37818a103f094717a01f025362bce8b3'),('d55969340fc4415090b5c259918d70ca','工行',520000,520100,520123,'111','111','11','1111','ae4b45e36d0e41f8bfd7fb8751f999e7'),('ffe68e7fcadf4a29bd62aa4b4ace0c21','玉平县招行',520000,522200,522223,'323213',NULL,NULL,NULL,'756b3c6bfbf84a9b9d365d26b1bb0327');
/*!40000 ALTER TABLE `app_financial_info` ENABLE KEYS */;
UNLOCK TABLES;

--
-- Table structure for table `app_pbc_financial`
--

DROP TABLE IF EXISTS `app_pbc_financial`;
/*!40101 SET @saved_cs_client     = @@character_set_client */;
/*!40101 SET character_set_client = utf8 */;
CREATE TABLE `app_pbc_financial` (
  `orgId` varchar(45) NOT NULL default '',
  `financialId` varchar(45) NOT NULL default '',
  PRIMARY KEY  (`orgId`,`financialId`)
) ENGINE=InnoDB DEFAULT CHARSET=utf8;
/*!40101 SET character_set_client = @saved_cs_client */;

--
-- Dumping data for table `app_pbc_financial`
--

LOCK TABLES `app_pbc_financial` WRITE;
/*!40000 ALTER TABLE `app_pbc_financial` DISABLE KEYS */;
INSERT INTO `app_pbc_financial` VALUES ('5f97c891038e4d3f9917b749bd3cd8a0','0bddaf54f4ad4052bc91c526d4fc3bce'),('5f97c891038e4d3f9917b749bd3cd8a0','27f4ae001edf4066af4df8f7807c07b1'),('5f97c891038e4d3f9917b749bd3cd8a0','3e0820124fef41b2bbe4bb1154abf31f'),('5f97c891038e4d3f9917b749bd3cd8a0','703737ed73f34a6082d256913ea3a70f'),('5f97c891038e4d3f9917b749bd3cd8a0','7f87a96157e343c8a82f411c79af5109'),('5f97c891038e4d3f9917b749bd3cd8a0','c56116eb74254f6cae0beb871ecdbb78'),('5f97c891038e4d3f9917b749bd3cd8a0','d55969340fc4415090b5c259918d70ca'),('5f97c891038e4d3f9917b749bd3cd8a0','e11b66bf10fa4b7a91228bd6378740e0'),('5f97c891038e4d3f9917b749bd3cd8a0','fec7f9a954874e63b26d6252436dbd80'),('6ea6bda5690f479094e822338ce998b1','aa5eb028cbfb41d0900a933b71b0af0b'),('fb6f785b7f574255b33f1afec44e4293','1c184c5b6fc24d9396c59543cafe0da7'),('fb6f785b7f574255b33f1afec44e4293','301f2d3164cf45c0aa6760e801336929'),('fb6f785b7f574255b33f1afec44e4293','abb1fc22c201441ab02964da3cb267a2'),('j19_1','a951d88eecc0473689d6167d33ed9444');
/*!40000 ALTER TABLE `app_pbc_financial` ENABLE KEYS */;
UNLOCK TABLES;

--
-- Table structure for table `app_pbc_info`
--

DROP TABLE IF EXISTS `app_pbc_info`;
/*!40101 SET @saved_cs_client     = @@character_set_client */;
/*!40101 SET character_set_client = utf8 */;
CREATE TABLE `app_pbc_info` (
  `id` varchar(45) NOT NULL COMMENT '主键标识',
  `province` int(10) default NULL COMMENT '区域-省',
  `city` int(10) default NULL COMMENT '区域-市',
  `area` int(10) default NULL COMMENT '区域-县',
  `contact` varchar(20) default NULL COMMENT '联系人',
  `phone` varchar(20) default NULL COMMENT '电话',
  `address` varchar(100) default NULL COMMENT '地址',
  `orgId` varchar(45) default NULL,
  PRIMARY KEY  (`id`),
  UNIQUE KEY `financial_base_info_ix1` (`id`)
) ENGINE=InnoDB DEFAULT CHARSET=utf8;
/*!40101 SET character_set_client = @saved_cs_client */;

--
-- Dumping data for table `app_pbc_info`
--

LOCK TABLES `app_pbc_info` WRITE;
/*!40000 ALTER TABLE `app_pbc_info` DISABLE KEYS */;
INSERT INTO `app_pbc_info` VALUES ('17bb7f6bb04541b2b38a007e514fb93d',520000,520100,520181,NULL,NULL,NULL,'j7_1'),('235e46e302c6437e849f64642df96475',520000,520100,520181,NULL,NULL,NULL,'b16a935dda544d2b9b446535053172a7'),('2942339315a84177b22b25f80fd43c87',520000,522200,522223,NULL,NULL,NULL,'j3_1'),('2de2ccd6c5674889a2ce6c9ed895d97d',520000,520100,NULL,NULL,NULL,NULL,'j15_1'),('51d2732c96de46319734aaa641e6d6a4',520000,520300,NULL,NULL,NULL,NULL,'j19_1'),('5b348915fde64335b79497140fe87858',210000,210400,210411,NULL,NULL,NULL,'b28c8f79985a4b579775c668cf0459cd'),('629f99c330e745e0a720b3e312409ce8',520000,522200,NULL,NULL,NULL,NULL,'j19_3'),('685b8c56a8084018b459ee1f58b3c463',NULL,NULL,NULL,NULL,NULL,NULL,'j19_3'),('69fdb44987c045e0b79ff9041ab1b58b',520000,522200,522201,'pbc_tr_gh','1234567','789745613','26258a6354ca479ba71f92fae207854a'),('6b1a03f455cb4e159d52db95482f2078',520000,522400,522422,'333','33','33','62f7d9df706649abbc8b67f8859f12cc'),('8aa278432bdd4dbaa043214105c9e339',520000,520100,520121,NULL,NULL,NULL,'dc39c78cc6164f88ac49ef18e2693225'),('8c4eb71df36e4174873079c1d4e2c630',520000,520100,520181,NULL,NULL,NULL,'j7_1'),('92317e56240b45ba8908b80d38d9d17a',520000,522200,522229,'东方','发的','大','4e98536d897e4af3b1843ad3dbfa1df2'),('941af9e0faef4554878b62b627f9c832',520000,522200,522201,'pbc_tr_gh','1234567','78945612','c72aa1ef1d8b4382b076ec44af33a824'),('a6cc5fd261434913adc85574872f4342',520000,522200,522222,'123','456','465','09960065851843f2bd0587677aa1eda4'),('aa3db5a97dcb425da4bc2b1cc99d9314',520000,522200,522222,'456','45646','45','f6e95acdfee54124a9e34aec35123cee'),('ac4cf0d77f074cf78b907ca380eb3b23',520000,522400,NULL,NULL,NULL,NULL,'j19_2'),('c80fad0998534ee4b72368eee273f39f',520000,520100,520111,NULL,NULL,NULL,'53942c926dfb4b54a7bbf3c6c30c5101'),('cea6c11c68954b4196852b42e87171a6',520000,520300,NULL,NULL,NULL,NULL,'j19_1'),('d80e6c448ea845bd8beb994cad2f01f0',520000,520100,520123,NULL,NULL,NULL,'5f97c891038e4d3f9917b749bd3cd8a0'),('d8b4d1970b4e4655837860810807c2ae',140000,140300,140311,NULL,NULL,NULL,'6d937d7175bb4462bcf138508d26aade'),('dfb5bae02180434982d6a50d9186ef08',520000,522200,522223,NULL,NULL,NULL,'6ea6bda5690f479094e822338ce998b1'),('e21510f1ae7f4a66a081fa59ad7b802c',520000,520100,520111,NULL,NULL,NULL,'81788f0975ef43778e623ab150c5f24f'),('e93f1993b2cd404aba53603cebe0a1e3',520000,520100,520111,NULL,NULL,NULL,'5bbb26429f9e459ba26ec0adf425ba8a'),('eb5ddb68d1eb4ae580006da777b31b5b',520000,522200,522201,NULL,NULL,NULL,'fb6f785b7f574255b33f1afec44e4293'),('edf693937d5e4c3c9a1d834427b992c0',520000,520100,520111,NULL,NULL,NULL,'815e831c668a4962a27711fcc9c090aa'),('f1e2c181d957451d88c97960d0791c4a',520000,520100,520122,NULL,NULL,NULL,'3d8b7616ce6f431f9d343188438a36ce'),('f1eda1fb0a394d24b3fe85997ee57703',520000,NULL,NULL,NULL,NULL,NULL,'33eb6c827be848deb9d52df4b72445d2'),('f7b24548b47f4c70b0bc32f52e15536c',NULL,NULL,NULL,NULL,NULL,NULL,'j10_1'),('fb3c1bf3ba294629994d9760ed6168d6',NULL,NULL,NULL,NULL,NULL,NULL,'j3_1');
/*!40000 ALTER TABLE `app_pbc_info` ENABLE KEYS */;
UNLOCK TABLES;

--
-- Table structure for table `app_user`
--

DROP TABLE IF EXISTS `app_user`;
/*!40101 SET @saved_cs_client     = @@character_set_client */;
/*!40101 SET character_set_client = utf8 */;
CREATE TABLE `app_user` (
  `id` varchar(32) NOT NULL COMMENT '主键标识',
  `name` varchar(50) default NULL COMMENT '姓名',
  `gender` varchar(1) NOT NULL default '1' COMMENT '性别 0:女1:男',
  `duty` varchar(32) default NULL COMMENT '职务',
  `mobilePhone` varchar(20) default NULL COMMENT '手机',
  `officePhone` varchar(20) default NULL COMMENT '办公电话',
  `userId` varchar(45) default NULL COMMENT '用户表标识',
  PRIMARY KEY  (`id`),
  KEY `FK_UserInfo_User` (`userId`)
) ENGINE=InnoDB DEFAULT CHARSET=utf8 COMMENT='用户信息';
/*!40101 SET character_set_client = @saved_cs_client */;

--
-- Dumping data for table `app_user`
--

LOCK TABLES `app_user` WRITE;
/*!40000 ALTER TABLE `app_user` DISABLE KEYS */;
INSERT INTO `app_user` VALUES ('00d8579d80164bfcbbdebb2d47103ca0','pbc_tr_ypx_gh','1',NULL,NULL,NULL,'0dfc304c26d34ff2acbda7051207ab57'),('01440125b94846cabf7b419f70a93aaa','pbc_tr_jkx','1',NULL,NULL,NULL,'2dc9b8d6555f4eebba664e871a1c4e9d'),('1f584b4b53004ca7ade61b6a86853eb2','pbc_tr_bjq_gh','1',NULL,NULL,NULL,'af7037a134554af98fe3f5a27a206b37'),('4524716caab94b3ba8ce28fb4af6e594','1111','1',NULL,NULL,NULL,'cb46e7ad20e14c9ab7c8bdf1036a9f4d'),('5ea403e8f3c74a8181f9b85ae8bf126a','222','1',NULL,NULL,NULL,'da3c28e8a38b4cc4be4f4ca1fd72d1fc'),('a6de3c220dd54fd9a05544e1e2466bc9','pbc_tr_stx','1',NULL,NULL,NULL,'cf042dffc1fd4a9d8ffc147ecdd593eb'),('b555a5f8682d436f87487d458759c1f5','pbc_tr_ypx','1',NULL,NULL,NULL,'7567e41e02394cc19994d5ee622ad44d'),('c0c7bb53606e417899344fbad279c2aa','pbc_tr_jkx','1',NULL,NULL,NULL,'308fed3cc06142c49710813715daec3d'),('c2e2fcadf26642e8b481f3947e3b98c8','jh1','1',NULL,NULL,NULL,'e577e623b882475993919fecb6c802e4'),('d3962e6af7734ecd9e566061a878c9fe','pbc_tr_ypx','1',NULL,NULL,NULL,'8a1cc69770b24ffaba4afc01e265f217'),('df1ff5ff0bad43f5bbaf4bb24024f1a7','gh1','1',NULL,NULL,NULL,'7352a70c479d4622b3e1d2c6cfcb1387'),('ef6eb0328a3b484c9f3667387369d171','11111','1',NULL,NULL,NULL,'69c65d9c53d5407eb22fab5566754b96'),('fb52e5174a494f20aa9f83ca252cfe64','pbc_tr_bjq_jh','1',NULL,NULL,NULL,'f162d6d43f29452791c190696033be5b'),('fe415e7022da42328e064c5c24264c81','nh2','1',NULL,NULL,NULL,'a308ce15755e4f0d8e16a6ca7c2d5aef');
/*!40000 ALTER TABLE `app_user` ENABLE KEYS */;
UNLOCK TABLES;

--
-- Table structure for table `def_authrule`
--

DROP TABLE IF EXISTS `def_authrule`;
/*!40101 SET @saved_cs_client     = @@character_set_client */;
/*!40101 SET character_set_client = utf8 */;
CREATE TABLE `def_authrule` (
  `authRuleId` varchar(45) NOT NULL default '0' COMMENT '权限规则ID',
  `regionAuthRule` varchar(255) default NULL COMMENT '辖区权限',
  `orgTypeAuthRule` varchar(255) default NULL COMMENT '机构类别权限',
  `orgAuthRule` varchar(255) default NULL COMMENT '单个机构权限',
  PRIMARY KEY  (`authRuleId`)
) ENGINE=InnoDB DEFAULT CHARSET=utf8 COMMENT='权限规则定义表';
/*!40101 SET character_set_client = @saved_cs_client */;

--
-- Dumping data for table `def_authrule`
--

LOCK TABLES `def_authrule` WRITE;
/*!40000 ALTER TABLE `def_authrule` DISABLE KEYS */;
/*!40000 ALTER TABLE `def_authrule` ENABLE KEYS */;
UNLOCK TABLES;

--
-- Table structure for table `def_cat`
--

DROP TABLE IF EXISTS `def_cat`;
/*!40101 SET @saved_cs_client     = @@character_set_client */;
/*!40101 SET character_set_client = utf8 */;
CREATE TABLE `def_cat` (
  `dcatId` varchar(45) NOT NULL COMMENT '环境测评类别定义ID',
  `dcatName` varchar(100) default NULL COMMENT '环境测评类别名称',
  `dcatExpireMark` tinyint(2) NOT NULL default '0' COMMENT '环境测评类别定义过期标志位',
  `dcatDelMark` tinyint(2) default '0' COMMENT '环境测评类别定义删除标志',
  `dcatScore` double(10,3) default NULL COMMENT '环境测评类别定义分值',
  `dcatWeight` float(10,0) default NULL COMMENT '环境测评类别定义权重',
  `dcatAuthRuleId` varchar(45) default NULL COMMENT '类别定义权限规则ID (可以放置region，目前为空)',
  `dcatCalRuleId` int(45) default NULL COMMENT '计算规则ID',
  `dcatRemark` varchar(100) default NULL COMMENT '环境测评类别说明',
  `create_time` datetime default NULL COMMENT '环境测评类别定义时间',
  `update_time` datetime default NULL COMMENT '环境测评类别定义修改时间',
  `update_by` varchar(45) default NULL,
  `create_by` varchar(45) default '',
  `dcatSquence` int(11) NOT NULL default '0' COMMENT '顺序',
  PRIMARY KEY  (`dcatId`),
  KEY `fk_def_cat_def_authrule_1` (`dcatAuthRuleId`),
  CONSTRAINT `def_cat_ibfk_1` FOREIGN KEY (`dcatAuthRuleId`) REFERENCES `def_authrule` (`authRuleId`)
) ENGINE=InnoDB DEFAULT CHARSET=utf8 COMMENT='类别定义表';
/*!40101 SET character_set_client = @saved_cs_client */;

--
-- Dumping data for table `def_cat`
--

LOCK TABLES `def_cat` WRITE;
/*!40000 ALTER TABLE `def_cat` DISABLE KEYS */;
INSERT INTO `def_cat` VALUES ('4426833ab9bf4cf2b942183add437b7a','金融外部环境',0,0,35.000,NULL,NULL,NULL,'金融外部环境','2014-09-11 17:33:16','2014-09-21 10:00:54','19820224','19820224',1),('6b2e03a27d6f4d819fecc729a4c06a62','金融服务水平',0,0,30.000,NULL,NULL,NULL,NULL,'2014-10-03 22:03:25','2014-10-03 22:19:37','19820224','19820224',3),('cd9f4ff0203e4bb68c536ea6e6f57698','社会信用环境',0,0,30.000,NULL,NULL,NULL,NULL,'2014-10-03 21:28:13','2014-10-03 22:02:54','19820224','19820224',2),('e0a27e837a4e4940a5c7d09f9da5ce5d','金融生态满意度',0,0,5.000,NULL,NULL,NULL,'金融生态满意度','2014-10-13 11:20:07','2014-10-13 11:20:07','19820224','19820224',4);
/*!40000 ALTER TABLE `def_cat` ENABLE KEYS */;
UNLOCK TABLES;

--
-- Table structure for table `def_class`
--

DROP TABLE IF EXISTS `def_class`;
/*!40101 SET @saved_cs_client     = @@character_set_client */;
/*!40101 SET character_set_client = utf8 */;
CREATE TABLE `def_class` (
  `dclassId` varchar(45) NOT NULL default '0' COMMENT '环境测评项目ID',
  `dclassName` varchar(100) default NULL COMMENT '环境测评项目名称',
  `dclassAuthRuleId` int(11) default NULL COMMENT '环境测评项目权限规则ID',
  `dcatId` varchar(45) default NULL COMMENT '环境测评类别定义ID',
  `dclassExpireMark` tinyint(2) default '0' COMMENT '环境测评项目过期标志位',
  `dclassWeight` float(20,0) default NULL COMMENT '环境测评项目权重',
  `dclassScore` double(10,3) default NULL COMMENT '环境测评项目分值',
  `dclassDelMark` tinyint(2) default '0' COMMENT '环境测评删除标志位',
  `dclassCalRuleId` varchar(45) default NULL COMMENT '环境测评项目计算规则ID',
  `dclassRemark` varchar(100) default NULL COMMENT '环境测评项目说明',
  `create_time` datetime default NULL COMMENT '环境测评类别定义时间',
  `update_time` datetime default NULL COMMENT '环境测评类别定义修改时间',
  `update_by` varchar(45) default NULL,
  `create_by` varchar(45) default '',
  `dclassSquence` int(11) default '0' COMMENT '顺序',
  PRIMARY KEY  (`dclassId`),
  KEY `dclassCalRuleId` (`dclassCalRuleId`),
  CONSTRAINT `def_class_ibfk_1` FOREIGN KEY (`dclassCalRuleId`) REFERENCES `def_formula` (`calRuleId`) ON DELETE CASCADE ON UPDATE CASCADE
) ENGINE=InnoDB DEFAULT CHARSET=utf8 COMMENT='项目定义表';
/*!40101 SET character_set_client = @saved_cs_client */;

--
-- Dumping data for table `def_class`
--

LOCK TABLES `def_class` WRITE;
/*!40000 ALTER TABLE `def_class` DISABLE KEYS */;
INSERT INTO `def_class` VALUES ('07c4461d34db4230b90bc4ae5606e58c','金融信用状况',NULL,'cd9f4ff0203e4bb68c536ea6e6f57698',0,NULL,5.000,0,NULL,NULL,'2014-10-03 21:55:34','2014-10-03 21:55:34','19820224','19820224',4),('0f03416ae4094b018177fef6ba75fcf5','征信市场建设',NULL,'cd9f4ff0203e4bb68c536ea6e6f57698',0,NULL,5.000,0,NULL,NULL,'2014-10-03 21:55:07','2014-10-03 21:55:07','19820224','19820224',3),('55080c3c26574b3c8fefe05575212970','经济环境',NULL,'4426833ab9bf4cf2b942183add437b7a',0,NULL,15.000,0,NULL,'经济环境','2014-09-12 11:15:55','2014-09-21 09:59:17','19820224','19820224',1),('60dcb8ff3e2f4ae0ad3d2f621c113281','农村信用体系建设',NULL,'cd9f4ff0203e4bb68c536ea6e6f57698',0,NULL,10.000,0,NULL,NULL,'2014-10-03 21:54:33','2014-10-03 21:54:33','19820224','19820224',2),('72b364a97f4345d593e9b0950aa57630','行政环境',NULL,'4426833ab9bf4cf2b942183add437b7a',0,NULL,10.000,0,NULL,'行政环境','2014-09-12 11:33:34','2014-09-19 18:33:53','19820224','19820224',2),('9aad88c083014ee48acb3b38abbfa9f2','金融生态满意度问卷调查',NULL,'e0a27e837a4e4940a5c7d09f9da5ce5d',0,NULL,5.000,0,NULL,'金融生态满意度问卷调查','2014-10-13 11:20:38','2014-11-03 10:41:28','19820224','19820224',1),('bd992cca38014af4b7aaf054344272e0','金融基础设施建设',NULL,'6b2e03a27d6f4d819fecc729a4c06a62',0,NULL,15.000,0,NULL,NULL,'2014-10-03 22:06:18','2014-10-03 22:06:18','19820224','19820224',2),('bf902a150a01429da8a6560272a57473','金融支持经济发展',NULL,'6b2e03a27d6f4d819fecc729a4c06a62',0,NULL,15.000,0,NULL,NULL,'2014-10-03 22:03:56','2014-10-03 22:03:56','19820224','19820224',1),('ca0b70aed8a44a6cabb191a7585faa4c','司法环境',NULL,'4426833ab9bf4cf2b942183add437b7a',0,NULL,10.000,0,NULL,'司法环境','2014-09-12 14:21:18','2014-09-19 18:34:37','19820224','19820224',3),('dfdf8b0d3c464994b81a8c7d86cec7be','中小微企业信用体系建设',NULL,'cd9f4ff0203e4bb68c536ea6e6f57698',0,NULL,10.000,0,NULL,NULL,'2014-10-03 21:42:56','2014-10-03 21:43:44','19820224','19820224',1);
/*!40000 ALTER TABLE `def_class` ENABLE KEYS */;
UNLOCK TABLES;

--
-- Table structure for table `def_formula`
--

DROP TABLE IF EXISTS `def_formula`;
/*!40101 SET @saved_cs_client     = @@character_set_client */;
/*!40101 SET character_set_client = utf8 */;
CREATE TABLE `def_formula` (
  `calRuleId` varchar(45) NOT NULL default '0' COMMENT '计算规则ID',
  `calObjectiveId` varchar(45) default NULL COMMENT '计算目标ID',
  `calRule` varchar(500) default NULL COMMENT '计算规则公式',
  `calRuleType` varchar(50) default NULL COMMENT '计算规则目标类别（存储表名）是哪一项的计算规则',
  `calExpireMark` int(2) default '0',
  `create_time` datetime default NULL COMMENT '环境测评类别定义时间',
  `update_time` datetime default NULL COMMENT '环境测评类别定义修改时间',
  `update_by` varchar(45) default NULL,
  `create_by` varchar(45) default '',
  `inidatas` varchar(300) default NULL,
  PRIMARY KEY  (`calRuleId`)
) ENGINE=InnoDB DEFAULT CHARSET=utf8 COMMENT='计算规则定义表';
/*!40101 SET character_set_client = @saved_cs_client */;

--
-- Dumping data for table `def_formula`
--

LOCK TABLES `def_formula` WRITE;
/*!40000 ALTER TABLE `def_formula` DISABLE KEYS */;
INSERT INTO `def_formula` VALUES ('0287a6c349e74250921b973e3a46e823',NULL,'def_inidata.bbc92ef17f7340359687348e60176d0f',NULL,0,'2014-10-20 10:10:15','2014-10-20 10:10:15','19820224','19820224','def_inidata.bbc92ef17f7340359687348e60176d0f'),('038b5b09d2f9423ea1e3555319eb612c',NULL,'def_inidata.761c2ebbdeaa474e96336d7037f9a509',NULL,0,'2014-10-04 16:40:36','2014-10-06 06:46:00','19820224','19820224','def_inidata.761c2ebbdeaa474e96336d7037f9a509'),('089686a771f74956920734bdab35b686',NULL,'def_inidata.ad34972fdd25453e847ff8158ad908a6',NULL,0,NULL,'2014-10-06 06:35:22','19820224','0','def_inidata.ad34972fdd25453e847ff8158ad908a6'),('0f68620ebd5e4a4587086e25926be433',NULL,'def_inidata.43088cde004b4542b0e0a6a4d946db15',NULL,0,NULL,'2014-10-06 21:48:40','19820224','0','def_inidata.43088cde004b4542b0e0a6a4d946db15'),('1126bcaf0221439d93d658ec30c7822f',NULL,'def_inidata.23ffafc7d9954aaaa82a87f3e25273e6/def_inidata.0f692b453ae94f9ca1da22f52519898d',NULL,0,'2014-10-04 16:16:32','2014-10-06 14:00:43','19820224','19820224','def_inidata.23ffafc7d9954aaaa82a87f3e25273e6,def_inidata.0f692b453ae94f9ca1da22f52519898d'),('1f0ec6d37e8b436a8eb84573e73a8aeb',NULL,'def_inidata.8bbeeaa7cb144a2dbe5947f215e38012/def_inidata.a20022888a7a4700ae08b2b08d8e038e',NULL,0,'2014-10-04 16:29:34','2014-10-06 14:35:20','19820224','19820224','def_inidata.8bbeeaa7cb144a2dbe5947f215e38012,def_inidata.a20022888a7a4700ae08b2b08d8e038e'),('2378272cc9764c3b872f988ffcc11d87',NULL,'def_inidata.3753cac048594d1c80d5e732968ffa11/def_inidata.ead30a0c92a1423bbaadf5457ca40b63',NULL,0,'2014-10-06 22:34:13','2014-10-06 22:34:13','19820224','19820224','def_inidata.3753cac048594d1c80d5e732968ffa11,def_inidata.ead30a0c92a1423bbaadf5457ca40b63'),('29fb32cfcf6c44ad9a422a8922ee6aa5',NULL,'def_inidata.7f7de0955426471baaacabb807ed4d50',NULL,0,'2014-10-20 10:10:38','2014-10-20 10:10:38','19820224','19820224','def_inidata.7f7de0955426471baaacabb807ed4d50'),('2f3d505e734548fc83ad7fb3db148d29',NULL,'def_inidata.100af9d8a3d341c9b8f18491bc5cfa2d/def_inidata.9683971b3c3d48bd8502f65f732a3694',NULL,0,'2014-10-04 16:44:43','2014-10-06 14:39:52','19820224','19820224','def_inidata.100af9d8a3d341c9b8f18491bc5cfa2d,def_inidata.9683971b3c3d48bd8502f65f732a3694'),('3116d291cc4c401e862700c9bc081f79',NULL,'def_inidata.05452621b16c484681a65b295cdd7084/def_inidata.ead30a0c92a1423bbaadf5457ca40b63',NULL,0,'2014-10-04 16:31:15','2014-10-06 14:37:07','19820224','19820224','def_inidata.05452621b16c484681a65b295cdd7084,def_inidata.ead30a0c92a1423bbaadf5457ca40b63'),('3223e72a5ce046eba8ddab296b57a07f',NULL,'def_inidata.6cee2cacfb574a29818045930bd4c96d+def_inidata.8b49b99b09b64217956215f59312db9f+def_inidata.77cb23dae5204dfe9fd377cfac713aac',NULL,0,'2014-10-04 16:41:57','2014-11-05 00:21:06','19820224','19820224','def_inidata.6cee2cacfb574a29818045930bd4c96d,def_inidata.8b49b99b09b64217956215f59312db9f,def_inidata.77cb23dae5204dfe9fd377cfac713aac'),('343ac33a2e6140dfb859bd2d305bf01d',NULL,'def_inidata.dc47a569e281421e9500ac993db5a986',NULL,0,'2014-10-04 16:41:45','2014-10-06 06:46:30','19820224','19820224','def_inidata.dc47a569e281421e9500ac993db5a986'),('36635aac4fc44fbfa6ddee663e582365',NULL,'((def_inidata.ddacf950672b4981af623a1f9a45c655-def_inidata.9caf84f4245043bea932c4fdae11e1c7)-(def_inidata.cbf7e38f74934139b1a0c145cb835580-def_inidata.459822fba6e74a209acb3f89176423f0))/(def_inidata.cbf7e38f74934139b1a0c145cb835580-def_inidata.459822fba6e74a209acb3f89176423f0)',NULL,0,'2014-09-25 12:49:45','2014-10-06 06:41:23','19820224','19820224','def_inidata.ddacf950672b4981af623a1f9a45c655,def_inidata.9caf84f4245043bea932c4fdae11e1c7,def_inidata.cbf7e38f74934139b1a0c145cb835580,def_inidata.459822fba6e74a209acb3f89176423f0,def_inidata.cbf7e38f74934139b1a0c145cb835580,def_inidata.459822fba6e74a209acb3f89176423f0'),('4863dc02a9c84b7b96475e4ea9d55d55',NULL,'def_inidata.7806a95d0ce24a33828419903e048e8d/def_inidata.1e2072cf8bd7489e8ff33444aa72ac3e',NULL,0,'2014-10-06 22:35:34','2014-10-06 22:35:34','19820224','19820224','def_inidata.7806a95d0ce24a33828419903e048e8d,def_inidata.1e2072cf8bd7489e8ff33444aa72ac3e'),('52a9055437aa457aa2ddf87b2e2f960f',NULL,'def_kpi.5acb1d33ece047db9de796c21fc3709d+def_kpi.bf70cff4e830441caa1c4310b44417fe',NULL,0,'2014-10-04 17:15:49','2014-10-06 22:39:14','19820224','19820224','def_kpi.5acb1d33ece047db9de796c21fc3709d,def_kpi.bf70cff4e830441caa1c4310b44417fe'),('538458af7c5e4349b80debb9af221468',NULL,'def_inidata.1c1a10502d8247ac8e4d44e7b5c8fe73',NULL,0,'2014-10-04 15:42:50','2014-10-06 06:36:04','19820224','19820224','def_inidata.1c1a10502d8247ac8e4d44e7b5c8fe73'),('58789cb18e0a4813ade0ec573b831aa1',NULL,'def_inidata.403545f0857345c89e5ed0e7ae99ff05/(def_inidata.403545f0857345c89e5ed0e7ae99ff05+def_inidata.b32ec90f7667403eabe9de2e73bd8669)',NULL,0,'2014-10-04 16:28:25','2014-10-06 14:24:47','19820224','19820224','def_inidata.403545f0857345c89e5ed0e7ae99ff05,def_inidata.403545f0857345c89e5ed0e7ae99ff05,def_inidata.b32ec90f7667403eabe9de2e73bd8669'),('5b08636b646a4a8b9f85058e1ceeef40',NULL,'def_kpi.192fd17dbe154da5ae65f0f372fde8ef+def_kpi.aadf9de7e6b044c1b44411b05dadd62c+def_kpi.3e7e58bffa3e4a7ea3fdd5bcbb74ee96+def_kpi.35a5c99679594f3fb8314b70412bb118',NULL,0,'2014-10-04 17:15:26','2014-10-20 10:13:20','19820224','19820224','def_kpi.192fd17dbe154da5ae65f0f372fde8ef,def_kpi.aadf9de7e6b044c1b44411b05dadd62c,def_kpi.3e7e58bffa3e4a7ea3fdd5bcbb74ee96,def_kpi.35a5c99679594f3fb8314b70412bb118'),('5fe5827cda0241f4b24cc629742ba99e',NULL,'def_inidata.f0d1fc8690ff426db9689b34cd5e224b',NULL,0,'2014-10-04 16:32:32','2014-10-06 06:44:56','19820224','19820224','def_inidata.f0d1fc8690ff426db9689b34cd5e224b'),('64ce5763ac4f44cb8c3756097772055e',NULL,'def_inidata.409d919b65504b8690e36a160c91fcd2',NULL,0,'2014-10-04 17:17:18','2014-10-06 06:47:22','19820224','19820224','def_inidata.409d919b65504b8690e36a160c91fcd2'),('6914215e904a41cebfdaef4b8b1c3284',NULL,'def_inidata.cbf7e38f74934139b1a0c145cb835580-def_inidata.fabb46d44e19404e9c8a4bc5d9607929',NULL,0,'2014-09-22 18:33:13','2014-10-06 08:41:20','19820224','19820224','def_inidata.cbf7e38f74934139b1a0c145cb835580,def_inidata.fabb46d44e19404e9c8a4bc5d9607929'),('70f0cb0f9c8640548b5d940cff602260',NULL,'def_inidata.8a0ab1345d7b40dc823da17bc16e2dc4/def_inidata.70218a5297a44b1295d54dfbac0e1286',NULL,0,'2014-10-04 16:30:50','2014-10-06 21:24:34','19820224','19820224','def_inidata.8a0ab1345d7b40dc823da17bc16e2dc4,def_inidata.70218a5297a44b1295d54dfbac0e1286'),('78c0f1c5c60944068e770906efde3e51',NULL,'def_inidata.f7dc926243524926bb950a965de13370',NULL,0,'2014-10-04 16:38:46','2014-10-06 14:38:31','19820224','19820224','def_inidata.f7dc926243524926bb950a965de13370'),('7dae65bc92a940a4a05542ab0c7bcf3a',NULL,'def_inidata.a7e0ea7315394ef2bff4885a9aeed6b7/def_inidata.bee8a23762ab426c9c4894df9b500016',NULL,0,'2014-10-04 16:31:43','2014-10-06 14:37:40','19820224','19820224','def_inidata.a7e0ea7315394ef2bff4885a9aeed6b7,def_inidata.bee8a23762ab426c9c4894df9b500016'),('8094af75ddf145f9804fb2313ed420cd',NULL,'def_inidata.9096e0dc877044e68be70415eeec6a78/def_inidata.a20022888a7a4700ae08b2b08d8e038e',NULL,0,'2014-10-04 16:30:08','2014-10-06 14:35:45','19820224','19820224','def_inidata.9096e0dc877044e68be70415eeec6a78,def_inidata.a20022888a7a4700ae08b2b08d8e038e'),('932b50003d414ad5b93ed975a57c10a6',NULL,'def_inidata.e27089d996334c7689261333788ebbaa/def_inidata.403545f0857345c89e5ed0e7ae99ff05',NULL,0,'2014-10-04 16:28:57','2014-10-06 14:34:49','19820224','19820224','def_inidata.e27089d996334c7689261333788ebbaa,def_inidata.403545f0857345c89e5ed0e7ae99ff05'),('93a3ee2472644f31b3a695527f0e8216',NULL,'def_inidata.15b4da99e1274ab589663d2b80fb918b',NULL,0,'2014-10-04 16:39:59','2014-10-06 06:45:42','19820224','19820224','def_inidata.15b4da99e1274ab589663d2b80fb918b'),('95f29c3d5f9a438982691ae1680712e3',NULL,'def_inidata.869ca8d6cf98468094064cea6c73d6eb',NULL,0,NULL,'2014-10-06 06:36:20','19820224','0','def_inidata.869ca8d6cf98468094064cea6c73d6eb'),('96d1d568c7d741e28fdad4b99ff2b6ad',NULL,'def_inidata.c2857ce807bd4586879d65f67b100fb1/def_inidata.70e2743d94bf44938ac6823046ef3096',NULL,0,'2014-10-04 16:32:10','2014-10-06 14:38:06','19820224','19820224','def_inidata.c2857ce807bd4586879d65f67b100fb1,def_inidata.70e2743d94bf44938ac6823046ef3096'),('a307288db0b64a41be3558997ae8f2fe',NULL,'(def_inidata.1e2072cf8bd7489e8ff33444aa72ac3e/def_inidata.bee8a23762ab426c9c4894df9b500016)*1000',NULL,0,'2014-09-22 18:33:35','2014-10-06 06:42:38','19820224','19820224','def_inidata.1e2072cf8bd7489e8ff33444aa72ac3e,def_inidata.bee8a23762ab426c9c4894df9b500016'),('b2424940fe824bc4905d4816b4938dfa',NULL,'def_inidata.d17a68ec0fca4df29138723770e64bc9',NULL,0,'2014-10-06 06:45:25','2014-10-06 06:45:25','19820224','19820224','def_inidata.d17a68ec0fca4df29138723770e64bc9'),('b346e1e650a54d08bbb6f2cf02858de7',NULL,'def_inidata.e32c2eaa365a403da7781eeae68afee2/def_inidata.019d19279b224fa4b0f8f7d25ed9a461',NULL,0,'2014-10-06 14:39:13','2014-10-06 14:39:13','19820224','19820224','def_inidata.e32c2eaa365a403da7781eeae68afee2,def_inidata.019d19279b224fa4b0f8f7d25ed9a461'),('c2fb1a9fdf4c4f5eb402a3d28cfe0daa',NULL,'def_inidata.a50d6135aef64f81a3b4d8d4d1193d53/def_inidata.dd1f79d346844f8eaa10f8adea6a28f3',NULL,0,'2014-10-04 16:15:00','2014-10-31 15:20:24','19820224','19820224','def_inidata.a50d6135aef64f81a3b4d8d4d1193d53,def_inidata.dd1f79d346844f8eaa10f8adea6a28f3'),('dc2eeb0d4cdf4767b3a9f27e278bd151',NULL,'def_inidata.58f8fdb5810847d3995b54db39fd86d9',NULL,0,'2014-10-20 10:10:52','2014-10-20 10:10:52','19820224','19820224','def_inidata.58f8fdb5810847d3995b54db39fd86d9'),('e0722e57e5de4b65b0abf2a26545a081',NULL,'def_inidata.838d218f7ab64231ba9cbb8426b4fa61/def_inidata.3fe99c9746d04036b22683ba5e68e72e',NULL,0,'2014-10-04 16:23:57','2014-10-06 14:02:05','19820224','19820224','def_inidata.838d218f7ab64231ba9cbb8426b4fa61,def_inidata.3fe99c9746d04036b22683ba5e68e72e'),('ec1b8845a15940a09b08410a5c6e7078',NULL,'def_inidata.f634edcd9dd9433bb5c39b82923977b5',NULL,0,'2014-09-22 18:32:51','2014-10-06 06:36:37','19820224','19820224','def_inidata.f634edcd9dd9433bb5c39b82923977b5'),('f7e92872a1b74aa5b9715013193b7a75',NULL,'def_inidata.d80599bddcfa40ee9c24a0849e297f5f',NULL,0,'2014-10-20 10:11:01','2014-10-20 10:11:01','19820224','19820224','def_inidata.d80599bddcfa40ee9c24a0849e297f5f'),('f8292d9cba9b47b2b607f4e074a4aaaa',NULL,'def_inidata.a4bd70f9b1eb4484a6b3bec1b0033af8/def_inidata.a9ed3c408e7145328b2fda8ddc20b0b7',NULL,0,'2014-10-04 16:16:12','2014-10-06 14:00:17','19820224','19820224','def_inidata.a4bd70f9b1eb4484a6b3bec1b0033af8,def_inidata.a9ed3c408e7145328b2fda8ddc20b0b7');
/*!40000 ALTER TABLE `def_formula` ENABLE KEYS */;
UNLOCK TABLES;

--
-- Table structure for table `def_inidata`
--

DROP TABLE IF EXISTS `def_inidata`;
/*!40101 SET @saved_cs_client     = @@character_set_client */;
/*!40101 SET character_set_client = utf8 */;
CREATE TABLE `def_inidata` (
  `dkpiId` varchar(45) default NULL COMMENT '环境测评指标定义ID',
  `diniDataCalRuleId` varchar(45) default NULL COMMENT '计算规则ID',
  `diniDataId` varchar(45) NOT NULL default '0' COMMENT '环境测评源数据项定义ID',
  `diniDataAuthRuleId` varchar(45) default NULL COMMENT '权限规则ID',
  `diniDataName` varchar(100) default NULL COMMENT '源数据项名称',
  `submitOrgRole` varchar(45) default NULL COMMENT '申报机构角色标识',
  `diniDataExpireMark` tinyint(2) default '0' COMMENT '源数据项过期标志位',
  `isStaticMark` tinyint(2) default '0' COMMENT '源数据项是否为统计项',
  `diniDataDelMark` tinyint(2) default '0' COMMENT '源数据项删除标志位',
  `diniDataType` varchar(10) default NULL COMMENT '原数据类型',
  `diniDataRemark` varchar(250) default NULL COMMENT '环境测评源数据项定义说明',
  `create_time` datetime default NULL COMMENT '环境测评类别定义时间',
  `update_time` datetime default NULL COMMENT '环境测评类别定义修改时间',
  `update_by` varchar(45) default NULL,
  `create_by` varchar(45) default '',
  `diniDataLabel` varchar(45) NOT NULL COMMENT '显示名称',
  `diniDataRequired` tinyint(2) default NULL COMMENT '是否必须',
  `diniDataMaxLength` int(5) default NULL,
  `diniDataMinLength` int(5) default NULL,
  `diniDataUnit` varchar(45) default '1' COMMENT '输入单位',
  `diniDataMinValue` double(10,3) default NULL,
  `diniDataMaxValue` double(10,3) default NULL,
  `diniFractionDigits` int(11) default '2' COMMENT '小数点位数',
  PRIMARY KEY  (`diniDataId`),
  KEY `fk_def_inidata_def_kpi_1` (`dkpiId`),
  KEY `fk_def_inidata_def_formula_1` (`diniDataCalRuleId`),
  KEY `fk_def_inidata_def_authrule_1` (`diniDataAuthRuleId`),
  CONSTRAINT `def_inidata_ibfk_1` FOREIGN KEY (`diniDataAuthRuleId`) REFERENCES `def_authrule` (`authRuleId`),
  CONSTRAINT `def_inidata_ibfk_2` FOREIGN KEY (`diniDataCalRuleId`) REFERENCES `def_formula` (`calRuleId`),
  CONSTRAINT `def_inidata_ibfk_3` FOREIGN KEY (`dkpiId`) REFERENCES `def_kpi` (`dkpiId`)
) ENGINE=InnoDB DEFAULT CHARSET=utf8 COMMENT='指标计算源数据项定义表';
/*!40101 SET character_set_client = @saved_cs_client */;

--
-- Dumping data for table `def_inidata`
--

LOCK TABLES `def_inidata` WRITE;
/*!40000 ALTER TABLE `def_inidata` DISABLE KEYS */;
INSERT INTO `def_inidata` VALUES (NULL,NULL,'019d19279b224fa4b0f8f7d25ed9a461',NULL,'total_inspected_region_legalPerson_gross_add_loans','j9_12',0,0,0,'2','县域内各金融机构当年新增贷款总额','2014-10-04 12:56:08','2014-11-04 22:03:59','19820224','19820224','27-2 被考核地方法人的新增贷款总额',1,NULL,NULL,'2',NULL,NULL,2),(NULL,NULL,'05452621b16c484681a65b295cdd7084',NULL,'creditable_counties','j4_6',0,0,0,'2','\"截至当年被金融机构评定为信用乡（镇）的个数\r\n（仅农村信用联社填报）\"','2014-10-04 12:13:54','2014-11-04 15:02:31','19820224','19820224','18-1 被评定为信用乡（镇）的个数',1,NULL,NULL,'3',NULL,NULL,0),(NULL,NULL,'0f692b453ae94f9ca1da22f52519898d',NULL,'officers_loans','j4_6',0,0,0,'2','截止某一时间点，当地机关单位公职人员向金融机构贷款的总额','2014-10-04 11:56:02','2014-11-04 11:39:43','19820224','19820224','11-2 公职人员金融机构贷款余额',1,NULL,NULL,'2',NULL,NULL,2),(NULL,NULL,'100af9d8a3d341c9b8f18491bc5cfa2d',NULL,'CNY_outstanding_deposit','j9_12',0,0,0,'2','住户、财政部门以及保险公司在银行业金融机构的活期存款、定期存款、保证金存款、临时性存款等各类存款尚未支取的部分','2014-10-04 12:57:04','2014-11-04 22:04:19','19820224','19820224','29-1 人民币各项存款余额',1,12,3,'2',NULL,NULL,4),(NULL,NULL,'15b4da99e1274ab589663d2b80fb918b',NULL,'CNY_outstanding_loan_balance_growth_rate','j9_12',0,0,0,'5','指当年银行业金融机构向非金融企业、个人、机关团体、境外单位以贷款、票据贴现、垫款、押汇、福费廷等方式提供的人民币融资总额尚未偿还的部分与上年相比','2014-10-04 12:51:25','2014-11-04 22:02:28','19820224','19820224','24-1 人民币各项贷款余额增长速度',1,NULL,NULL,'6',-100.000,100.000,2),(NULL,NULL,'1c1a10502d8247ac8e4d44e7b5c8fe73',NULL,'public_finance_budget_revenue_growth_rate','j8_8',0,0,0,'5','当年政府纳入财政预算的财政收入比上年纳入财政预算的财政收入增长状况','2014-10-04 12:17:19','2014-11-04 23:40:59','19820224','19820224','3-1 公共财政预算收入增长速度',1,NULL,NULL,'6',-100.000,100.000,2),(NULL,NULL,'1e2072cf8bd7489e8ff33444aa72ac3e',NULL,'total_market_entities','j9_16',0,0,0,'2','市场主体总数','2014-09-25 12:57:57','2014-11-04 15:30:09','19820224','19820224','8-1 市场主体总数',1,NULL,0,'3',NULL,NULL,0),(NULL,NULL,'23ffafc7d9954aaaa82a87f3e25273e6',NULL,'officers_outstanding_loan_balance','j4_6',0,0,0,'2','截止某一时间点，当地机关单位公职人员久欠不还金融机构的贷款总额','2014-10-04 11:54:02','2014-11-04 11:39:01','19820224','19820224','11-1 公职人员拖欠金融机构贷款余额',1,NULL,NULL,'2',NULL,NULL,2),(NULL,NULL,'3753cac048594d1c80d5e732968ffa11',NULL,'ATM_counties','j9_12',0,0,0,'2','当地布放了ATM存取款一体机的乡镇数量','2014-10-04 12:58:59','2014-11-04 22:14:52','19820224','19820224','31-1 布放了ATM机具的乡镇占比',1,NULL,NULL,'3',NULL,NULL,2),(NULL,NULL,'3fe99c9746d04036b22683ba5e68e72e',NULL,'current_local_public_finance_budget_revenue','j8_8',0,0,0,'2','公共财政预算收入是指政府凭借国家政治权力，以社会管理者身份筹集以税收为主体的财政收入，主要用于保障和改善民生、维持国家行政职能正常运转、保障国家安全等方面','2014-10-04 12:18:28','2014-11-04 23:41:16','19820224','19820224','12-3 公共财政预算收入',1,NULL,NULL,'2',NULL,NULL,2),(NULL,NULL,'403545f0857345c89e5ed0e7ae99ff05',NULL,'execute_financial_claim_winCase_object_amount','j4_6',0,0,0,'2','当年末执结金融债权胜诉案件标的金额','2014-10-04 11:57:07','2014-11-04 14:58:30','19820224','19820224','13-1 执结金融债权胜诉案件标的金额',1,NULL,NULL,'2',NULL,NULL,2),(NULL,NULL,'409d919b65504b8690e36a160c91fcd2',NULL,'enti_counterfeit_money_checking_score','j9_12',0,0,0,'2','从组织建设、制度建设、日常工作等几个方面对各综治委和政府有关部门进行反假货币工作专项考评','2014-10-04 13:00:03','2014-11-04 22:15:21','19820224','19820224','32-1 反假货币综合治理考核分数',1,NULL,NULL,'10',NULL,NULL,2),(NULL,NULL,'43088cde004b4542b0e0a6a4d946db15',NULL,'glp_growth_rate','j8_7',0,0,0,'5','由统计部门按照可比价格计算的当年地区生产总值较上年的增长速度','2014-09-16 11:41:08','2014-11-04 23:43:14','19820224','19820224','1-1 地区生产总值增长速度',1,10,NULL,'6',-100.000,100.000,2),(NULL,NULL,'459822fba6e74a209acb3f89176423f0',NULL,'last_rural_per_capita_net_income','j8_7',0,0,0,'2','上年末农村住户从各个来源得到的总收入相应地扣除所发生的费用后的收入总和','2014-09-22 11:18:56','2014-11-04 23:45:40','19820224','19820224','7-4 上年末农村居民人均纯收入',1,10,3,'1',NULL,NULL,2),(NULL,NULL,'58f8fdb5810847d3995b54db39fd86d9',NULL,'micro_small_medium_businesses_creditInfo_platform','j9_12',0,0,0,'2','是否建立了在中小微企业之间共享信息的数据库平台','2014-10-04 12:30:23','2014-11-04 22:14:05','19820224','19820224','30-3 中小微企业信用信息共享平台建设',1,1,0,'3',0.000,1.000,0),(NULL,NULL,'6cee2cacfb574a29818045930bd4c96d',NULL,'county_financing_institutions_approvedBy_CBRC','j8_9',0,0,0,'2','经银行、证券、保险金融监管机构批准设立的金融机构入驻县域的机构家数。包括：（一）政策性银行、商业银行、农村合作银行、城市信用合作社、农村信用合作社。（二）证券公司、期货公司、基金管理公司。（三）保险公司、保险资产管理公司。（四）信托公司、金融资产管理公司、财务公司、金融租赁公司、汽车金融公司、货币经纪公司.（五）中国人民银行确定并公布的其他金融机构。','2014-10-04 12:29:27','2014-11-05 00:01:19','19820224','19820224','28-1 银监部门审批入驻县域的金融机构总数',1,NULL,NULL,'8',NULL,NULL,0),(NULL,NULL,'70218a5297a44b1295d54dfbac0e1286',NULL,'industrial_park_enterprise_loan_counts','j4_6',0,0,0,'2','产业园区企业在金融机构贷款的总笔数','2014-10-04 12:00:41','2014-11-04 15:01:42','19820224','19820224','17-2 产业园区内企业贷款笔数',1,NULL,NULL,'4',NULL,NULL,0),(NULL,NULL,'70e2743d94bf44938ac6823046ef3096',NULL,'total_microLoanCos_financingAssuranceCos','j9_14',0,0,0,'2','当地小贷公司和融资担保公司的总数','2014-10-04 12:19:37','2014-11-04 16:48:42','19820224','19820224','20-2 小贷公司和融资担保公司总数',1,NULL,NULL,'3',NULL,NULL,0),(NULL,NULL,'761c2ebbdeaa474e96336d7037f9a509',NULL,'CNY_microCos_smallCos_outstanding_loan_balance_growth_rate','j9_12',0,0,0,'5','指当年银行业金融机构向非金融企业、个人、机关团体、境外单位以贷款、票据贴现、垫款、押汇、福费廷等方式提供的人民币融资总额尚未偿还的部分与上年相比','2014-10-04 12:52:44','2014-11-04 22:02:44','19820224','19820224','25-1 人民币小微企业贷款余额增长速度',1,NULL,NULL,'6',-100.000,100.000,2),(NULL,NULL,'77cb23dae5204dfe9fd377cfac713aac',NULL,'county_financing_institutions_approvedBy_CSRC','8e324d17e5f442fb87bea9337f25a9be',0,0,0,'2','经证券业监管部门批准设立的金融机构入驻县域的机构家数','2014-11-05 00:05:30','2014-11-05 00:05:55','19820224','19820224','28-3 证监部门审批入驻县域的金融机构总数',1,NULL,NULL,'8',NULL,NULL,NULL),(NULL,NULL,'7806a95d0ce24a33828419903e048e8d',NULL,'POS_market_entities','j9_12',0,0,0,'2','当地布放了POS机具的市场主体数量','2014-10-04 12:59:28','2014-11-04 22:15:04','19820224','19820224','31-2 布放了POS机具的市场主体占比',1,NULL,NULL,'3',NULL,NULL,2),(NULL,NULL,'7f7de0955426471baaacabb807ed4d50',NULL,'peasant_household_creditInfo_platform','j9_12',0,0,0,'2','是否建立采集农户信用信息、在多家金融机构之间共享信息的数据库平台。农户信用信息共享平台：是指采集农户信用信息、在多家金融机构之间共享信息的数据库平台。其有三个判定要点：一是该数据库采集的主要是农户信用信息；二是该平台服务于多家金融机构，实现了在多家金融机构之间的数据共享与查询；三是必须建立了信息化、电子化的数据库系统。','2014-10-04 12:29:57','2014-11-04 22:04:54','19820224','19820224','30-2 农户信用信息共享平台建设',1,1,0,'3',0.000,1.000,0),(NULL,NULL,'838d218f7ab64231ba9cbb8426b4fa61',NULL,'total_local_gov_credit_risk_compensation','j9_14',0,0,0,'2','当地政府部门在化解金融机构信贷风险方面的资金投入总额','2014-10-04 12:17:58','2014-11-04 16:44:00','19820224','19820224','12-2 当地政府当年投入信贷风险补偿基金金额',1,NULL,NULL,'2',NULL,NULL,2),(NULL,NULL,'869ca8d6cf98468094064cea6c73d6eb',NULL,'fixed_investments_growth_rate','j8_7',0,0,0,'5','由当地统计部门统计的规模以上固定资产投资额比上年增长比例','2014-09-22 10:28:45','2014-11-04 23:43:41','19820224','19820224','4-1 固定资产投资增长速度',1,10,NULL,'6',-100.000,100.000,2),(NULL,NULL,'8a0ab1345d7b40dc823da17bc16e2dc4',NULL,'financing_institution_used_rating_reports','j4_6',0,0,0,'2','金融机构在对园区企业的贷款审批或风险管理中参考了第三方信用评级报告的份数','2014-10-04 11:59:33','2014-11-04 15:00:48','19820224','19820224','17-1 金融机构使用信用评级报告的份数',1,NULL,NULL,'11',NULL,NULL,0),(NULL,NULL,'8b49b99b09b64217956215f59312db9f',NULL,'county_financing_institutions_approvedBy_CIRC','3042587cafee41beafda222cdeb23d3b',0,0,0,'2','经保险业监管部门批准设立的金融机构入驻县域的机构家数','2014-11-05 00:03:02','2014-11-05 00:04:28','19820224','19820224','28-2 保监部门审批入驻县域的金融机构总数',1,NULL,NULL,'8',NULL,NULL,NULL),(NULL,NULL,'8bbeeaa7cb144a2dbe5947f215e38012',NULL,'industrial_park_crediting_surveys_and_companies','j9_12',0,0,0,'2','当年末产业园区企业拥有有效的信用调查和信用评级的个数','2014-10-04 12:48:00','2014-11-04 22:15:59','19820224','19820224','15-2 产业园区内信用调查和信用评级企业个数',1,NULL,NULL,'3',NULL,NULL,2),(NULL,NULL,'9096e0dc877044e68be70415eeec6a78',NULL,'industrial_park_BBuperLevel_companies','j9_12',0,0,0,'2','当年末产业园区内企业信用评级BB以上的个数','2014-10-04 12:49:24','2014-11-04 22:00:39','19820224','19820224','16-1 园区内信用评级BB以上企业个数',1,NULL,NULL,'3',NULL,NULL,2),(NULL,NULL,'9683971b3c3d48bd8502f65f732a3694',NULL,'total_bank_financing_institutions','j8_9',0,0,0,'2','经银行金融监管机构批准设立的银行业金融机构入驻县域的机构家数','2014-10-04 11:35:06','2014-11-04 11:15:32','19820224','19820224','29-2 银行业金融机构总数',1,NULL,NULL,'8',NULL,NULL,0),(NULL,NULL,'9caf84f4245043bea932c4fdae11e1c7',NULL,'current_rural_per_capita_net_income','j8_7',0,0,0,'2','当年末农民人均纯收入','2014-09-25 12:38:12','2014-11-04 23:45:07','19820224','19820224','7-2 当年末农村居民人均纯收入',1,10,3,'1',NULL,NULL,2),(NULL,NULL,'a20022888a7a4700ae08b2b08d8e038e',NULL,'total_industrial_park_companies','j9_11',0,0,0,'2','产业园区内信用调查和信用评级企业个数','2014-10-04 11:36:20','2014-11-04 22:36:19','19820224','19820224','15-1 产业园区内企业总数',1,NULL,NULL,'3',NULL,NULL,2),(NULL,NULL,'a4bd70f9b1eb4484a6b3bec1b0033af8',NULL,'govOffice_outstanding_loan_balance','j4_6',0,0,0,'2','截止某一时间点，当地机关单位久欠不还金融机构的贷款总额','2014-10-04 11:51:39','2014-11-04 11:36:55','19820224','19820224','10-1 机关单位拖欠金融机构贷款余额',1,NULL,NULL,'2',NULL,NULL,2),(NULL,NULL,'a50d6135aef64f81a3b4d8d4d1193d53',NULL,'local_financing_nonPerforming_loan_balance','j8_9',0,0,0,'2','以地方政府财政为担保，通过平台从多家金融机构获得的信贷总额中，产生逾期的贷款总额','2014-10-04 11:32:20','2014-11-04 11:07:38','19820224','19820224','9-1 地方融资平台不良贷款余额',1,NULL,NULL,'2',NULL,NULL,2),(NULL,NULL,'a7e0ea7315394ef2bff4885a9aeed6b7',NULL,'total_creditable_peasant_households','j4_6',0,0,0,'2','当地被金融机构评定为信用农户的总数','2014-10-04 12:15:30','2014-11-04 15:22:21','19820224','19820224','19-1 金融机构评定的信用农户总数',1,NULL,NULL,'7',NULL,NULL,0),(NULL,NULL,'a9ed3c408e7145328b2fda8ddc20b0b7',NULL,'govOffice_loans','j4_6',0,0,0,'2','截止某一时间点，当地机关单位向金融机构贷款的总额','2014-10-04 11:53:20','2014-11-04 11:37:23','19820224','19820224','10-2 机关单位金融机构贷款余额',1,NULL,NULL,'2',NULL,NULL,2),(NULL,NULL,'ad34972fdd25453e847ff8158ad908a6',NULL,'glp_per_capita','j8_7',0,0,0,'2','地区生产总值与该地区常住人口的比值','2014-09-15 20:16:32','2014-11-04 23:43:28','19820224','19820224','2-1 人均地区生产总值',1,7,NULL,'1',NULL,NULL,2),(NULL,NULL,'b32ec90f7667403eabe9de2e73bd8669',NULL,'nonExecute_financial_claim_winCase_object_amount','j4_6',0,0,0,'2','当年末未执结金融债权胜诉案件标的金额','2014-10-04 11:58:19','2014-11-04 14:58:57','19820224','19820224','13-2 未执结金融债权胜诉案件标的金额',1,NULL,NULL,'2',NULL,NULL,2),(NULL,NULL,'bbc92ef17f7340359687348e60176d0f',NULL,'finacing_ICcard_applied_fields','j9_12',0,0,0,'2','金融IC卡在交通、旅游、教育等领域的行业拓展应用数量','2014-10-04 12:57:33','2014-11-04 22:04:38','19820224','19820224','30-1 金融IC卡行业应用数量',1,NULL,NULL,'3',NULL,NULL,2),(NULL,NULL,'be81646474d44e3ca53ed53547702435',NULL,'last_primary_industry_glp_perception','j8_7',0,0,0,'5','上年年末第一产业产值与地区生产总值的比值','2014-09-22 10:49:45','2014-11-04 23:44:34','19820224','19820224','6-2 上年末第一产业地区生产总值占比',1,10,3,'6',0.000,100.000,2),(NULL,NULL,'bee8a23762ab426c9c4894df9b500016',NULL,'permanent_residence','j8_7',0,0,0,'2','当年本地区常住人口总数','2014-09-22 11:20:16','2014-11-04 23:46:01','19820224','19820224','8-2 常住人口数',1,7,0,'33',0.000,NULL,2),(NULL,NULL,'c2857ce807bd4586879d65f67b100fb1',NULL,'finished_rating_microLoanCos_financingAssuranceCos','j9_12',0,0,0,'2','当地由第三方信用评级机构对小贷和融资担保公司评定信用等级的总数','2014-10-04 12:50:16','2014-11-04 22:01:44','19820224','19820224','20-1 已评定等级的小贷公司和融资担保公司个数',1,NULL,NULL,'3',NULL,NULL,2),(NULL,NULL,'c55ee5e863a1444495a76d5c79d6b380',NULL,'total_regional_peasant_households','j4_6',0,0,0,'2','当地从事农业生产劳动的人家总数（仅农村信用联社填报）','2014-10-04 12:16:06','2014-11-04 15:22:54','19820224','19820224','19-2 辖内农户总数',1,NULL,NULL,'7',NULL,NULL,0),(NULL,NULL,'cbf7e38f74934139b1a0c145cb835580',NULL,'last_urban_per_capita_disposable_income','j8_7',0,0,0,'2','上年末家庭成员得到可用于最终消费支出和其他非义务性支出以及储蓄的总和，即居民家庭可以用来自由支配的收入','2014-09-22 11:16:49','2014-11-04 23:45:31','19820224','19820224','7-3 上年末城镇居民人均可支配收入',1,10,3,'1',NULL,NULL,2),(NULL,NULL,'d17a68ec0fca4df29138723770e64bc9',NULL,'CNY_outstanding_deposit_growth_rate','j9_12',0,0,0,'5','当年住户、财政部门以及保险公司在银行业金融机构的活期存款、定期存款、保证金存款、临时性存款等各类存款尚未支取的部分与上年相比','2014-10-04 12:50:47','2014-11-04 22:02:12','19820224','19820224','23-1 人民币各项存款余额增长速度',1,NULL,NULL,'6',-100.000,100.000,2),(NULL,NULL,'d7a60b3560124c3b882314287c4989a8',NULL,'12-1','j9_14',0,0,0,'2',NULL,'2014-11-04 16:44:54','2014-11-05 00:18:43','19820224','19820224','12-1 当地政府信贷风险补偿基金余额',1,NULL,NULL,'2',NULL,NULL,2),(NULL,NULL,'d80599bddcfa40ee9c24a0849e297f5f',NULL,'national_trial_microCo_smallCo_mediumCo_RCC_credit_system_powerUps','j9_12',0,0,0,'2','是否建立了中小微或农村信用体系建设国家级试验区','2014-10-04 12:58:27','2014-11-04 22:14:33','19820224','19820224','30-4 中小微或农村信用体系建设国家级试验区',1,1,1,'3',0.000,1.000,0),(NULL,NULL,'dc47a569e281421e9500ac993db5a986',NULL,'CNY_peasanted_outstanding_loan_balance_growth_rate','j9_12',0,0,0,'5','当年末涉农贷款余额增量与上年末涉农贷款余额的比值','2014-10-04 12:54:40','2014-11-04 22:03:09','19820224','19820224','26-1 人民币涉农贷款余额增长速度',1,NULL,NULL,'6',-100.000,100.000,2),(NULL,NULL,'dd1f79d346844f8eaa10f8adea6a28f3',NULL,'local_financing_loan_balance','j8_9',0,0,0,'2','以地方政府财政为担保，通过平台从多家金融机构获得的信贷总额','2014-10-04 11:32:24','2014-11-04 11:07:56','19820224','19820224','9-2 地方融资平台贷款余额',1,NULL,NULL,'2',NULL,NULL,2),(NULL,NULL,'ddacf950672b4981af623a1f9a45c655',NULL,'current_urban_per_capita_disposable_income','j8_7',0,0,0,'2','当年末城镇居民人均可支配收入','2014-09-25 12:36:13','2014-11-04 23:44:54','19820224','19820224','7-1 当年末城镇居民人均可支配收入',1,10,3,'1',NULL,NULL,2),(NULL,NULL,'e27089d996334c7689261333788ebbaa',NULL,'execute_financial_claim_winCase_return_amount','j4_6',0,0,0,'2','截至当年执结金融债权胜诉资金归行资金','2014-10-04 11:58:55','2014-11-04 14:59:42','19820224','19820224','14-1 执结金融债权胜诉案件归行资金',1,NULL,NULL,'2',NULL,NULL,2),(NULL,NULL,'e32c2eaa365a403da7781eeae68afee2',NULL,'local_legalPerson_gross_add_loans_ratio_usedFor_inspecting_local_orgs','j9_12',0,0,0,'2','县域内各金融机构当年新增存款一定比例用于当地考核合格单位的新增贷款总额','2014-10-04 12:55:24','2014-11-04 22:03:42','19820224','19820224','27-1 地方法人新增存款一定比例用于当地考核合格单位的新增贷款总额',1,NULL,NULL,'2',NULL,NULL,2),(NULL,NULL,'ead30a0c92a1423bbaadf5457ca40b63',NULL,'total_counties','j4_6',0,0,0,'2','在县域辖内乡和镇的总数','2014-10-04 12:14:35','2014-11-04 15:21:46','19820224','19820224','18-2 乡（镇）总数',1,NULL,NULL,'3',NULL,NULL,0),(NULL,NULL,'f0d1fc8690ff426db9689b34cd5e224b',NULL,'total_institutionalized_credit_products_in_gov_admin_matters','j9_15',0,0,0,'2','政府出台相关文件或制度规定在行政事项中使用信用产品的项数。备注：请附使用信用产品的相关文件名称及文号。','2014-10-04 12:34:57','2014-11-04 15:24:52','19820224','19820224','21-1 政府部门在行政事项中制度化使用信用产品的事项数',1,NULL,NULL,'5',NULL,NULL,0),(NULL,NULL,'f634edcd9dd9433bb5c39b82923977b5',NULL,'rscg_growth_rate','j8_7',0,0,0,'5','由统计部门统计的本地区居民社会消费品零售额比上年增长比例','2014-09-22 10:47:34','2014-11-04 23:43:54','19820224','19820224','5-1 社会消费品零售总额增长速度',1,10,3,'6',-100.000,100.000,2),(NULL,NULL,'f7dc926243524926bb950a965de13370',NULL,'nonPerforming_loan_ratio','j8_9',0,0,0,'5','金融机构不良贷款余额占总贷款余额的比重','2014-10-04 11:34:27','2014-11-04 10:41:31','19820224','19820224','22-1 不良贷款率',1,NULL,NULL,'6',0.000,100.000,2),(NULL,NULL,'fabb46d44e19404e9c8a4bc5d9607929',NULL,'current_primary_industry_glp_perception','j8_7',0,0,0,'5','上年年末第一产业产值与地区生产总值的比值','2014-09-22 10:54:06','2014-11-04 23:44:14','19820224','19820224','6-1 当年末第一产业地区生产总值占比',1,10,3,'6',0.000,100.000,2);
/*!40000 ALTER TABLE `def_inidata` ENABLE KEYS */;
UNLOCK TABLES;

--
-- Table structure for table `def_kpi`
--

DROP TABLE IF EXISTS `def_kpi`;
/*!40101 SET @saved_cs_client     = @@character_set_client */;
/*!40101 SET character_set_client = utf8 */;
CREATE TABLE `def_kpi` (
  `dkpiId` varchar(45) NOT NULL default '0' COMMENT '环境测评指标定义ID',
  `dkpiName` varchar(100) default NULL COMMENT '环境测评指标名称',
  `dclassId` varchar(45) default NULL COMMENT '环境测评项目定义ID',
  `dkpiCalRuleId` varchar(45) default NULL COMMENT '指标计算规则ID',
  `dkpiAuthRuleId` varchar(45) default NULL COMMENT '指标定义权限规则ID',
  `dkpiExpireMark` tinyint(2) default '0' COMMENT '环境测评指标定义过期标志位',
  `dkpiWeight` float(20,0) default NULL COMMENT '环境测评指标权重',
  `dkpiscore` float(10,3) default NULL COMMENT '环境测评指标分值',
  `dkpiDelMark` tinyint(2) default '0' COMMENT '环境测评指标指标删除标志位',
  `dkpiRemark` varchar(100) default NULL COMMENT '环境测评指标说明',
  `create_time` datetime default NULL COMMENT '环境测评类别定义时间',
  `update_time` datetime default NULL COMMENT '环境测评类别定义修改时间',
  `update_by` varchar(45) default NULL,
  `create_by` varchar(45) default '',
  `dkpiSquence` int(11) default '0',
  `complex` tinyint(4) default '0',
  `pid` varchar(45) default NULL,
  `dkpiStandardizeType` tinyint(4) default NULL COMMENT '计算类型(正向，逆向，有无）',
  `dkpiExtendExp` varchar(200) default NULL COMMENT '扩展计算',
  PRIMARY KEY  (`dkpiId`),
  KEY `fk_def_kpi_def_formula_1` (`dkpiCalRuleId`),
  KEY `fk_def_kpi_def_authrule_1` (`dkpiAuthRuleId`),
  CONSTRAINT `def_kpi_ibfk_1` FOREIGN KEY (`dkpiAuthRuleId`) REFERENCES `def_authrule` (`authRuleId`),
  CONSTRAINT `def_kpi_ibfk_2` FOREIGN KEY (`dkpiCalRuleId`) REFERENCES `def_formula` (`calRuleId`)
) ENGINE=InnoDB DEFAULT CHARSET=utf8 COMMENT='指标定定义表';
/*!40101 SET character_set_client = @saved_cs_client */;

--
-- Dumping data for table `def_kpi`
--

LOCK TABLES `def_kpi` WRITE;
/*!40000 ALTER TABLE `def_kpi` DISABLE KEYS */;
INSERT INTO `def_kpi` VALUES ('0395764a74f040ef9aa2458013cc5aff','12、政府用于贷款补偿的资金占比','72b364a97f4345d593e9b0950aa57630','e0722e57e5de4b65b0abf2a26545a081',NULL,0,NULL,4.000,0,'政府用于贷款补偿的资金占比','2014-09-12 14:33:08','2014-11-04 10:28:20','19820224','19820224',12,0,NULL,1,NULL),('0679e092db1e451eb43730f17faf5782','15、产业园区企业信用建档面','dfdf8b0d3c464994b81a8c7d86cec7be','1f0ec6d37e8b436a8eb84573e73a8aeb',NULL,0,NULL,4.000,0,'产业园区企业信用建档面','2014-10-03 21:56:35','2014-11-04 10:28:39','19820224','19820224',15,0,NULL,1,NULL),('0e209c40ee6b4866a191b52dc43ffe8f','11、公职人员拖欠金融机构贷款余额占比','72b364a97f4345d593e9b0950aa57630','1126bcaf0221439d93d658ec30c7822f',NULL,0,NULL,1.000,0,'公职人员拖欠金融机构贷款余额占比','2014-09-12 14:32:12','2014-11-04 10:28:06','19820224','19820224',11,0,NULL,2,NULL),('192fd17dbe154da5ae65f0f372fde8ef','30-1 金融IC卡行业应用数量','bd992cca38014af4b7aaf054344272e0','0287a6c349e74250921b973e3a46e823',NULL,0,NULL,2.000,0,'金融IC卡行业应用数量','2014-10-20 09:58:24','2014-11-04 10:13:09','19820224','19820224',1,0,'2d6b2df1cc7c49f399d16486c30bb54b',1,NULL),('1be1d3a922614bcfb6319ff980af1471','17、产业园区企业信用评级报告使用率','dfdf8b0d3c464994b81a8c7d86cec7be','70f0cb0f9c8640548b5d940cff602260',NULL,0,NULL,2.000,0,'产业园区企业信用评级报告使用率','2014-10-03 21:58:39','2014-11-04 10:28:46','19820224','19820224',17,0,NULL,1,NULL),('2186a027980548d3ab88861569174899','7、城乡居民收入差距缩小比例','55080c3c26574b3c8fefe05575212970','36635aac4fc44fbfa6ddee663e582365',NULL,0,NULL,2.000,0,'城乡居民收入差距缩小比例','2014-09-12 14:26:40','2014-11-04 10:25:45','19820224','19820224',7,0,NULL,1,NULL),('2267205946d54500b9039def0247c43c','13、金融债权胜诉案件执结率','ca0b70aed8a44a6cabb191a7585faa4c','58789cb18e0a4813ade0ec573b831aa1',NULL,0,NULL,5.000,0,'金融债权胜诉案件执结率','2014-09-12 14:34:14','2014-11-04 10:28:28','19820224','19820224',13,0,NULL,1,NULL),('2b20eeb9e736488ba24793182dcc88b5','1、地区生产总值增长速度','55080c3c26574b3c8fefe05575212970','0f68620ebd5e4a4587086e25926be433',NULL,0,NULL,2.000,0,'地区生产总值增长速度','2014-09-12 14:04:34','2014-11-03 23:52:44','19820224','19820224',1,0,NULL,1,NULL),('2d6b2df1cc7c49f399d16486c30bb54b','30、创新金融工具和设施基础','bd992cca38014af4b7aaf054344272e0','5b08636b646a4a8b9f85058e1ceeef40',NULL,0,NULL,5.000,0,'创新金融工具和设施基础','2014-10-03 22:16:24','2014-11-04 10:15:05','19820224','19820224',30,1,NULL,1,NULL),('2f373aef675a49cea72243157a79bee7','16、产业园区BB级以上企业占比','dfdf8b0d3c464994b81a8c7d86cec7be','8094af75ddf145f9804fb2313ed420cd',NULL,0,NULL,4.000,0,'产业园区BB级以上企业占比','2014-10-03 21:57:44','2014-11-04 10:28:42','19820224','19820224',16,0,NULL,1,NULL),('2f697f3d0d944254af5ff988dc8803e9','18、信用乡（镇）占比','60dcb8ff3e2f4ae0ad3d2f621c113281','3116d291cc4c401e862700c9bc081f79',NULL,0,NULL,5.000,0,'信用乡（镇）占比','2014-10-03 21:59:42','2014-11-04 10:28:50','19820224','19820224',18,0,NULL,1,NULL),('35a5c99679594f3fb8314b70412bb118','30-4 中小微或农村信用体系建设国家级试验区加分','bd992cca38014af4b7aaf054344272e0','f7e92872a1b74aa5b9715013193b7a75',NULL,0,NULL,1.000,0,'中小微或农村信用体系建设国家级试验区加分','2014-10-20 10:08:12','2014-11-04 10:13:35','19820224','19820224',4,0,'2d6b2df1cc7c49f399d16486c30bb54b',3,NULL),('379c1678f87b4555a11072c8c84c8d11','23、人民币各项存款余额增长速度','bf902a150a01429da8a6560272a57473','b2424940fe824bc4905d4816b4938dfa',NULL,0,NULL,3.000,0,'人民币各项存款余额增长速度','2014-10-03 22:13:39','2014-11-04 10:06:23','19820224','19820224',23,0,NULL,1,NULL),('39fa799a6cd64d86a6fb1085bdc0ec9c','32、反假货币综合治理考核','bd992cca38014af4b7aaf054344272e0','64ce5763ac4f44cb8c3756097772055e',NULL,0,NULL,2.000,0,NULL,'2014-10-03 22:18:49','2014-11-05 22:46:14','19820224','19820224',32,0,NULL,1,NULL),('3c069983edd14696b3221d3eb254e45a','33、金融生态满意度调查问卷','9aad88c083014ee48acb3b38abbfa9f2',NULL,NULL,0,NULL,5.000,0,'金融生态满意度调查问卷','2014-10-13 11:22:06','2014-11-04 10:30:08','19820224','19820224',1,0,NULL,1,NULL),('3e7e58bffa3e4a7ea3fdd5bcbb74ee96','30-3 中小微企业信用信息共享平台建设','bd992cca38014af4b7aaf054344272e0','dc2eeb0d4cdf4767b3a9f27e278bd151',NULL,0,NULL,1.000,0,'中小微企业信用信息共享平台建设','2014-10-20 10:06:27','2014-11-04 10:13:29','19820224','19820224',3,0,'2d6b2df1cc7c49f399d16486c30bb54b',3,NULL),('40ef17b0bbe5422fb3825f58fa5100d5','25、小微企业贷款余额增长速度','bf902a150a01429da8a6560272a57473','038b5b09d2f9423ea1e3555319eb612c',NULL,0,NULL,3.000,0,'小微企业贷款余额增长速度','2014-10-03 22:14:39','2014-11-04 10:07:26','19820224','19820224',25,0,NULL,1,NULL),('433ec74a1b954ce69c293e84ee1bfc28','6、第二、三产业地区生产总值占比提高百分点','55080c3c26574b3c8fefe05575212970','6914215e904a41cebfdaef4b8b1c3284',NULL,0,NULL,3.000,0,'第二、三产业地区生产总值占比提高百分点','2014-09-12 14:25:29','2014-11-04 10:25:41','19820224','19820224',6,0,NULL,1,NULL),('4b8f88eb479041d59601883d4239cf30','24、人民币各项贷款余额增长速度','bf902a150a01429da8a6560272a57473','93a3ee2472644f31b3a695527f0e8216',NULL,0,NULL,3.000,0,'人民币各项贷款余额增长速度','2014-10-03 22:14:19','2014-11-04 10:06:58','19820224','19820224',24,0,NULL,1,NULL),('4d3ea609b72d47f289819095f36a664e','10、机关单位拖欠金融机构贷款余额占比','72b364a97f4345d593e9b0950aa57630','f8292d9cba9b47b2b607f4e074a4aaaa',NULL,0,NULL,1.000,0,'机关单位拖欠金融机构贷款余额占比','2014-09-12 14:29:49','2014-11-04 10:28:02','19820224','19820224',10,0,NULL,2,NULL),('5acb1d33ece047db9de796c21fc3709d','31-1 布放了ATM机的乡镇占比','bd992cca38014af4b7aaf054344272e0','2378272cc9764c3b872f988ffcc11d87',NULL,0,NULL,0.800,0,'布放了ATM机的乡镇占比','2014-10-06 22:32:25','2014-11-04 10:16:14','19820224','19820224',33,0,'5dbd40f435f340b5adb482ce56b232d0',1,NULL),('5ce370f120b645a9aa20d2ac20027475','28、入驻金融机构数','bd992cca38014af4b7aaf054344272e0','3223e72a5ce046eba8ddab296b57a07f',NULL,0,NULL,3.000,0,'入驻金融机构数','2014-10-03 22:15:39','2014-11-04 10:29:29','19820224','19820224',28,0,NULL,1,NULL),('5dbd40f435f340b5adb482ce56b232d0','31、银行卡受理终端覆盖率','bd992cca38014af4b7aaf054344272e0','52a9055437aa457aa2ddf87b2e2f960f',NULL,0,NULL,2.000,0,'银行卡受理终端覆盖率','2014-10-03 22:16:24','2014-11-04 10:29:58','19820224','19820224',31,1,NULL,1,NULL),('6e5d3dbd38c94eb39252f6a9ec7e2ab9','8、万人市场主体个数','55080c3c26574b3c8fefe05575212970','a307288db0b64a41be3558997ae8f2fe',NULL,0,NULL,3.000,0,'万人市场主体个数','2014-09-12 14:27:05','2014-11-04 10:27:53','19820224','19820224',8,0,NULL,1,NULL),('74c2bae0e8294e2486885c8bc2e6c2d1','26、涉农贷款余额增长速度','bf902a150a01429da8a6560272a57473','343ac33a2e6140dfb859bd2d305bf01d',NULL,0,NULL,3.000,0,'涉农贷款余额增长速度','2014-10-03 22:14:59','2014-11-04 10:07:40','19820224','19820224',26,0,NULL,1,NULL),('7d919c519a1e439d8a97496f2daf8bfa','27、地方法人新增存款一定比例用于当地贷款','bf902a150a01429da8a6560272a57473','b346e1e650a54d08bbb6f2cf02858de7',NULL,0,NULL,3.000,0,'地方法人新增存款一定比例用于当地贷款','2014-10-03 22:15:19','2014-11-04 10:29:23','19820224','19820224',27,0,NULL,1,NULL),('9c11c1c67495421fa7b8cd1902bb20bc','4、固定资产投资额增长速度','55080c3c26574b3c8fefe05575212970','95f29c3d5f9a438982691ae1680712e3',NULL,0,NULL,1.000,0,'固定资产投资额增长速度','2014-09-12 14:23:40','2014-11-04 09:52:53','19820224','19820224',4,0,NULL,1,NULL),('a335280b2ce84d2d987eb88cb451dc3b','5、社会消费品零售总额增长速度','55080c3c26574b3c8fefe05575212970','ec1b8845a15940a09b08410a5c6e7078',NULL,0,NULL,1.000,0,'社会消费品零售总额增长速度','2014-09-12 14:24:43','2014-11-04 09:53:00','19820224','19820224',5,0,NULL,1,NULL),('aabcf7f111a441339e4ac3702dba7d17','21、使用信用产品的行政事项数','0f03416ae4094b018177fef6ba75fcf5','5fe5827cda0241f4b24cc629742ba99e',NULL,0,NULL,2.000,0,'使用信用产品的行政事项数','2014-10-03 22:02:08','2014-11-04 10:29:03','19820224','19820224',21,0,NULL,1,NULL),('aadf9de7e6b044c1b44411b05dadd62c','30-2 农户信用信息共享平台建设','bd992cca38014af4b7aaf054344272e0','29fb32cfcf6c44ad9a422a8922ee6aa5',NULL,0,NULL,1.000,0,'农户信用信息共享平台建设','2014-10-20 10:05:29','2014-11-04 10:13:22','19820224','19820224',2,0,'2d6b2df1cc7c49f399d16486c30bb54b',3,NULL),('bf70cff4e830441caa1c4310b44417fe','33-2 布放了POS机具的市场主体占比','bd992cca38014af4b7aaf054344272e0','4863dc02a9c84b7b96475e4ea9d55d55',NULL,0,NULL,1.200,0,'布放了POS机具的市场主体占比','2014-10-06 22:33:24','2014-11-04 10:16:31','19820224','19820224',34,0,'5dbd40f435f340b5adb482ce56b232d0',1,NULL),('bfa53afa8a9540e18c272d5eddbb6642','14、执结金融债权胜诉资金归行率','ca0b70aed8a44a6cabb191a7585faa4c','932b50003d414ad5b93ed975a57c10a6',NULL,0,NULL,5.000,0,'执结金融债权胜诉资金归行率','2014-09-12 14:35:44','2014-11-04 10:28:33','19820224','19820224',14,0,NULL,1,NULL),('c9b36f6d62b34dafb806b66bd695318e','29、银行金融机构平均存款规模','bd992cca38014af4b7aaf054344272e0','2f3d505e734548fc83ad7fb3db148d29',NULL,0,NULL,3.000,0,'银行金融机构平均存款规模','2014-10-03 22:15:58','2014-11-04 10:29:34','19820224','19820224',29,0,NULL,1,NULL),('d8f32af5f0f64164b3938e6ad44614d4','2、人均地区生产总值','55080c3c26574b3c8fefe05575212970','089686a771f74956920734bdab35b686',NULL,0,NULL,2.000,0,'人均地区生产总值','2014-09-12 14:22:30','2014-11-04 09:51:44','19820224','19820224',2,0,NULL,1,NULL),('e0a535349180469f9af807dcf5a34f9b','3、公共财政预算收入增长速度','55080c3c26574b3c8fefe05575212970','538458af7c5e4349b80debb9af221468',NULL,0,NULL,1.000,0,'公共财政预算收入增长速度','2014-09-12 14:23:00','2014-11-04 09:53:05','19820224','19820224',3,0,NULL,1,NULL),('e44ee16a5ecf4f90be2aa2336ed255da','22、不良贷款率','07c4461d34db4230b90bc4ae5606e58c','78c0f1c5c60944068e770906efde3e51',NULL,0,NULL,5.000,0,'不良贷款率','2014-10-03 22:02:26','2014-11-04 10:06:01','19820224','19820224',22,0,NULL,2,'<= \'2%\''),('e6ff65f869c144e19c8feb2f250c3fc5','9、地方融资平台不良贷款率','72b364a97f4345d593e9b0950aa57630','c2fb1a9fdf4c4f5eb402a3d28cfe0daa',NULL,0,NULL,4.000,0,'地方融资平台不良贷款率','2014-09-12 14:00:32','2014-11-04 10:27:58','19820224','19820224',9,0,NULL,2,NULL),('f04d455bb21c4afda77323b91ece4029','19、信用农户评定指数','60dcb8ff3e2f4ae0ad3d2f621c113281','7dae65bc92a940a4a05542ab0c7bcf3a',NULL,0,NULL,5.000,0,'信用农户评定指数','2014-10-03 22:00:20','2014-11-04 10:28:55','19820224','19820224',19,0,NULL,1,NULL),('ffbeb182bd7045a4a02da44c747cde9c','20、小贷公司和融资担保公司信用评级覆盖面','0f03416ae4094b018177fef6ba75fcf5','96d1d568c7d741e28fdad4b99ff2b6ad',NULL,0,NULL,3.000,0,'小贷公司和融资担保公司信用评级覆盖面','2014-10-03 22:00:47','2014-11-04 10:28:59','19820224','19820224',20,0,NULL,1,NULL);
/*!40000 ALTER TABLE `def_kpi` ENABLE KEYS */;
UNLOCK TABLES;

--
-- Table structure for table `def_questions`
--

DROP TABLE IF EXISTS `def_questions`;
/*!40101 SET @saved_cs_client     = @@character_set_client */;
/*!40101 SET character_set_client = utf8 */;
CREATE TABLE `def_questions` (
  `questionId` int(11) NOT NULL auto_increment,
  `questionType` varchar(50) default NULL,
  `questionDesc` varchar(255) default NULL,
  `questionDefScore` float default NULL,
  `optionA` varchar(255) default NULL,
  `optionB` varchar(255) default NULL,
  `optionC` varchar(255) default NULL,
  `optionD` varchar(255) default NULL,
  `optionE` varchar(255) default NULL,
  `optionF` varchar(255) default NULL,
  `Remark` varchar(255) default NULL,
  `questionRespoder` varchar(50) default NULL,
  `create_time` datetime default NULL COMMENT '环境测评类别定义时间',
  `update_time` datetime default NULL COMMENT '环境测评类别定义修改时间',
  `update_by` varchar(45) default NULL,
  `create_by` varchar(45) default '',
  PRIMARY KEY  (`questionId`)
) ENGINE=InnoDB AUTO_INCREMENT=20 DEFAULT CHARSET=utf8;
/*!40101 SET character_set_client = @saved_cs_client */;

--
-- Dumping data for table `def_questions`
--

LOCK TABLES `def_questions` WRITE;
/*!40000 ALTER TABLE `def_questions` DISABLE KEYS */;
INSERT INTO `def_questions` VALUES (1,'1','企业遇到经济纠纷时，最有效果的解决方式是',NULL,'诉诸司法部门','求助政府部门，通过行政手段解决','通过行业协会等商人自治组织解决','通过其他社会关系解决','很难找到有效途径解决','','','1',NULL,NULL,NULL,'0'),(2,'1','当企业诉诸法院解决经济纠纷时，您认为司法判决的公正性',NULL,'公正，对判决结果很满意','公正','不公正，法官的知识水平有限','不公正，法官判决没有做到尽职调查','很不公正，法官判决受到外力因素影响','','','1',NULL,NULL,NULL,'0'),(3,'1','当企业诉诸法院解决经济纠纷时，从提交申请到开庭平均需要时间',NULL,'一周以内','一周至半个月','半个月至一个月','一个月至三个月','三个月以上','','','1',NULL,NULL,NULL,'0'),(4,'1','当企业在经济纠纷中胜诉后，法院的执行力如何',NULL,'方法灵活得当，执行快速有力','按部就班的执行','尽管胜诉，法院没有很好的方法执行','执行人员缺乏足够激励执行','执行人员获得好处才执行','','','1',NULL,NULL,NULL,'0'),(5,'2','企业对当地商业信用文化的整体评价',NULL,'信用很好，当企业运转出现困难时会及时通知相关企业，一旦正常立刻归还贷款','信用较好，贷款往来正常','信用教差，存在大量故意拖欠贷款现象','信用很差，存在即使有钱也故意拖欠贷款的现象','','','','1',NULL,NULL,NULL,'0'),(6,'2','地方政府在诚信文化建设方面的支持程度，您的评价是',NULL,'很积极，做了很多实事，如推出企业黑名单、治理网络谣言等诸多措施并积极落实','较积极，制定了一些诚信建设方面的措施','不积极，不是政府工作的重点','很不积极，根本不在政府工作规划之中','',NULL,NULL,'1',NULL,NULL,NULL,'0'),(7,'3','您是否考虑过主动向征信机构提供自己的信息，以便在申请贷款时更容易获得批准',NULL,'考虑过并已经向征信机构提供','考虑过，但出于对信息的安全有所顾虑而未向征信机构提供自己的信息','没考虑过',NULL,NULL,NULL,NULL,'1',NULL,NULL,NULL,'0'),(8,'3','在商业往来中，企业考虑过通过征信机构来查询相关的信息吗？',NULL,'考虑并实施，征信机构提供的信息有价值，可使企业免受损失','考虑并实施，但征信机构提供的信息没有什么价值','没有考虑过','','','','','1',NULL,NULL,NULL,'0'),(9,'1','您对当地政府经济政策的一致性和连贯性的评价',NULL,'政策方向很明确，前后一致','比较一致，比较连贯','一般','比较难以把握政策动向','政策前后不一致，经常变化',NULL,NULL,'1',NULL,NULL,NULL,'0'),(10,'1','您对当地政府的政策以及执行过程透明度的评价',NULL,'很透明','比较透明','一般','比较差','很差',NULL,NULL,'1',NULL,NULL,NULL,'0'),(11,'1','您对政府公务员在相关经济政策咨询方面的办事效率和态度评价',NULL,'很好','较好','一般','较差','差','','','1',NULL,NULL,NULL,'0'),(12,'1','近但年来，本银行（或信用社）提起法律诉讼的债券案件一般回收率估计能达到',NULL,'80%以上','60% ~ 80%','40% ~ 60%','20% ~ 40%','20%以下','','','2',NULL,NULL,NULL,'0'),(13,'3','银行在从事信贷业务中，遭到当地政府干预的情况',NULL,'没有受到干预','干预程度较小','干预程度较大','','','','','2',NULL,NULL,NULL,'0'),(14,'1','导致银行不能有效回收债券，是由于债券企业有背景，受到地方政府的暗中庇护，出现这种情况的可能性：',NULL,'很小','较小','一般','较大','非常大','','','2',NULL,NULL,NULL,'0'),(15,'1','企业主观上故意逃避债务，比如事前已经对资产进行转移、甩空银行债务等；这种情况出现的可能性：',NULL,'很小','较小','一般','较大','非常大','',NULL,'2',NULL,NULL,NULL,'0'),(16,'1','企业已经严重亏损，已经资不抵债，执行后仍无法偿还全部债务，这种情况出现的可能性',NULL,'很小','较小','一般','较大','非常大',NULL,NULL,'2',NULL,NULL,NULL,'0'),(17,'1','个人制造假证件、伪造信息，办理额度较高的信用卡并套现取现金，这种情况出现的可能性',NULL,'很小','较小','一般','较大','很大',NULL,NULL,'2',NULL,NULL,NULL,'0'),(18,'1','您认为本地地方政府融资平台整体的资产负债水平（资产负债率）大致为：',NULL,'40%以下','40% ~ 50%','50% ~ 60%','60% ~ 70%','70%以上','',NULL,'2',NULL,NULL,NULL,'0'),(19,'2','您认为本地地方政府融资平台的偿债能力如何',NULL,'很强','较强','一般','很弱',NULL,NULL,NULL,'2',NULL,NULL,NULL,'0');
/*!40000 ALTER TABLE `def_questions` ENABLE KEYS */;
UNLOCK TABLES;

--
-- Table structure for table `def_survey`
--

DROP TABLE IF EXISTS `def_survey`;
/*!40101 SET @saved_cs_client     = @@character_set_client */;
/*!40101 SET character_set_client = utf8 */;
CREATE TABLE `def_survey` (
  `surveyId` varchar(45) NOT NULL,
  `surveyName` varchar(200) NOT NULL,
  `totalQuestions` int(11) default NULL,
  `surveyDate` date NOT NULL,
  `create_time` datetime default NULL COMMENT '环境测评类别定义时间',
  `update_time` datetime default NULL COMMENT '环境测评类别定义修改时间',
  `update_by` varchar(45) default NULL,
  `create_by` varchar(45) default '',
  `enable` tinyint(4) default NULL,
  PRIMARY KEY  (`surveyId`)
) ENGINE=InnoDB DEFAULT CHARSET=utf8;
/*!40101 SET character_set_client = @saved_cs_client */;

--
-- Dumping data for table `def_survey`
--

LOCK TABLES `def_survey` WRITE;
/*!40000 ALTER TABLE `def_survey` DISABLE KEYS */;
INSERT INTO `def_survey` VALUES ('1','银行家问卷',11,'2014-01-01',NULL,NULL,NULL,NULL,1),('2','企业家问卷',9,'2014-01-01',NULL,NULL,NULL,'',1);
/*!40000 ALTER TABLE `def_survey` ENABLE KEYS */;
UNLOCK TABLES;

--
-- Table structure for table `dict_city_area`
--

DROP TABLE IF EXISTS `dict_city_area`;
/*!40101 SET @saved_cs_client     = @@character_set_client */;
/*!40101 SET character_set_client = utf8 */;
CREATE TABLE `dict_city_area` (
  `id` int(11) NOT NULL auto_increment,
  `code` int(6) default NULL,
  `name` varchar(50) default NULL,
  `pcode` int(6) default NULL COMMENT '父编码',
  `type` tinyint(4) default NULL COMMENT '区域类型',
  `enable` tinyint(4) default NULL,
  PRIMARY KEY  (`id`),
  KEY `code` (`code`)
) ENGINE=InnoDB AUTO_INCREMENT=3211 DEFAULT CHARSET=utf8;
/*!40101 SET character_set_client = @saved_cs_client */;

--
-- Dumping data for table `dict_city_area`
--

LOCK TABLES `dict_city_area` WRITE;
/*!40000 ALTER TABLE `dict_city_area` DISABLE KEYS */;
INSERT INTO `dict_city_area` VALUES (1,110100,'市辖区',110000,0,NULL),(2,110200,'县',110000,0,NULL),(3,120100,'市辖区',120000,0,NULL),(4,120200,'县',120000,0,NULL),(5,130100,'石家庄市',130000,0,NULL),(6,130200,'唐山市',130000,0,NULL),(7,130300,'秦皇岛市',130000,0,NULL),(8,130400,'邯郸市',130000,0,NULL),(9,130500,'邢台市',130000,0,NULL),(10,130600,'保定市',130000,0,NULL),(11,130700,'张家口市',130000,0,NULL),(12,130800,'承德市',130000,0,NULL),(13,130900,'沧州市',130000,0,NULL),(14,131000,'廊坊市',130000,0,NULL),(15,131100,'衡水市',130000,0,NULL),(16,140100,'太原市',140000,0,NULL),(17,140200,'大同市',140000,0,NULL),(18,140300,'阳泉市',140000,0,NULL),(19,140400,'长治市',140000,0,NULL),(20,140500,'晋城市',140000,0,NULL),(21,140600,'朔州市',140000,0,NULL),(22,140700,'晋中市',140000,0,NULL),(23,140800,'运城市',140000,0,NULL),(24,140900,'忻州市',140000,0,NULL),(25,141000,'临汾市',140000,0,NULL),(26,141100,'吕梁市',140000,0,NULL),(27,150100,'呼和浩特市',150000,0,NULL),(28,150200,'包头市',150000,0,NULL),(29,150300,'乌海市',150000,0,NULL),(30,150400,'赤峰市',150000,0,NULL),(31,150500,'通辽市',150000,0,NULL),(32,150600,'鄂尔多斯市',150000,0,NULL),(33,150700,'呼伦贝尔市',150000,0,NULL),(34,150800,'巴彦淖尔市',150000,0,NULL),(35,150900,'乌兰察布市',150000,0,NULL),(36,152200,'兴安盟',150000,0,NULL),(37,152500,'锡林郭勒盟',150000,0,NULL),(38,152900,'阿拉善盟',150000,0,NULL),(39,210100,'沈阳市',210000,0,NULL),(40,210200,'大连市',210000,0,NULL),(41,210300,'鞍山市',210000,0,NULL),(42,210400,'抚顺市',210000,0,NULL),(43,210500,'本溪市',210000,0,NULL),(44,210600,'丹东市',210000,0,NULL),(45,210700,'锦州市',210000,0,NULL),(46,210800,'营口市',210000,0,NULL),(47,210900,'阜新市',210000,0,NULL),(48,211000,'辽阳市',210000,0,NULL),(49,211100,'盘锦市',210000,0,NULL),(50,211200,'铁岭市',210000,0,NULL),(51,211300,'朝阳市',210000,0,NULL),(52,211400,'葫芦岛市',210000,0,NULL),(53,220100,'长春市',220000,0,NULL),(54,220200,'吉林市',220000,0,NULL),(55,220300,'四平市',220000,0,NULL),(56,220400,'辽源市',220000,0,NULL),(57,220500,'通化市',220000,0,NULL),(58,220600,'白山市',220000,0,NULL),(59,220700,'松原市',220000,0,NULL),(60,220800,'白城市',220000,0,NULL),(61,222400,'延边朝鲜族自治州',220000,0,NULL),(62,230100,'哈尔滨市',230000,0,NULL),(63,230200,'齐齐哈尔市',230000,0,NULL),(64,230300,'鸡西市',230000,0,NULL),(65,230400,'鹤岗市',230000,0,NULL),(66,230500,'双鸭山市',230000,0,NULL),(67,230600,'大庆市',230000,0,NULL),(68,230700,'伊春市',230000,0,NULL),(69,230800,'佳木斯市',230000,0,NULL),(70,230900,'七台河市',230000,0,NULL),(71,231000,'牡丹江市',230000,0,NULL),(72,231100,'黑河市',230000,0,NULL),(73,231200,'绥化市',230000,0,NULL),(74,232700,'大兴安岭地区',230000,0,NULL),(75,310100,'市辖区',310000,0,NULL),(76,310200,'县',310000,0,NULL),(77,320100,'南京市',320000,0,NULL),(78,320200,'无锡市',320000,0,NULL),(79,320300,'徐州市',320000,0,NULL),(80,320400,'常州市',320000,0,NULL),(81,320500,'苏州市',320000,0,NULL),(82,320600,'南通市',320000,0,NULL),(83,320700,'连云港市',320000,0,NULL),(84,320800,'淮安市',320000,0,NULL),(85,320900,'盐城市',320000,0,NULL),(86,321000,'扬州市',320000,0,NULL),(87,321100,'镇江市',320000,0,NULL),(88,321200,'泰州市',320000,0,NULL),(89,321300,'宿迁市',320000,0,NULL),(90,330100,'杭州市',330000,0,NULL),(91,330200,'宁波市',330000,0,NULL),(92,330300,'温州市',330000,0,NULL),(93,330400,'嘉兴市',330000,0,NULL),(94,330500,'湖州市',330000,0,NULL),(95,330600,'绍兴市',330000,0,NULL),(96,330700,'金华市',330000,0,NULL),(97,330800,'衢州市',330000,0,NULL),(98,330900,'舟山市',330000,0,NULL),(99,331000,'台州市',330000,0,NULL),(100,331100,'丽水市',330000,0,NULL),(101,340100,'合肥市',340000,0,NULL),(102,340200,'芜湖市',340000,0,NULL),(103,340300,'蚌埠市',340000,0,NULL),(104,340400,'淮南市',340000,0,NULL),(105,340500,'马鞍山市',340000,0,NULL),(106,340600,'淮北市',340000,0,NULL),(107,340700,'铜陵市',340000,0,NULL),(108,340800,'安庆市',340000,0,NULL),(109,341000,'黄山市',340000,0,NULL),(110,341100,'滁州市',340000,0,NULL),(111,341200,'阜阳市',340000,0,NULL),(112,341300,'宿州市',340000,0,NULL),(113,341400,'巢湖市',340000,0,NULL),(114,341500,'六安市',340000,0,NULL),(115,341600,'亳州市',340000,0,NULL),(116,341700,'池州市',340000,0,NULL),(117,341800,'宣城市',340000,0,NULL),(118,350100,'福州市',350000,0,NULL),(119,350200,'厦门市',350000,0,NULL),(120,350300,'莆田市',350000,0,NULL),(121,350400,'三明市',350000,0,NULL),(122,350500,'泉州市',350000,0,NULL),(123,350600,'漳州市',350000,0,NULL),(124,350700,'南平市',350000,0,NULL),(125,350800,'龙岩市',350000,0,NULL),(126,350900,'宁德市',350000,0,NULL),(127,360100,'南昌市',360000,0,NULL),(128,360200,'景德镇市',360000,0,NULL),(129,360300,'萍乡市',360000,0,NULL),(130,360400,'九江市',360000,0,NULL),(131,360500,'新余市',360000,0,NULL),(132,360600,'鹰潭市',360000,0,NULL),(133,360700,'赣州市',360000,0,NULL),(134,360800,'吉安市',360000,0,NULL),(135,360900,'宜春市',360000,0,NULL),(136,361000,'抚州市',360000,0,NULL),(137,361100,'上饶市',360000,0,NULL),(138,370100,'济南市',370000,0,NULL),(139,370200,'青岛市',370000,0,NULL),(140,370300,'淄博市',370000,0,NULL),(141,370400,'枣庄市',370000,0,NULL),(142,370500,'东营市',370000,0,NULL),(143,370600,'烟台市',370000,0,NULL),(144,370700,'潍坊市',370000,0,NULL),(145,370800,'济宁市',370000,0,NULL),(146,370900,'泰安市',370000,0,NULL),(147,371000,'威海市',370000,0,NULL),(148,371100,'日照市',370000,0,NULL),(149,371200,'莱芜市',370000,0,NULL),(150,371300,'临沂市',370000,0,NULL),(151,371400,'德州市',370000,0,NULL),(152,371500,'聊城市',370000,0,NULL),(153,371600,'滨州市',370000,0,NULL),(154,371700,'荷泽市',370000,0,NULL),(155,410100,'郑州市',410000,0,NULL),(156,410200,'开封市',410000,0,NULL),(157,410300,'洛阳市',410000,0,NULL),(158,410400,'平顶山市',410000,0,NULL),(159,410500,'安阳市',410000,0,NULL),(160,410600,'鹤壁市',410000,0,NULL),(161,410700,'新乡市',410000,0,NULL),(162,410800,'焦作市',410000,0,NULL),(163,410900,'濮阳市',410000,0,NULL),(164,411000,'许昌市',410000,0,NULL),(165,411100,'漯河市',410000,0,NULL),(166,411200,'三门峡市',410000,0,NULL),(167,411300,'南阳市',410000,0,NULL),(168,411400,'商丘市',410000,0,NULL),(169,411500,'信阳市',410000,0,NULL),(170,411600,'周口市',410000,0,NULL),(171,411700,'驻马店市',410000,0,NULL),(172,420100,'武汉市',420000,0,NULL),(173,420200,'黄石市',420000,0,NULL),(174,420300,'十堰市',420000,0,NULL),(175,420500,'宜昌市',420000,0,NULL),(176,420600,'襄樊市',420000,0,NULL),(177,420700,'鄂州市',420000,0,NULL),(178,420800,'荆门市',420000,0,NULL),(179,420900,'孝感市',420000,0,NULL),(180,421000,'荆州市',420000,0,NULL),(181,421100,'黄冈市',420000,0,NULL),(182,421200,'咸宁市',420000,0,NULL),(183,421300,'随州市',420000,0,NULL),(184,422800,'恩施土家族苗族自治州',420000,0,NULL),(185,429000,'省直辖行政单位',420000,0,NULL),(186,430100,'长沙市',430000,0,NULL),(187,430200,'株洲市',430000,0,NULL),(188,430300,'湘潭市',430000,0,NULL),(189,430400,'衡阳市',430000,0,NULL),(190,430500,'邵阳市',430000,0,NULL),(191,430600,'岳阳市',430000,0,NULL),(192,430700,'常德市',430000,0,NULL),(193,430800,'张家界市',430000,0,NULL),(194,430900,'益阳市',430000,0,NULL),(195,431000,'郴州市',430000,0,NULL),(196,431100,'永州市',430000,0,NULL),(197,431200,'怀化市',430000,0,NULL),(198,431300,'娄底市',430000,0,NULL),(199,433100,'湘西土家族苗族自治州',430000,0,NULL),(200,440100,'广州市',440000,0,NULL),(201,440200,'韶关市',440000,0,NULL),(202,440300,'深圳市',440000,0,NULL),(203,440400,'珠海市',440000,0,NULL),(204,440500,'汕头市',440000,0,NULL),(205,440600,'佛山市',440000,0,NULL),(206,440700,'江门市',440000,0,NULL),(207,440800,'湛江市',440000,0,NULL),(208,440900,'茂名市',440000,0,NULL),(209,441200,'肇庆市',440000,0,NULL),(210,441300,'惠州市',440000,0,NULL),(211,441400,'梅州市',440000,0,NULL),(212,441500,'汕尾市',440000,0,NULL),(213,441600,'河源市',440000,0,NULL),(214,441700,'阳江市',440000,0,NULL),(215,441800,'清远市',440000,0,NULL),(216,441900,'东莞市',440000,0,NULL),(217,442000,'中山市',440000,0,NULL),(218,445100,'潮州市',440000,0,NULL),(219,445200,'揭阳市',440000,0,NULL),(220,445300,'云浮市',440000,0,NULL),(221,450100,'南宁市',450000,0,NULL),(222,450200,'柳州市',450000,0,NULL),(223,450300,'桂林市',450000,0,NULL),(224,450400,'梧州市',450000,0,NULL),(225,450500,'北海市',450000,0,NULL),(226,450600,'防城港市',450000,0,NULL),(227,450700,'钦州市',450000,0,NULL),(228,450800,'贵港市',450000,0,NULL),(229,450900,'玉林市',450000,0,NULL),(230,451000,'百色市',450000,0,NULL),(231,451100,'贺州市',450000,0,NULL),(232,451200,'河池市',450000,0,NULL),(233,451300,'来宾市',450000,0,NULL),(234,451400,'崇左市',450000,0,NULL),(235,460100,'海口市',460000,0,NULL),(236,460200,'三亚市',460000,0,NULL),(237,469000,'省直辖县级行政单位',460000,0,NULL),(238,500100,'市辖区',500000,0,NULL),(239,500200,'县',500000,0,NULL),(240,500300,'市',500000,0,NULL),(241,510100,'成都市',510000,0,NULL),(242,510300,'自贡市',510000,0,NULL),(243,510400,'攀枝花市',510000,0,NULL),(244,510500,'泸州市',510000,0,NULL),(245,510600,'德阳市',510000,0,NULL),(246,510700,'绵阳市',510000,0,NULL),(247,510800,'广元市',510000,0,NULL),(248,510900,'遂宁市',510000,0,NULL),(249,511000,'内江市',510000,0,NULL),(250,511100,'乐山市',510000,0,NULL),(251,511300,'南充市',510000,0,NULL),(252,511400,'眉山市',510000,0,NULL),(253,511500,'宜宾市',510000,0,NULL),(254,511600,'广安市',510000,0,NULL),(255,511700,'达州市',510000,0,NULL),(256,511800,'雅安市',510000,0,NULL),(257,511900,'巴中市',510000,0,NULL),(258,512000,'资阳市',510000,0,NULL),(259,513200,'阿坝藏族羌族自治州',510000,0,NULL),(260,513300,'甘孜藏族自治州',510000,0,NULL),(261,513400,'凉山彝族自治州',510000,0,NULL),(262,520100,'贵阳市',520000,0,NULL),(263,520200,'六盘水市',520000,0,NULL),(264,520300,'遵义市',520000,0,NULL),(265,520400,'安顺市',520000,0,NULL),(266,522200,'铜仁市',520000,0,NULL),(267,522300,'黔西南州',520000,0,NULL),(268,522400,'毕节市',520000,0,NULL),(269,522600,'黔东南州',520000,0,NULL),(270,522700,'黔南州',520000,0,NULL),(271,530100,'昆明市',530000,0,NULL),(272,530300,'曲靖市',530000,0,NULL),(273,530400,'玉溪市',530000,0,NULL),(274,530500,'保山市',530000,0,NULL),(275,530600,'昭通市',530000,0,NULL),(276,530700,'丽江市',530000,0,NULL),(277,530800,'思茅市',530000,0,NULL),(278,530900,'临沧市',530000,0,NULL),(279,532300,'楚雄彝族自治州',530000,0,NULL),(280,532500,'红河哈尼族彝族自治州',530000,0,NULL),(281,532600,'文山壮族苗族自治州',530000,0,NULL),(282,532800,'西双版纳傣族自治州',530000,0,NULL),(283,532900,'大理白族自治州',530000,0,NULL),(284,533100,'德宏傣族景颇族自治州',530000,0,NULL),(285,533300,'怒江傈僳族自治州',530000,0,NULL),(286,533400,'迪庆藏族自治州',530000,0,NULL),(287,540100,'拉萨市',540000,0,NULL),(288,542100,'昌都地区',540000,0,NULL),(289,542200,'山南地区',540000,0,NULL),(290,542300,'日喀则地区',540000,0,NULL),(291,542400,'那曲地区',540000,0,NULL),(292,542500,'阿里地区',540000,0,NULL),(293,542600,'林芝地区',540000,0,NULL),(294,610100,'西安市',610000,0,NULL),(295,610200,'铜川市',610000,0,NULL),(296,610300,'宝鸡市',610000,0,NULL),(297,610400,'咸阳市',610000,0,NULL),(298,610500,'渭南市',610000,0,NULL),(299,610600,'延安市',610000,0,NULL),(300,610700,'汉中市',610000,0,NULL),(301,610800,'榆林市',610000,0,NULL),(302,610900,'安康市',610000,0,NULL),(303,611000,'商洛市',610000,0,NULL),(304,620100,'兰州市',620000,0,NULL),(305,620200,'嘉峪关市',620000,0,NULL),(306,620300,'金昌市',620000,0,NULL),(307,620400,'白银市',620000,0,NULL),(308,620500,'天水市',620000,0,NULL),(309,620600,'武威市',620000,0,NULL),(310,620700,'张掖市',620000,0,NULL),(311,620800,'平凉市',620000,0,NULL),(312,620900,'酒泉市',620000,0,NULL),(313,621000,'庆阳市',620000,0,NULL),(314,621100,'定西市',620000,0,NULL),(315,621200,'陇南市',620000,0,NULL),(316,622900,'临夏回族自治州',620000,0,NULL),(317,623000,'甘南藏族自治州',620000,0,NULL),(318,630100,'西宁市',630000,0,NULL),(319,632100,'海东地区',630000,0,NULL),(320,632200,'海北藏族自治州',630000,0,NULL),(321,632300,'黄南藏族自治州',630000,0,NULL),(322,632500,'海南藏族自治州',630000,0,NULL),(323,632600,'果洛藏族自治州',630000,0,NULL),(324,632700,'玉树藏族自治州',630000,0,NULL),(325,632800,'海西蒙古族藏族自治州',630000,0,NULL),(326,640100,'银川市',640000,0,NULL),(327,640200,'石嘴山市',640000,0,NULL),(328,640300,'吴忠市',640000,0,NULL),(329,640400,'固原市',640000,0,NULL),(330,640500,'中卫市',640000,0,NULL),(331,650100,'乌鲁木齐市',650000,0,NULL),(332,650200,'克拉玛依市',650000,0,NULL),(333,652100,'吐鲁番地区',650000,0,NULL),(334,652200,'哈密地区',650000,0,NULL),(335,652300,'昌吉回族自治州',650000,0,NULL),(336,652700,'博尔塔拉蒙古自治州',650000,0,NULL),(337,652800,'巴音郭楞蒙古自治州',650000,0,NULL),(338,652900,'阿克苏地区',650000,0,NULL),(339,653000,'克孜勒苏柯尔克孜自治州',650000,0,NULL),(340,653100,'喀什地区',650000,0,NULL),(341,653200,'和田地区',650000,0,NULL),(342,654000,'伊犁哈萨克自治州',650000,0,NULL),(343,654200,'塔城地区',650000,0,NULL),(344,654300,'阿勒泰地区',650000,0,NULL),(345,659000,'省直辖行政单位',650000,0,NULL),(346,110101,'东城区',110100,1,NULL),(347,110102,'西城区',110100,1,NULL),(348,110103,'崇文区',110100,1,NULL),(349,110104,'宣武区',110100,1,NULL),(350,110105,'朝阳区',110100,1,NULL),(351,110106,'丰台区',110100,1,NULL),(352,110107,'石景山区',110100,1,NULL),(353,110108,'海淀区',110100,1,NULL),(354,110109,'门头沟区',110100,1,NULL),(355,110111,'房山区',110100,1,NULL),(356,110112,'通州区',110100,1,NULL),(357,110113,'顺义区',110100,1,NULL),(358,110114,'昌平区',110100,1,NULL),(359,110115,'大兴区',110100,1,NULL),(360,110116,'怀柔区',110100,1,NULL),(361,110117,'平谷区',110100,1,NULL),(362,110228,'密云县',110200,1,NULL),(363,110229,'延庆县',110200,1,NULL),(364,120101,'和平区',120100,1,NULL),(365,120102,'河东区',120100,1,NULL),(366,120103,'河西区',120100,1,NULL),(367,120104,'南开区',120100,1,NULL),(368,120105,'河北区',120100,1,NULL),(369,120106,'红桥区',120100,1,NULL),(370,120107,'塘沽区',120100,1,NULL),(371,120108,'汉沽区',120100,1,NULL),(372,120109,'大港区',120100,1,NULL),(373,120110,'东丽区',120100,1,NULL),(374,120111,'西青区',120100,1,NULL),(375,120112,'津南区',120100,1,NULL),(376,120113,'北辰区',120100,1,NULL),(377,120114,'武清区',120100,1,NULL),(378,120115,'宝坻区',120100,1,NULL),(379,120221,'宁河县',120200,1,NULL),(380,120223,'静海县',120200,1,NULL),(381,120225,'蓟　县',120200,1,NULL),(382,130102,'长安区',130100,1,NULL),(383,130103,'桥东区',130100,1,NULL),(384,130104,'桥西区',130100,1,NULL),(385,130105,'新华区',130100,1,NULL),(386,130107,'井陉矿区',130100,1,NULL),(387,130108,'裕华区',130100,1,NULL),(388,130121,'井陉县',130100,1,NULL),(389,130123,'正定县',130100,1,NULL),(390,130124,'栾城县',130100,1,NULL),(391,130125,'行唐县',130100,1,NULL),(392,130126,'灵寿县',130100,1,NULL),(393,130127,'高邑县',130100,1,NULL),(394,130128,'深泽县',130100,1,NULL),(395,130129,'赞皇县',130100,1,NULL),(396,130130,'无极县',130100,1,NULL),(397,130131,'平山县',130100,1,NULL),(398,130132,'元氏县',130100,1,NULL),(399,130133,'赵　县',130100,1,NULL),(400,130181,'辛集市',130100,1,NULL),(401,130182,'藁城市',130100,1,NULL),(402,130183,'晋州市',130100,1,NULL),(403,130184,'新乐市',130100,1,NULL),(404,130185,'鹿泉市',130100,1,NULL),(405,130202,'路南区',130200,1,NULL),(406,130203,'路北区',130200,1,NULL),(407,130204,'古冶区',130200,1,NULL),(408,130205,'开平区',130200,1,NULL),(409,130207,'丰南区',130200,1,NULL),(410,130208,'丰润区',130200,1,NULL),(411,130223,'滦　县',130200,1,NULL),(412,130224,'滦南县',130200,1,NULL),(413,130225,'乐亭县',130200,1,NULL),(414,130227,'迁西县',130200,1,NULL),(415,130229,'玉田县',130200,1,NULL),(416,130230,'唐海县',130200,1,NULL),(417,130281,'遵化市',130200,1,NULL),(418,130283,'迁安市',130200,1,NULL),(419,130302,'海港区',130300,1,NULL),(420,130303,'山海关区',130300,1,NULL),(421,130304,'北戴河区',130300,1,NULL),(422,130321,'青龙满族自治县',130300,1,NULL),(423,130322,'昌黎县',130300,1,NULL),(424,130323,'抚宁县',130300,1,NULL),(425,130324,'卢龙县',130300,1,NULL),(426,130402,'邯山区',130400,1,NULL),(427,130403,'丛台区',130400,1,NULL),(428,130404,'复兴区',130400,1,NULL),(429,130406,'峰峰矿区',130400,1,NULL),(430,130421,'邯郸县',130400,1,NULL),(431,130423,'临漳县',130400,1,NULL),(432,130424,'成安县',130400,1,NULL),(433,130425,'大名县',130400,1,NULL),(434,130426,'涉　县',130400,1,NULL),(435,130427,'磁　县',130400,1,NULL),(436,130428,'肥乡县',130400,1,NULL),(437,130429,'永年县',130400,1,NULL),(438,130430,'邱　县',130400,1,NULL),(439,130431,'鸡泽县',130400,1,NULL),(440,130432,'广平县',130400,1,NULL),(441,130433,'馆陶县',130400,1,NULL),(442,130434,'魏　县',130400,1,NULL),(443,130435,'曲周县',130400,1,NULL),(444,130481,'武安市',130400,1,NULL),(445,130502,'桥东区',130500,1,NULL),(446,130503,'桥西区',130500,1,NULL),(447,130521,'邢台县',130500,1,NULL),(448,130522,'临城县',130500,1,NULL),(449,130523,'内丘县',130500,1,NULL),(450,130524,'柏乡县',130500,1,NULL),(451,130525,'隆尧县',130500,1,NULL),(452,130526,'任　县',130500,1,NULL),(453,130527,'南和县',130500,1,NULL),(454,130528,'宁晋县',130500,1,NULL),(455,130529,'巨鹿县',130500,1,NULL),(456,130530,'新河县',130500,1,NULL),(457,130531,'广宗县',130500,1,NULL),(458,130532,'平乡县',130500,1,NULL),(459,130533,'威　县',130500,1,NULL),(460,130534,'清河县',130500,1,NULL),(461,130535,'临西县',130500,1,NULL),(462,130581,'南宫市',130500,1,NULL),(463,130582,'沙河市',130500,1,NULL),(464,130602,'新市区',130600,1,NULL),(465,130603,'北市区',130600,1,NULL),(466,130604,'南市区',130600,1,NULL),(467,130621,'满城县',130600,1,NULL),(468,130622,'清苑县',130600,1,NULL),(469,130623,'涞水县',130600,1,NULL),(470,130624,'阜平县',130600,1,NULL),(471,130625,'徐水县',130600,1,NULL),(472,130626,'定兴县',130600,1,NULL),(473,130627,'唐　县',130600,1,NULL),(474,130628,'高阳县',130600,1,NULL),(475,130629,'容城县',130600,1,NULL),(476,130630,'涞源县',130600,1,NULL),(477,130631,'望都县',130600,1,NULL),(478,130632,'安新县',130600,1,NULL),(479,130633,'易　县',130600,1,NULL),(480,130634,'曲阳县',130600,1,NULL),(481,130635,'蠡　县',130600,1,NULL),(482,130636,'顺平县',130600,1,NULL),(483,130637,'博野县',130600,1,NULL),(484,130638,'雄　县',130600,1,NULL),(485,130681,'涿州市',130600,1,NULL),(486,130682,'定州市',130600,1,NULL),(487,130683,'安国市',130600,1,NULL),(488,130684,'高碑店市',130600,1,NULL),(489,130702,'桥东区',130700,1,NULL),(490,130703,'桥西区',130700,1,NULL),(491,130705,'宣化区',130700,1,NULL),(492,130706,'下花园区',130700,1,NULL),(493,130721,'宣化县',130700,1,NULL),(494,130722,'张北县',130700,1,NULL),(495,130723,'康保县',130700,1,NULL),(496,130724,'沽源县',130700,1,NULL),(497,130725,'尚义县',130700,1,NULL),(498,130726,'蔚　县',130700,1,NULL),(499,130727,'阳原县',130700,1,NULL),(500,130728,'怀安县',130700,1,NULL),(501,130729,'万全县',130700,1,NULL),(502,130730,'怀来县',130700,1,NULL),(503,130731,'涿鹿县',130700,1,NULL),(504,130732,'赤城县',130700,1,NULL),(505,130733,'崇礼县',130700,1,NULL),(506,130802,'双桥区',130800,1,NULL),(507,130803,'双滦区',130800,1,NULL),(508,130804,'鹰手营子矿区',130800,1,NULL),(509,130821,'承德县',130800,1,NULL),(510,130822,'兴隆县',130800,1,NULL),(511,130823,'平泉县',130800,1,NULL),(512,130824,'滦平县',130800,1,NULL),(513,130825,'隆化县',130800,1,NULL),(514,130826,'丰宁满族自治县',130800,1,NULL),(515,130827,'宽城满族自治县',130800,1,NULL),(516,130828,'围场满族蒙古族自治县',130800,1,NULL),(517,130902,'新华区',130900,1,NULL),(518,130903,'运河区',130900,1,NULL),(519,130921,'沧　县',130900,1,NULL),(520,130922,'青　县',130900,1,NULL),(521,130923,'东光县',130900,1,NULL),(522,130924,'海兴县',130900,1,NULL),(523,130925,'盐山县',130900,1,NULL),(524,130926,'肃宁县',130900,1,NULL),(525,130927,'南皮县',130900,1,NULL),(526,130928,'吴桥县',130900,1,NULL),(527,130929,'献　县',130900,1,NULL),(528,130930,'孟村回族自治县',130900,1,NULL),(529,130981,'泊头市',130900,1,NULL),(530,130982,'任丘市',130900,1,NULL),(531,130983,'黄骅市',130900,1,NULL),(532,130984,'河间市',130900,1,NULL),(533,131002,'安次区',131000,1,NULL),(534,131003,'广阳区',131000,1,NULL),(535,131022,'固安县',131000,1,NULL),(536,131023,'永清县',131000,1,NULL),(537,131024,'香河县',131000,1,NULL),(538,131025,'大城县',131000,1,NULL),(539,131026,'文安县',131000,1,NULL),(540,131028,'大厂回族自治县',131000,1,NULL),(541,131081,'霸州市',131000,1,NULL),(542,131082,'三河市',131000,1,NULL),(543,131102,'桃城区',131100,1,NULL),(544,131121,'枣强县',131100,1,NULL),(545,131122,'武邑县',131100,1,NULL),(546,131123,'武强县',131100,1,NULL),(547,131124,'饶阳县',131100,1,NULL),(548,131125,'安平县',131100,1,NULL),(549,131126,'故城县',131100,1,NULL),(550,131127,'景　县',131100,1,NULL),(551,131128,'阜城县',131100,1,NULL),(552,131181,'冀州市',131100,1,NULL),(553,131182,'深州市',131100,1,NULL),(554,140105,'小店区',140100,1,NULL),(555,140106,'迎泽区',140100,1,NULL),(556,140107,'杏花岭区',140100,1,NULL),(557,140108,'尖草坪区',140100,1,NULL),(558,140109,'万柏林区',140100,1,NULL),(559,140110,'晋源区',140100,1,NULL),(560,140121,'清徐县',140100,1,NULL),(561,140122,'阳曲县',140100,1,NULL),(562,140123,'娄烦县',140100,1,NULL),(563,140181,'古交市',140100,1,NULL),(564,140202,'城　区',140200,1,NULL),(565,140203,'矿　区',140200,1,NULL),(566,140211,'南郊区',140200,1,NULL),(567,140212,'新荣区',140200,1,NULL),(568,140221,'阳高县',140200,1,NULL),(569,140222,'天镇县',140200,1,NULL),(570,140223,'广灵县',140200,1,NULL),(571,140224,'灵丘县',140200,1,NULL),(572,140225,'浑源县',140200,1,NULL),(573,140226,'左云县',140200,1,NULL),(574,140227,'大同县',140200,1,NULL),(575,140302,'城　区',140300,1,NULL),(576,140303,'矿　区',140300,1,NULL),(577,140311,'郊　区',140300,1,NULL),(578,140321,'平定县',140300,1,NULL),(579,140322,'盂　县',140300,1,NULL),(580,140402,'城　区',140400,1,NULL),(581,140411,'郊　区',140400,1,NULL),(582,140421,'长治县',140400,1,NULL),(583,140423,'襄垣县',140400,1,NULL),(584,140424,'屯留县',140400,1,NULL),(585,140425,'平顺县',140400,1,NULL),(586,140426,'黎城县',140400,1,NULL),(587,140427,'壶关县',140400,1,NULL),(588,140428,'长子县',140400,1,NULL),(589,140429,'武乡县',140400,1,NULL),(590,140430,'沁　县',140400,1,NULL),(591,140431,'沁源县',140400,1,NULL),(592,140481,'潞城市',140400,1,NULL),(593,140502,'城　区',140500,1,NULL),(594,140521,'沁水县',140500,1,NULL),(595,140522,'阳城县',140500,1,NULL),(596,140524,'陵川县',140500,1,NULL),(597,140525,'泽州县',140500,1,NULL),(598,140581,'高平市',140500,1,NULL),(599,140602,'朔城区',140600,1,NULL),(600,140603,'平鲁区',140600,1,NULL),(601,140621,'山阴县',140600,1,NULL),(602,140622,'应　县',140600,1,NULL),(603,140623,'右玉县',140600,1,NULL),(604,140624,'怀仁县',140600,1,NULL),(605,140702,'榆次区',140700,1,NULL),(606,140721,'榆社县',140700,1,NULL),(607,140722,'左权县',140700,1,NULL),(608,140723,'和顺县',140700,1,NULL),(609,140724,'昔阳县',140700,1,NULL),(610,140725,'寿阳县',140700,1,NULL),(611,140726,'太谷县',140700,1,NULL),(612,140727,'祁　县',140700,1,NULL),(613,140728,'平遥县',140700,1,NULL),(614,140729,'灵石县',140700,1,NULL),(615,140781,'介休市',140700,1,NULL),(616,140802,'盐湖区',140800,1,NULL),(617,140821,'临猗县',140800,1,NULL),(618,140822,'万荣县',140800,1,NULL),(619,140823,'闻喜县',140800,1,NULL),(620,140824,'稷山县',140800,1,NULL),(621,140825,'新绛县',140800,1,NULL),(622,140826,'绛　县',140800,1,NULL),(623,140827,'垣曲县',140800,1,NULL),(624,140828,'夏　县',140800,1,NULL),(625,140829,'平陆县',140800,1,NULL),(626,140830,'芮城县',140800,1,NULL),(627,140881,'永济市',140800,1,NULL),(628,140882,'河津市',140800,1,NULL),(629,140902,'忻府区',140900,1,NULL),(630,140921,'定襄县',140900,1,NULL),(631,140922,'五台县',140900,1,NULL),(632,140923,'代　县',140900,1,NULL),(633,140924,'繁峙县',140900,1,NULL),(634,140925,'宁武县',140900,1,NULL),(635,140926,'静乐县',140900,1,NULL),(636,140927,'神池县',140900,1,NULL),(637,140928,'五寨县',140900,1,NULL),(638,140929,'岢岚县',140900,1,NULL),(639,140930,'河曲县',140900,1,NULL),(640,140931,'保德县',140900,1,NULL),(641,140932,'偏关县',140900,1,NULL),(642,140981,'原平市',140900,1,NULL),(643,141002,'尧都区',141000,1,NULL),(644,141021,'曲沃县',141000,1,NULL),(645,141022,'翼城县',141000,1,NULL),(646,141023,'襄汾县',141000,1,NULL),(647,141024,'洪洞县',141000,1,NULL),(648,141025,'古　县',141000,1,NULL),(649,141026,'安泽县',141000,1,NULL),(650,141027,'浮山县',141000,1,NULL),(651,141028,'吉　县',141000,1,NULL),(652,141029,'乡宁县',141000,1,NULL),(653,141030,'大宁县',141000,1,NULL),(654,141031,'隰　县',141000,1,NULL),(655,141032,'永和县',141000,1,NULL),(656,141033,'蒲　县',141000,1,NULL),(657,141034,'汾西县',141000,1,NULL),(658,141081,'侯马市',141000,1,NULL),(659,141082,'霍州市',141000,1,NULL),(660,141102,'离石区',141100,1,NULL),(661,141121,'文水县',141100,1,NULL),(662,141122,'交城县',141100,1,NULL),(663,141123,'兴　县',141100,1,NULL),(664,141124,'临　县',141100,1,NULL),(665,141125,'柳林县',141100,1,NULL),(666,141126,'石楼县',141100,1,NULL),(667,141127,'岚　县',141100,1,NULL),(668,141128,'方山县',141100,1,NULL),(669,141129,'中阳县',141100,1,NULL),(670,141130,'交口县',141100,1,NULL),(671,141181,'孝义市',141100,1,NULL),(672,141182,'汾阳市',141100,1,NULL),(673,150102,'新城区',150100,1,NULL),(674,150103,'回民区',150100,1,NULL),(675,150104,'玉泉区',150100,1,NULL),(676,150105,'赛罕区',150100,1,NULL),(677,150121,'土默特左旗',150100,1,NULL),(678,150122,'托克托县',150100,1,NULL),(679,150123,'和林格尔县',150100,1,NULL),(680,150124,'清水河县',150100,1,NULL),(681,150125,'武川县',150100,1,NULL),(682,150202,'东河区',150200,1,NULL),(683,150203,'昆都仑区',150200,1,NULL),(684,150204,'青山区',150200,1,NULL),(685,150205,'石拐区',150200,1,NULL),(686,150206,'白云矿区',150200,1,NULL),(687,150207,'九原区',150200,1,NULL),(688,150221,'土默特右旗',150200,1,NULL),(689,150222,'固阳县',150200,1,NULL),(690,150223,'达尔罕茂明安联合旗',150200,1,NULL),(691,150302,'海勃湾区',150300,1,NULL),(692,150303,'海南区',150300,1,NULL),(693,150304,'乌达区',150300,1,NULL),(694,150402,'红山区',150400,1,NULL),(695,150403,'元宝山区',150400,1,NULL),(696,150404,'松山区',150400,1,NULL),(697,150421,'阿鲁科尔沁旗',150400,1,NULL),(698,150422,'巴林左旗',150400,1,NULL),(699,150423,'巴林右旗',150400,1,NULL),(700,150424,'林西县',150400,1,NULL),(701,150425,'克什克腾旗',150400,1,NULL),(702,150426,'翁牛特旗',150400,1,NULL),(703,150428,'喀喇沁旗',150400,1,NULL),(704,150429,'宁城县',150400,1,NULL),(705,150430,'敖汉旗',150400,1,NULL),(706,150502,'科尔沁区',150500,1,NULL),(707,150521,'科尔沁左翼中旗',150500,1,NULL),(708,150522,'科尔沁左翼后旗',150500,1,NULL),(709,150523,'开鲁县',150500,1,NULL),(710,150524,'库伦旗',150500,1,NULL),(711,150525,'奈曼旗',150500,1,NULL),(712,150526,'扎鲁特旗',150500,1,NULL),(713,150581,'霍林郭勒市',150500,1,NULL),(714,150602,'东胜区',150600,1,NULL),(715,150621,'达拉特旗',150600,1,NULL),(716,150622,'准格尔旗',150600,1,NULL),(717,150623,'鄂托克前旗',150600,1,NULL),(718,150624,'鄂托克旗',150600,1,NULL),(719,150625,'杭锦旗',150600,1,NULL),(720,150626,'乌审旗',150600,1,NULL),(721,150627,'伊金霍洛旗',150600,1,NULL),(722,150702,'海拉尔区',150700,1,NULL),(723,150721,'阿荣旗',150700,1,NULL),(724,150722,'莫力达瓦达斡尔族自治旗',150700,1,NULL),(725,150723,'鄂伦春自治旗',150700,1,NULL),(726,150724,'鄂温克族自治旗',150700,1,NULL),(727,150725,'陈巴尔虎旗',150700,1,NULL),(728,150726,'新巴尔虎左旗',150700,1,NULL),(729,150727,'新巴尔虎右旗',150700,1,NULL),(730,150781,'满洲里市',150700,1,NULL),(731,150782,'牙克石市',150700,1,NULL),(732,150783,'扎兰屯市',150700,1,NULL),(733,150784,'额尔古纳市',150700,1,NULL),(734,150785,'根河市',150700,1,NULL),(735,150802,'临河区',150800,1,NULL),(736,150821,'五原县',150800,1,NULL),(737,150822,'磴口县',150800,1,NULL),(738,150823,'乌拉特前旗',150800,1,NULL),(739,150824,'乌拉特中旗',150800,1,NULL),(740,150825,'乌拉特后旗',150800,1,NULL),(741,150826,'杭锦后旗',150800,1,NULL),(742,150902,'集宁区',150900,1,NULL),(743,150921,'卓资县',150900,1,NULL),(744,150922,'化德县',150900,1,NULL),(745,150923,'商都县',150900,1,NULL),(746,150924,'兴和县',150900,1,NULL),(747,150925,'凉城县',150900,1,NULL),(748,150926,'察哈尔右翼前旗',150900,1,NULL),(749,150927,'察哈尔右翼中旗',150900,1,NULL),(750,150928,'察哈尔右翼后旗',150900,1,NULL),(751,150929,'四子王旗',150900,1,NULL),(752,150981,'丰镇市',150900,1,NULL),(753,152201,'乌兰浩特市',152200,1,NULL),(754,152202,'阿尔山市',152200,1,NULL),(755,152221,'科尔沁右翼前旗',152200,1,NULL),(756,152222,'科尔沁右翼中旗',152200,1,NULL),(757,152223,'扎赉特旗',152200,1,NULL),(758,152224,'突泉县',152200,1,NULL),(759,152501,'二连浩特市',152500,1,NULL),(760,152502,'锡林浩特市',152500,1,NULL),(761,152522,'阿巴嘎旗',152500,1,NULL),(762,152523,'苏尼特左旗',152500,1,NULL),(763,152524,'苏尼特右旗',152500,1,NULL),(764,152525,'东乌珠穆沁旗',152500,1,NULL),(765,152526,'西乌珠穆沁旗',152500,1,NULL),(766,152527,'太仆寺旗',152500,1,NULL),(767,152528,'镶黄旗',152500,1,NULL),(768,152529,'正镶白旗',152500,1,NULL),(769,152530,'正蓝旗',152500,1,NULL),(770,152531,'多伦县',152500,1,NULL),(771,152921,'阿拉善左旗',152900,1,NULL),(772,152922,'阿拉善右旗',152900,1,NULL),(773,152923,'额济纳旗',152900,1,NULL),(774,210102,'和平区',210100,1,NULL),(775,210103,'沈河区',210100,1,NULL),(776,210104,'大东区',210100,1,NULL),(777,210105,'皇姑区',210100,1,NULL),(778,210106,'铁西区',210100,1,NULL),(779,210111,'苏家屯区',210100,1,NULL),(780,210112,'东陵区',210100,1,NULL),(781,210113,'新城子区',210100,1,NULL),(782,210114,'于洪区',210100,1,NULL),(783,210122,'辽中县',210100,1,NULL),(784,210123,'康平县',210100,1,NULL),(785,210124,'法库县',210100,1,NULL),(786,210181,'新民市',210100,1,NULL),(787,210202,'中山区',210200,1,NULL),(788,210203,'西岗区',210200,1,NULL),(789,210204,'沙河口区',210200,1,NULL),(790,210211,'甘井子区',210200,1,NULL),(791,210212,'旅顺口区',210200,1,NULL),(792,210213,'金州区',210200,1,NULL),(793,210224,'长海县',210200,1,NULL),(794,210281,'瓦房店市',210200,1,NULL),(795,210282,'普兰店市',210200,1,NULL),(796,210283,'庄河市',210200,1,NULL),(797,210302,'铁东区',210300,1,NULL),(798,210303,'铁西区',210300,1,NULL),(799,210304,'立山区',210300,1,NULL),(800,210311,'千山区',210300,1,NULL),(801,210321,'台安县',210300,1,NULL),(802,210323,'岫岩满族自治县',210300,1,NULL),(803,210381,'海城市',210300,1,NULL),(804,210402,'新抚区',210400,1,NULL),(805,210403,'东洲区',210400,1,NULL),(806,210404,'望花区',210400,1,NULL),(807,210411,'顺城区',210400,1,NULL),(808,210421,'抚顺县',210400,1,NULL),(809,210422,'新宾满族自治县',210400,1,NULL),(810,210423,'清原满族自治县',210400,1,NULL),(811,210502,'平山区',210500,1,NULL),(812,210503,'溪湖区',210500,1,NULL),(813,210504,'明山区',210500,1,NULL),(814,210505,'南芬区',210500,1,NULL),(815,210521,'本溪满族自治县',210500,1,NULL),(816,210522,'桓仁满族自治县',210500,1,NULL),(817,210602,'元宝区',210600,1,NULL),(818,210603,'振兴区',210600,1,NULL),(819,210604,'振安区',210600,1,NULL),(820,210624,'宽甸满族自治县',210600,1,NULL),(821,210681,'东港市',210600,1,NULL),(822,210682,'凤城市',210600,1,NULL),(823,210702,'古塔区',210700,1,NULL),(824,210703,'凌河区',210700,1,NULL),(825,210711,'太和区',210700,1,NULL),(826,210726,'黑山县',210700,1,NULL),(827,210727,'义　县',210700,1,NULL),(828,210781,'凌海市',210700,1,NULL),(829,210782,'北宁市',210700,1,NULL),(830,210802,'站前区',210800,1,NULL),(831,210803,'西市区',210800,1,NULL),(832,210804,'鲅鱼圈区',210800,1,NULL),(833,210811,'老边区',210800,1,NULL),(834,210881,'盖州市',210800,1,NULL),(835,210882,'大石桥市',210800,1,NULL),(836,210902,'海州区',210900,1,NULL),(837,210903,'新邱区',210900,1,NULL),(838,210904,'太平区',210900,1,NULL),(839,210905,'清河门区',210900,1,NULL),(840,210911,'细河区',210900,1,NULL),(841,210921,'阜新蒙古族自治县',210900,1,NULL),(842,210922,'彰武县',210900,1,NULL),(843,211002,'白塔区',211000,1,NULL),(844,211003,'文圣区',211000,1,NULL),(845,211004,'宏伟区',211000,1,NULL),(846,211005,'弓长岭区',211000,1,NULL),(847,211011,'太子河区',211000,1,NULL),(848,211021,'辽阳县',211000,1,NULL),(849,211081,'灯塔市',211000,1,NULL),(850,211102,'双台子区',211100,1,NULL),(851,211103,'兴隆台区',211100,1,NULL),(852,211121,'大洼县',211100,1,NULL),(853,211122,'盘山县',211100,1,NULL),(854,211202,'银州区',211200,1,NULL),(855,211204,'清河区',211200,1,NULL),(856,211221,'铁岭县',211200,1,NULL),(857,211223,'西丰县',211200,1,NULL),(858,211224,'昌图县',211200,1,NULL),(859,211281,'调兵山市',211200,1,NULL),(860,211282,'开原市',211200,1,NULL),(861,211302,'双塔区',211300,1,NULL),(862,211303,'龙城区',211300,1,NULL),(863,211321,'朝阳县',211300,1,NULL),(864,211322,'建平县',211300,1,NULL),(865,211324,'喀喇沁左翼蒙古族自治县',211300,1,NULL),(866,211381,'北票市',211300,1,NULL),(867,211382,'凌源市',211300,1,NULL),(868,211402,'连山区',211400,1,NULL),(869,211403,'龙港区',211400,1,NULL),(870,211404,'南票区',211400,1,NULL),(871,211421,'绥中县',211400,1,NULL),(872,211422,'建昌县',211400,1,NULL),(873,211481,'兴城市',211400,1,NULL),(874,220102,'南关区',220100,1,NULL),(875,220103,'宽城区',220100,1,NULL),(876,220104,'朝阳区',220100,1,NULL),(877,220105,'二道区',220100,1,NULL),(878,220106,'绿园区',220100,1,NULL),(879,220112,'双阳区',220100,1,NULL),(880,220122,'农安县',220100,1,NULL),(881,220181,'九台市',220100,1,NULL),(882,220182,'榆树市',220100,1,NULL),(883,220183,'德惠市',220100,1,NULL),(884,220202,'昌邑区',220200,1,NULL),(885,220203,'龙潭区',220200,1,NULL),(886,220204,'船营区',220200,1,NULL),(887,220211,'丰满区',220200,1,NULL),(888,220221,'永吉县',220200,1,NULL),(889,220281,'蛟河市',220200,1,NULL),(890,220282,'桦甸市',220200,1,NULL),(891,220283,'舒兰市',220200,1,NULL),(892,220284,'磐石市',220200,1,NULL),(893,220302,'铁西区',220300,1,NULL),(894,220303,'铁东区',220300,1,NULL),(895,220322,'梨树县',220300,1,NULL),(896,220323,'伊通满族自治县',220300,1,NULL),(897,220381,'公主岭市',220300,1,NULL),(898,220382,'双辽市',220300,1,NULL),(899,220402,'龙山区',220400,1,NULL),(900,220403,'西安区',220400,1,NULL),(901,220421,'东丰县',220400,1,NULL),(902,220422,'东辽县',220400,1,NULL),(903,220502,'东昌区',220500,1,NULL),(904,220503,'二道江区',220500,1,NULL),(905,220521,'通化县',220500,1,NULL),(906,220523,'辉南县',220500,1,NULL),(907,220524,'柳河县',220500,1,NULL),(908,220581,'梅河口市',220500,1,NULL),(909,220582,'集安市',220500,1,NULL),(910,220602,'八道江区',220600,1,NULL),(911,220621,'抚松县',220600,1,NULL),(912,220622,'靖宇县',220600,1,NULL),(913,220623,'长白朝鲜族自治县',220600,1,NULL),(914,220625,'江源县',220600,1,NULL),(915,220681,'临江市',220600,1,NULL),(916,220702,'宁江区',220700,1,NULL),(917,220721,'前郭尔罗斯蒙古族自治县',220700,1,NULL),(918,220722,'长岭县',220700,1,NULL),(919,220723,'乾安县',220700,1,NULL),(920,220724,'扶余县',220700,1,NULL),(921,220802,'洮北区',220800,1,NULL),(922,220821,'镇赉县',220800,1,NULL),(923,220822,'通榆县',220800,1,NULL),(924,220881,'洮南市',220800,1,NULL),(925,220882,'大安市',220800,1,NULL),(926,222401,'延吉市',222400,1,NULL),(927,222402,'图们市',222400,1,NULL),(928,222403,'敦化市',222400,1,NULL),(929,222404,'珲春市',222400,1,NULL),(930,222405,'龙井市',222400,1,NULL),(931,222406,'和龙市',222400,1,NULL),(932,222424,'汪清县',222400,1,NULL),(933,222426,'安图县',222400,1,NULL),(934,230102,'道里区',230100,1,NULL),(935,230103,'南岗区',230100,1,NULL),(936,230104,'道外区',230100,1,NULL),(937,230106,'香坊区',230100,1,NULL),(938,230107,'动力区',230100,1,NULL),(939,230108,'平房区',230100,1,NULL),(940,230109,'松北区',230100,1,NULL),(941,230111,'呼兰区',230100,1,NULL),(942,230123,'依兰县',230100,1,NULL),(943,230124,'方正县',230100,1,NULL),(944,230125,'宾　县',230100,1,NULL),(945,230126,'巴彦县',230100,1,NULL),(946,230127,'木兰县',230100,1,NULL),(947,230128,'通河县',230100,1,NULL),(948,230129,'延寿县',230100,1,NULL),(949,230181,'阿城市',230100,1,NULL),(950,230182,'双城市',230100,1,NULL),(951,230183,'尚志市',230100,1,NULL),(952,230184,'五常市',230100,1,NULL),(953,230202,'龙沙区',230200,1,NULL),(954,230203,'建华区',230200,1,NULL),(955,230204,'铁锋区',230200,1,NULL),(956,230205,'昂昂溪区',230200,1,NULL),(957,230206,'富拉尔基区',230200,1,NULL),(958,230207,'碾子山区',230200,1,NULL),(959,230208,'梅里斯达斡尔族区',230200,1,NULL),(960,230221,'龙江县',230200,1,NULL),(961,230223,'依安县',230200,1,NULL),(962,230224,'泰来县',230200,1,NULL),(963,230225,'甘南县',230200,1,NULL),(964,230227,'富裕县',230200,1,NULL),(965,230229,'克山县',230200,1,NULL),(966,230230,'克东县',230200,1,NULL),(967,230231,'拜泉县',230200,1,NULL),(968,230281,'讷河市',230200,1,NULL),(969,230302,'鸡冠区',230300,1,NULL),(970,230303,'恒山区',230300,1,NULL),(971,230304,'滴道区',230300,1,NULL),(972,230305,'梨树区',230300,1,NULL),(973,230306,'城子河区',230300,1,NULL),(974,230307,'麻山区',230300,1,NULL),(975,230321,'鸡东县',230300,1,NULL),(976,230381,'虎林市',230300,1,NULL),(977,230382,'密山市',230300,1,NULL),(978,230402,'向阳区',230400,1,NULL),(979,230403,'工农区',230400,1,NULL),(980,230404,'南山区',230400,1,NULL),(981,230405,'兴安区',230400,1,NULL),(982,230406,'东山区',230400,1,NULL),(983,230407,'兴山区',230400,1,NULL),(984,230421,'萝北县',230400,1,NULL),(985,230422,'绥滨县',230400,1,NULL),(986,230502,'尖山区',230500,1,NULL),(987,230503,'岭东区',230500,1,NULL),(988,230505,'四方台区',230500,1,NULL),(989,230506,'宝山区',230500,1,NULL),(990,230521,'集贤县',230500,1,NULL),(991,230522,'友谊县',230500,1,NULL),(992,230523,'宝清县',230500,1,NULL),(993,230524,'饶河县',230500,1,NULL),(994,230602,'萨尔图区',230600,1,NULL),(995,230603,'龙凤区',230600,1,NULL),(996,230604,'让胡路区',230600,1,NULL),(997,230605,'红岗区',230600,1,NULL),(998,230606,'大同区',230600,1,NULL),(999,230621,'肇州县',230600,1,NULL),(1000,230622,'肇源县',230600,1,NULL),(1001,230623,'林甸县',230600,1,NULL),(1002,230624,'杜尔伯特蒙古族自治县',230600,1,NULL),(1003,230702,'伊春区',230700,1,NULL),(1004,230703,'南岔区',230700,1,NULL),(1005,230704,'友好区',230700,1,NULL),(1006,230705,'西林区',230700,1,NULL),(1007,230706,'翠峦区',230700,1,NULL),(1008,230707,'新青区',230700,1,NULL),(1009,230708,'美溪区',230700,1,NULL),(1010,230709,'金山屯区',230700,1,NULL),(1011,230710,'五营区',230700,1,NULL),(1012,230711,'乌马河区',230700,1,NULL),(1013,230712,'汤旺河区',230700,1,NULL),(1014,230713,'带岭区',230700,1,NULL),(1015,230714,'乌伊岭区',230700,1,NULL),(1016,230715,'红星区',230700,1,NULL),(1017,230716,'上甘岭区',230700,1,NULL),(1018,230722,'嘉荫县',230700,1,NULL),(1019,230781,'铁力市',230700,1,NULL),(1020,230802,'永红区',230800,1,NULL),(1021,230803,'向阳区',230800,1,NULL),(1022,230804,'前进区',230800,1,NULL),(1023,230805,'东风区',230800,1,NULL),(1024,230811,'郊　区',230800,1,NULL),(1025,230822,'桦南县',230800,1,NULL),(1026,230826,'桦川县',230800,1,NULL),(1027,230828,'汤原县',230800,1,NULL),(1028,230833,'抚远县',230800,1,NULL),(1029,230881,'同江市',230800,1,NULL),(1030,230882,'富锦市',230800,1,NULL),(1031,230902,'新兴区',230900,1,NULL),(1032,230903,'桃山区',230900,1,NULL),(1033,230904,'茄子河区',230900,1,NULL),(1034,230921,'勃利县',230900,1,NULL),(1035,231002,'东安区',231000,1,NULL),(1036,231003,'阳明区',231000,1,NULL),(1037,231004,'爱民区',231000,1,NULL),(1038,231005,'西安区',231000,1,NULL),(1039,231024,'东宁县',231000,1,NULL),(1040,231025,'林口县',231000,1,NULL),(1041,231081,'绥芬河市',231000,1,NULL),(1042,231083,'海林市',231000,1,NULL),(1043,231084,'宁安市',231000,1,NULL),(1044,231085,'穆棱市',231000,1,NULL),(1045,231102,'爱辉区',231100,1,NULL),(1046,231121,'嫩江县',231100,1,NULL),(1047,231123,'逊克县',231100,1,NULL),(1048,231124,'孙吴县',231100,1,NULL),(1049,231181,'北安市',231100,1,NULL),(1050,231182,'五大连池市',231100,1,NULL),(1051,231202,'北林区',231200,1,NULL),(1052,231221,'望奎县',231200,1,NULL),(1053,231222,'兰西县',231200,1,NULL),(1054,231223,'青冈县',231200,1,NULL),(1055,231224,'庆安县',231200,1,NULL),(1056,231225,'明水县',231200,1,NULL),(1057,231226,'绥棱县',231200,1,NULL),(1058,231281,'安达市',231200,1,NULL),(1059,231282,'肇东市',231200,1,NULL),(1060,231283,'海伦市',231200,1,NULL),(1061,232721,'呼玛县',232700,1,NULL),(1062,232722,'塔河县',232700,1,NULL),(1063,232723,'漠河县',232700,1,NULL),(1064,310101,'黄浦区',310100,1,NULL),(1065,310103,'卢湾区',310100,1,NULL),(1066,310104,'徐汇区',310100,1,NULL),(1067,310105,'长宁区',310100,1,NULL),(1068,310106,'静安区',310100,1,NULL),(1069,310107,'普陀区',310100,1,NULL),(1070,310108,'闸北区',310100,1,NULL),(1071,310109,'虹口区',310100,1,NULL),(1072,310110,'杨浦区',310100,1,NULL),(1073,310112,'闵行区',310100,1,NULL),(1074,310113,'宝山区',310100,1,NULL),(1075,310114,'嘉定区',310100,1,NULL),(1076,310115,'浦东新区',310100,1,NULL),(1077,310116,'金山区',310100,1,NULL),(1078,310117,'松江区',310100,1,NULL),(1079,310118,'青浦区',310100,1,NULL),(1080,310119,'南汇区',310100,1,NULL),(1081,310120,'奉贤区',310100,1,NULL),(1082,310230,'崇明县',310200,1,NULL),(1083,320102,'玄武区',320100,1,NULL),(1084,320103,'白下区',320100,1,NULL),(1085,320104,'秦淮区',320100,1,NULL),(1086,320105,'建邺区',320100,1,NULL),(1087,320106,'鼓楼区',320100,1,NULL),(1088,320107,'下关区',320100,1,NULL),(1089,320111,'浦口区',320100,1,NULL),(1090,320113,'栖霞区',320100,1,NULL),(1091,320114,'雨花台区',320100,1,NULL),(1092,320115,'江宁区',320100,1,NULL),(1093,320116,'六合区',320100,1,NULL),(1094,320124,'溧水县',320100,1,NULL),(1095,320125,'高淳县',320100,1,NULL),(1096,320202,'崇安区',320200,1,NULL),(1097,320203,'南长区',320200,1,NULL),(1098,320204,'北塘区',320200,1,NULL),(1099,320205,'锡山区',320200,1,NULL),(1100,320206,'惠山区',320200,1,NULL),(1101,320211,'滨湖区',320200,1,NULL),(1102,320281,'江阴市',320200,1,NULL),(1103,320282,'宜兴市',320200,1,NULL),(1104,320302,'鼓楼区',320300,1,NULL),(1105,320303,'云龙区',320300,1,NULL),(1106,320304,'九里区',320300,1,NULL),(1107,320305,'贾汪区',320300,1,NULL),(1108,320311,'泉山区',320300,1,NULL),(1109,320321,'丰　县',320300,1,NULL),(1110,320322,'沛　县',320300,1,NULL),(1111,320323,'铜山县',320300,1,NULL),(1112,320324,'睢宁县',320300,1,NULL),(1113,320381,'新沂市',320300,1,NULL),(1114,320382,'邳州市',320300,1,NULL),(1115,320402,'天宁区',320400,1,NULL),(1116,320404,'钟楼区',320400,1,NULL),(1117,320405,'戚墅堰区',320400,1,NULL),(1118,320411,'新北区',320400,1,NULL),(1119,320412,'武进区',320400,1,NULL),(1120,320481,'溧阳市',320400,1,NULL),(1121,320482,'金坛市',320400,1,NULL),(1122,320502,'沧浪区',320500,1,NULL),(1123,320503,'平江区',320500,1,NULL),(1124,320504,'金阊区',320500,1,NULL),(1125,320505,'虎丘区',320500,1,NULL),(1126,320506,'吴中区',320500,1,NULL),(1127,320507,'相城区',320500,1,NULL),(1128,320581,'常熟市',320500,1,NULL),(1129,320582,'张家港市',320500,1,NULL),(1130,320583,'昆山市',320500,1,NULL),(1131,320584,'吴江市',320500,1,NULL),(1132,320585,'太仓市',320500,1,NULL),(1133,320602,'崇川区',320600,1,NULL),(1134,320611,'港闸区',320600,1,NULL),(1135,320621,'海安县',320600,1,NULL),(1136,320623,'如东县',320600,1,NULL),(1137,320681,'启东市',320600,1,NULL),(1138,320682,'如皋市',320600,1,NULL),(1139,320683,'通州市',320600,1,NULL),(1140,320684,'海门市',320600,1,NULL),(1141,320703,'连云区',320700,1,NULL),(1142,320705,'新浦区',320700,1,NULL),(1143,320706,'海州区',320700,1,NULL),(1144,320721,'赣榆县',320700,1,NULL),(1145,320722,'东海县',320700,1,NULL),(1146,320723,'灌云县',320700,1,NULL),(1147,320724,'灌南县',320700,1,NULL),(1148,320802,'清河区',320800,1,NULL),(1149,320803,'楚州区',320800,1,NULL),(1150,320804,'淮阴区',320800,1,NULL),(1151,320811,'清浦区',320800,1,NULL),(1152,320826,'涟水县',320800,1,NULL),(1153,320829,'洪泽县',320800,1,NULL),(1154,320830,'盱眙县',320800,1,NULL),(1155,320831,'金湖县',320800,1,NULL),(1156,320902,'亭湖区',320900,1,NULL),(1157,320903,'盐都区',320900,1,NULL),(1158,320921,'响水县',320900,1,NULL),(1159,320922,'滨海县',320900,1,NULL),(1160,320923,'阜宁县',320900,1,NULL),(1161,320924,'射阳县',320900,1,NULL),(1162,320925,'建湖县',320900,1,NULL),(1163,320981,'东台市',320900,1,NULL),(1164,320982,'大丰市',320900,1,NULL),(1165,321002,'广陵区',321000,1,NULL),(1166,321003,'邗江区',321000,1,NULL),(1167,321011,'郊　区',321000,1,NULL),(1168,321023,'宝应县',321000,1,NULL),(1169,321081,'仪征市',321000,1,NULL),(1170,321084,'高邮市',321000,1,NULL),(1171,321088,'江都市',321000,1,NULL),(1172,321102,'京口区',321100,1,NULL),(1173,321111,'润州区',321100,1,NULL),(1174,321112,'丹徒区',321100,1,NULL),(1175,321181,'丹阳市',321100,1,NULL),(1176,321182,'扬中市',321100,1,NULL),(1177,321183,'句容市',321100,1,NULL),(1178,321202,'海陵区',321200,1,NULL),(1179,321203,'高港区',321200,1,NULL),(1180,321281,'兴化市',321200,1,NULL),(1181,321282,'靖江市',321200,1,NULL),(1182,321283,'泰兴市',321200,1,NULL),(1183,321284,'姜堰市',321200,1,NULL),(1184,321302,'宿城区',321300,1,NULL),(1185,321311,'宿豫区',321300,1,NULL),(1186,321322,'沭阳县',321300,1,NULL),(1187,321323,'泗阳县',321300,1,NULL),(1188,321324,'泗洪县',321300,1,NULL),(1189,330102,'上城区',330100,1,NULL),(1190,330103,'下城区',330100,1,NULL),(1191,330104,'江干区',330100,1,NULL),(1192,330105,'拱墅区',330100,1,NULL),(1193,330106,'西湖区',330100,1,NULL),(1194,330108,'滨江区',330100,1,NULL),(1195,330109,'萧山区',330100,1,NULL),(1196,330110,'余杭区',330100,1,NULL),(1197,330122,'桐庐县',330100,1,NULL),(1198,330127,'淳安县',330100,1,NULL),(1199,330182,'建德市',330100,1,NULL),(1200,330183,'富阳市',330100,1,NULL),(1201,330185,'临安市',330100,1,NULL),(1202,330203,'海曙区',330200,1,NULL),(1203,330204,'江东区',330200,1,NULL),(1204,330205,'江北区',330200,1,NULL),(1205,330206,'北仑区',330200,1,NULL),(1206,330211,'镇海区',330200,1,NULL),(1207,330212,'鄞州区',330200,1,NULL),(1208,330225,'象山县',330200,1,NULL),(1209,330226,'宁海县',330200,1,NULL),(1210,330281,'余姚市',330200,1,NULL),(1211,330282,'慈溪市',330200,1,NULL),(1212,330283,'奉化市',330200,1,NULL),(1213,330302,'鹿城区',330300,1,NULL),(1214,330303,'龙湾区',330300,1,NULL),(1215,330304,'瓯海区',330300,1,NULL),(1216,330322,'洞头县',330300,1,NULL),(1217,330324,'永嘉县',330300,1,NULL),(1218,330326,'平阳县',330300,1,NULL),(1219,330327,'苍南县',330300,1,NULL),(1220,330328,'文成县',330300,1,NULL),(1221,330329,'泰顺县',330300,1,NULL),(1222,330381,'瑞安市',330300,1,NULL),(1223,330382,'乐清市',330300,1,NULL),(1224,330402,'秀城区',330400,1,NULL),(1225,330411,'秀洲区',330400,1,NULL),(1226,330421,'嘉善县',330400,1,NULL),(1227,330424,'海盐县',330400,1,NULL),(1228,330481,'海宁市',330400,1,NULL),(1229,330482,'平湖市',330400,1,NULL),(1230,330483,'桐乡市',330400,1,NULL),(1231,330502,'吴兴区',330500,1,NULL),(1232,330503,'南浔区',330500,1,NULL),(1233,330521,'德清县',330500,1,NULL),(1234,330522,'长兴县',330500,1,NULL),(1235,330523,'安吉县',330500,1,NULL),(1236,330602,'越城区',330600,1,NULL),(1237,330621,'绍兴县',330600,1,NULL),(1238,330624,'新昌县',330600,1,NULL),(1239,330681,'诸暨市',330600,1,NULL),(1240,330682,'上虞市',330600,1,NULL),(1241,330683,'嵊州市',330600,1,NULL),(1242,330702,'婺城区',330700,1,NULL),(1243,330703,'金东区',330700,1,NULL),(1244,330723,'武义县',330700,1,NULL),(1245,330726,'浦江县',330700,1,NULL),(1246,330727,'磐安县',330700,1,NULL),(1247,330781,'兰溪市',330700,1,NULL),(1248,330782,'义乌市',330700,1,NULL),(1249,330783,'东阳市',330700,1,NULL),(1250,330784,'永康市',330700,1,NULL),(1251,330802,'柯城区',330800,1,NULL),(1252,330803,'衢江区',330800,1,NULL),(1253,330822,'常山县',330800,1,NULL),(1254,330824,'开化县',330800,1,NULL),(1255,330825,'龙游县',330800,1,NULL),(1256,330881,'江山市',330800,1,NULL),(1257,330902,'定海区',330900,1,NULL),(1258,330903,'普陀区',330900,1,NULL),(1259,330921,'岱山县',330900,1,NULL),(1260,330922,'嵊泗县',330900,1,NULL),(1261,331002,'椒江区',331000,1,NULL),(1262,331003,'黄岩区',331000,1,NULL),(1263,331004,'路桥区',331000,1,NULL),(1264,331021,'玉环县',331000,1,NULL),(1265,331022,'三门县',331000,1,NULL),(1266,331023,'天台县',331000,1,NULL),(1267,331024,'仙居县',331000,1,NULL),(1268,331081,'温岭市',331000,1,NULL),(1269,331082,'临海市',331000,1,NULL),(1270,331102,'莲都区',331100,1,NULL),(1271,331121,'青田县',331100,1,NULL),(1272,331122,'缙云县',331100,1,NULL),(1273,331123,'遂昌县',331100,1,NULL),(1274,331124,'松阳县',331100,1,NULL),(1275,331125,'云和县',331100,1,NULL),(1276,331126,'庆元县',331100,1,NULL),(1277,331127,'景宁畲族自治县',331100,1,NULL),(1278,331181,'龙泉市',331100,1,NULL),(1279,340102,'瑶海区',340100,1,NULL),(1280,340103,'庐阳区',340100,1,NULL),(1281,340104,'蜀山区',340100,1,NULL),(1282,340111,'包河区',340100,1,NULL),(1283,340121,'长丰县',340100,1,NULL),(1284,340122,'肥东县',340100,1,NULL),(1285,340123,'肥西县',340100,1,NULL),(1286,340202,'镜湖区',340200,1,NULL),(1287,340203,'马塘区',340200,1,NULL),(1288,340204,'新芜区',340200,1,NULL),(1289,340207,'鸠江区',340200,1,NULL),(1290,340221,'芜湖县',340200,1,NULL),(1291,340222,'繁昌县',340200,1,NULL),(1292,340223,'南陵县',340200,1,NULL),(1293,340302,'龙子湖区',340300,1,NULL),(1294,340303,'蚌山区',340300,1,NULL),(1295,340304,'禹会区',340300,1,NULL),(1296,340311,'淮上区',340300,1,NULL),(1297,340321,'怀远县',340300,1,NULL),(1298,340322,'五河县',340300,1,NULL),(1299,340323,'固镇县',340300,1,NULL),(1300,340402,'大通区',340400,1,NULL),(1301,340403,'田家庵区',340400,1,NULL),(1302,340404,'谢家集区',340400,1,NULL),(1303,340405,'八公山区',340400,1,NULL),(1304,340406,'潘集区',340400,1,NULL),(1305,340421,'凤台县',340400,1,NULL),(1306,340502,'金家庄区',340500,1,NULL),(1307,340503,'花山区',340500,1,NULL),(1308,340504,'雨山区',340500,1,NULL),(1309,340521,'当涂县',340500,1,NULL),(1310,340602,'杜集区',340600,1,NULL),(1311,340603,'相山区',340600,1,NULL),(1312,340604,'烈山区',340600,1,NULL),(1313,340621,'濉溪县',340600,1,NULL),(1314,340702,'铜官山区',340700,1,NULL),(1315,340703,'狮子山区',340700,1,NULL),(1316,340711,'郊　区',340700,1,NULL),(1317,340721,'铜陵县',340700,1,NULL),(1318,340802,'迎江区',340800,1,NULL),(1319,340803,'大观区',340800,1,NULL),(1320,340811,'郊　区',340800,1,NULL),(1321,340822,'怀宁县',340800,1,NULL),(1322,340823,'枞阳县',340800,1,NULL),(1323,340824,'潜山县',340800,1,NULL),(1324,340825,'太湖县',340800,1,NULL),(1325,340826,'宿松县',340800,1,NULL),(1326,340827,'望江县',340800,1,NULL),(1327,340828,'岳西县',340800,1,NULL),(1328,340881,'桐城市',340800,1,NULL),(1329,341002,'屯溪区',341000,1,NULL),(1330,341003,'黄山区',341000,1,NULL),(1331,341004,'徽州区',341000,1,NULL),(1332,341021,'歙　县',341000,1,NULL),(1333,341022,'休宁县',341000,1,NULL),(1334,341023,'黟　县',341000,1,NULL),(1335,341024,'祁门县',341000,1,NULL),(1336,341102,'琅琊区',341100,1,NULL),(1337,341103,'南谯区',341100,1,NULL),(1338,341122,'来安县',341100,1,NULL),(1339,341124,'全椒县',341100,1,NULL),(1340,341125,'定远县',341100,1,NULL),(1341,341126,'凤阳县',341100,1,NULL),(1342,341181,'天长市',341100,1,NULL),(1343,341182,'明光市',341100,1,NULL),(1344,341202,'颍州区',341200,1,NULL),(1345,341203,'颍东区',341200,1,NULL),(1346,341204,'颍泉区',341200,1,NULL),(1347,341221,'临泉县',341200,1,NULL),(1348,341222,'太和县',341200,1,NULL),(1349,341225,'阜南县',341200,1,NULL),(1350,341226,'颍上县',341200,1,NULL),(1351,341282,'界首市',341200,1,NULL),(1352,341302,'墉桥区',341300,1,NULL),(1353,341321,'砀山县',341300,1,NULL),(1354,341322,'萧　县',341300,1,NULL),(1355,341323,'灵璧县',341300,1,NULL),(1356,341324,'泗　县',341300,1,NULL),(1357,341402,'居巢区',341400,1,NULL),(1358,341421,'庐江县',341400,1,NULL),(1359,341422,'无为县',341400,1,NULL),(1360,341423,'含山县',341400,1,NULL),(1361,341424,'和　县',341400,1,NULL),(1362,341502,'金安区',341500,1,NULL),(1363,341503,'裕安区',341500,1,NULL),(1364,341521,'寿　县',341500,1,NULL),(1365,341522,'霍邱县',341500,1,NULL),(1366,341523,'舒城县',341500,1,NULL),(1367,341524,'金寨县',341500,1,NULL),(1368,341525,'霍山县',341500,1,NULL),(1369,341602,'谯城区',341600,1,NULL),(1370,341621,'涡阳县',341600,1,NULL),(1371,341622,'蒙城县',341600,1,NULL),(1372,341623,'利辛县',341600,1,NULL),(1373,341702,'贵池区',341700,1,NULL),(1374,341721,'东至县',341700,1,NULL),(1375,341722,'石台县',341700,1,NULL),(1376,341723,'青阳县',341700,1,NULL),(1377,341802,'宣州区',341800,1,NULL),(1378,341821,'郎溪县',341800,1,NULL),(1379,341822,'广德县',341800,1,NULL),(1380,341823,'泾　县',341800,1,NULL),(1381,341824,'绩溪县',341800,1,NULL),(1382,341825,'旌德县',341800,1,NULL),(1383,341881,'宁国市',341800,1,NULL),(1384,350102,'鼓楼区',350100,1,NULL),(1385,350103,'台江区',350100,1,NULL),(1386,350104,'仓山区',350100,1,NULL),(1387,350105,'马尾区',350100,1,NULL),(1388,350111,'晋安区',350100,1,NULL),(1389,350121,'闽侯县',350100,1,NULL),(1390,350122,'连江县',350100,1,NULL),(1391,350123,'罗源县',350100,1,NULL),(1392,350124,'闽清县',350100,1,NULL),(1393,350125,'永泰县',350100,1,NULL),(1394,350128,'平潭县',350100,1,NULL),(1395,350181,'福清市',350100,1,NULL),(1396,350182,'长乐市',350100,1,NULL),(1397,350203,'思明区',350200,1,NULL),(1398,350205,'海沧区',350200,1,NULL),(1399,350206,'湖里区',350200,1,NULL),(1400,350211,'集美区',350200,1,NULL),(1401,350212,'同安区',350200,1,NULL),(1402,350213,'翔安区',350200,1,NULL),(1403,350302,'城厢区',350300,1,NULL),(1404,350303,'涵江区',350300,1,NULL),(1405,350304,'荔城区',350300,1,NULL),(1406,350305,'秀屿区',350300,1,NULL),(1407,350322,'仙游县',350300,1,NULL),(1408,350402,'梅列区',350400,1,NULL),(1409,350403,'三元区',350400,1,NULL),(1410,350421,'明溪县',350400,1,NULL),(1411,350423,'清流县',350400,1,NULL),(1412,350424,'宁化县',350400,1,NULL),(1413,350425,'大田县',350400,1,NULL),(1414,350426,'尤溪县',350400,1,NULL),(1415,350427,'沙　县',350400,1,NULL),(1416,350428,'将乐县',350400,1,NULL),(1417,350429,'泰宁县',350400,1,NULL),(1418,350430,'建宁县',350400,1,NULL),(1419,350481,'永安市',350400,1,NULL),(1420,350502,'鲤城区',350500,1,NULL),(1421,350503,'丰泽区',350500,1,NULL),(1422,350504,'洛江区',350500,1,NULL),(1423,350505,'泉港区',350500,1,NULL),(1424,350521,'惠安县',350500,1,NULL),(1425,350524,'安溪县',350500,1,NULL),(1426,350525,'永春县',350500,1,NULL),(1427,350526,'德化县',350500,1,NULL),(1428,350527,'金门县',350500,1,NULL),(1429,350581,'石狮市',350500,1,NULL),(1430,350582,'晋江市',350500,1,NULL),(1431,350583,'南安市',350500,1,NULL),(1432,350602,'芗城区',350600,1,NULL),(1433,350603,'龙文区',350600,1,NULL),(1434,350622,'云霄县',350600,1,NULL),(1435,350623,'漳浦县',350600,1,NULL),(1436,350624,'诏安县',350600,1,NULL),(1437,350625,'长泰县',350600,1,NULL),(1438,350626,'东山县',350600,1,NULL),(1439,350627,'南靖县',350600,1,NULL),(1440,350628,'平和县',350600,1,NULL),(1441,350629,'华安县',350600,1,NULL),(1442,350681,'龙海市',350600,1,NULL),(1443,350702,'延平区',350700,1,NULL),(1444,350721,'顺昌县',350700,1,NULL),(1445,350722,'浦城县',350700,1,NULL),(1446,350723,'光泽县',350700,1,NULL),(1447,350724,'松溪县',350700,1,NULL),(1448,350725,'政和县',350700,1,NULL),(1449,350781,'邵武市',350700,1,NULL),(1450,350782,'武夷山市',350700,1,NULL),(1451,350783,'建瓯市',350700,1,NULL),(1452,350784,'建阳市',350700,1,NULL),(1453,350802,'新罗区',350800,1,NULL),(1454,350821,'长汀县',350800,1,NULL),(1455,350822,'永定县',350800,1,NULL),(1456,350823,'上杭县',350800,1,NULL),(1457,350824,'武平县',350800,1,NULL),(1458,350825,'连城县',350800,1,NULL),(1459,350881,'漳平市',350800,1,NULL),(1460,350902,'蕉城区',350900,1,NULL),(1461,350921,'霞浦县',350900,1,NULL),(1462,350922,'古田县',350900,1,NULL),(1463,350923,'屏南县',350900,1,NULL),(1464,350924,'寿宁县',350900,1,NULL),(1465,350925,'周宁县',350900,1,NULL),(1466,350926,'柘荣县',350900,1,NULL),(1467,350981,'福安市',350900,1,NULL),(1468,350982,'福鼎市',350900,1,NULL),(1469,360102,'东湖区',360100,1,NULL),(1470,360103,'西湖区',360100,1,NULL),(1471,360104,'青云谱区',360100,1,NULL),(1472,360105,'湾里区',360100,1,NULL),(1473,360111,'青山湖区',360100,1,NULL),(1474,360121,'南昌县',360100,1,NULL),(1475,360122,'新建县',360100,1,NULL),(1476,360123,'安义县',360100,1,NULL),(1477,360124,'进贤县',360100,1,NULL),(1478,360202,'昌江区',360200,1,NULL),(1479,360203,'珠山区',360200,1,NULL),(1480,360222,'浮梁县',360200,1,NULL),(1481,360281,'乐平市',360200,1,NULL),(1482,360302,'安源区',360300,1,NULL),(1483,360313,'湘东区',360300,1,NULL),(1484,360321,'莲花县',360300,1,NULL),(1485,360322,'上栗县',360300,1,NULL),(1486,360323,'芦溪县',360300,1,NULL),(1487,360402,'庐山区',360400,1,NULL),(1488,360403,'浔阳区',360400,1,NULL),(1489,360421,'九江县',360400,1,NULL),(1490,360423,'武宁县',360400,1,NULL),(1491,360424,'修水县',360400,1,NULL),(1492,360425,'永修县',360400,1,NULL),(1493,360426,'德安县',360400,1,NULL),(1494,360427,'星子县',360400,1,NULL),(1495,360428,'都昌县',360400,1,NULL),(1496,360429,'湖口县',360400,1,NULL),(1497,360430,'彭泽县',360400,1,NULL),(1498,360481,'瑞昌市',360400,1,NULL),(1499,360502,'渝水区',360500,1,NULL),(1500,360521,'分宜县',360500,1,NULL),(1501,360602,'月湖区',360600,1,NULL),(1502,360622,'余江县',360600,1,NULL),(1503,360681,'贵溪市',360600,1,NULL),(1504,360702,'章贡区',360700,1,NULL),(1505,360721,'赣　县',360700,1,NULL),(1506,360722,'信丰县',360700,1,NULL),(1507,360723,'大余县',360700,1,NULL),(1508,360724,'上犹县',360700,1,NULL),(1509,360725,'崇义县',360700,1,NULL),(1510,360726,'安远县',360700,1,NULL),(1511,360727,'龙南县',360700,1,NULL),(1512,360728,'定南县',360700,1,NULL),(1513,360729,'全南县',360700,1,NULL),(1514,360730,'宁都县',360700,1,NULL),(1515,360731,'于都县',360700,1,NULL),(1516,360732,'兴国县',360700,1,NULL),(1517,360733,'会昌县',360700,1,NULL),(1518,360734,'寻乌县',360700,1,NULL),(1519,360735,'石城县',360700,1,NULL),(1520,360781,'瑞金市',360700,1,NULL),(1521,360782,'南康市',360700,1,NULL),(1522,360802,'吉州区',360800,1,NULL),(1523,360803,'青原区',360800,1,NULL),(1524,360821,'吉安县',360800,1,NULL),(1525,360822,'吉水县',360800,1,NULL),(1526,360823,'峡江县',360800,1,NULL),(1527,360824,'新干县',360800,1,NULL),(1528,360825,'永丰县',360800,1,NULL),(1529,360826,'泰和县',360800,1,NULL),(1530,360827,'遂川县',360800,1,NULL),(1531,360828,'万安县',360800,1,NULL),(1532,360829,'安福县',360800,1,NULL),(1533,360830,'永新县',360800,1,NULL),(1534,360881,'井冈山市',360800,1,NULL),(1535,360902,'袁州区',360900,1,NULL),(1536,360921,'奉新县',360900,1,NULL),(1537,360922,'万载县',360900,1,NULL),(1538,360923,'上高县',360900,1,NULL),(1539,360924,'宜丰县',360900,1,NULL),(1540,360925,'靖安县',360900,1,NULL),(1541,360926,'铜鼓县',360900,1,NULL),(1542,360981,'丰城市',360900,1,NULL),(1543,360982,'樟树市',360900,1,NULL),(1544,360983,'高安市',360900,1,NULL),(1545,361002,'临川区',361000,1,NULL),(1546,361021,'南城县',361000,1,NULL),(1547,361022,'黎川县',361000,1,NULL),(1548,361023,'南丰县',361000,1,NULL),(1549,361024,'崇仁县',361000,1,NULL),(1550,361025,'乐安县',361000,1,NULL),(1551,361026,'宜黄县',361000,1,NULL),(1552,361027,'金溪县',361000,1,NULL),(1553,361028,'资溪县',361000,1,NULL),(1554,361029,'东乡县',361000,1,NULL),(1555,361030,'广昌县',361000,1,NULL),(1556,361102,'信州区',361100,1,NULL),(1557,361121,'上饶县',361100,1,NULL),(1558,361122,'广丰县',361100,1,NULL),(1559,361123,'玉山县',361100,1,NULL),(1560,361124,'铅山县',361100,1,NULL),(1561,361125,'横峰县',361100,1,NULL),(1562,361126,'弋阳县',361100,1,NULL),(1563,361127,'余干县',361100,1,NULL),(1564,361128,'鄱阳县',361100,1,NULL),(1565,361129,'万年县',361100,1,NULL),(1566,361130,'婺源县',361100,1,NULL),(1567,361181,'德兴市',361100,1,NULL),(1568,370102,'历下区',370100,1,NULL),(1569,370103,'市中区',370100,1,NULL),(1570,370104,'槐荫区',370100,1,NULL),(1571,370105,'天桥区',370100,1,NULL),(1572,370112,'历城区',370100,1,NULL),(1573,370113,'长清区',370100,1,NULL),(1574,370124,'平阴县',370100,1,NULL),(1575,370125,'济阳县',370100,1,NULL),(1576,370126,'商河县',370100,1,NULL),(1577,370181,'章丘市',370100,1,NULL),(1578,370202,'市南区',370200,1,NULL),(1579,370203,'市北区',370200,1,NULL),(1580,370205,'四方区',370200,1,NULL),(1581,370211,'黄岛区',370200,1,NULL),(1582,370212,'崂山区',370200,1,NULL),(1583,370213,'李沧区',370200,1,NULL),(1584,370214,'城阳区',370200,1,NULL),(1585,370281,'胶州市',370200,1,NULL),(1586,370282,'即墨市',370200,1,NULL),(1587,370283,'平度市',370200,1,NULL),(1588,370284,'胶南市',370200,1,NULL),(1589,370285,'莱西市',370200,1,NULL),(1590,370302,'淄川区',370300,1,NULL),(1591,370303,'张店区',370300,1,NULL),(1592,370304,'博山区',370300,1,NULL),(1593,370305,'临淄区',370300,1,NULL),(1594,370306,'周村区',370300,1,NULL),(1595,370321,'桓台县',370300,1,NULL),(1596,370322,'高青县',370300,1,NULL),(1597,370323,'沂源县',370300,1,NULL),(1598,370402,'市中区',370400,1,NULL),(1599,370403,'薛城区',370400,1,NULL),(1600,370404,'峄城区',370400,1,NULL),(1601,370405,'台儿庄区',370400,1,NULL),(1602,370406,'山亭区',370400,1,NULL),(1603,370481,'滕州市',370400,1,NULL),(1604,370502,'东营区',370500,1,NULL),(1605,370503,'河口区',370500,1,NULL),(1606,370521,'垦利县',370500,1,NULL),(1607,370522,'利津县',370500,1,NULL),(1608,370523,'广饶县',370500,1,NULL),(1609,370602,'芝罘区',370600,1,NULL),(1610,370611,'福山区',370600,1,NULL),(1611,370612,'牟平区',370600,1,NULL),(1612,370613,'莱山区',370600,1,NULL),(1613,370634,'长岛县',370600,1,NULL),(1614,370681,'龙口市',370600,1,NULL),(1615,370682,'莱阳市',370600,1,NULL),(1616,370683,'莱州市',370600,1,NULL),(1617,370684,'蓬莱市',370600,1,NULL),(1618,370685,'招远市',370600,1,NULL),(1619,370686,'栖霞市',370600,1,NULL),(1620,370687,'海阳市',370600,1,NULL),(1621,370702,'潍城区',370700,1,NULL),(1622,370703,'寒亭区',370700,1,NULL),(1623,370704,'坊子区',370700,1,NULL),(1624,370705,'奎文区',370700,1,NULL),(1625,370724,'临朐县',370700,1,NULL),(1626,370725,'昌乐县',370700,1,NULL),(1627,370781,'青州市',370700,1,NULL),(1628,370782,'诸城市',370700,1,NULL),(1629,370783,'寿光市',370700,1,NULL),(1630,370784,'安丘市',370700,1,NULL),(1631,370785,'高密市',370700,1,NULL),(1632,370786,'昌邑市',370700,1,NULL),(1633,370802,'市中区',370800,1,NULL),(1634,370811,'任城区',370800,1,NULL),(1635,370826,'微山县',370800,1,NULL),(1636,370827,'鱼台县',370800,1,NULL),(1637,370828,'金乡县',370800,1,NULL),(1638,370829,'嘉祥县',370800,1,NULL),(1639,370830,'汶上县',370800,1,NULL),(1640,370831,'泗水县',370800,1,NULL),(1641,370832,'梁山县',370800,1,NULL),(1642,370881,'曲阜市',370800,1,NULL),(1643,370882,'兖州市',370800,1,NULL),(1644,370883,'邹城市',370800,1,NULL),(1645,370902,'泰山区',370900,1,NULL),(1646,370903,'岱岳区',370900,1,NULL),(1647,370921,'宁阳县',370900,1,NULL),(1648,370923,'东平县',370900,1,NULL),(1649,370982,'新泰市',370900,1,NULL),(1650,370983,'肥城市',370900,1,NULL),(1651,371002,'环翠区',371000,1,NULL),(1652,371081,'文登市',371000,1,NULL),(1653,371082,'荣成市',371000,1,NULL),(1654,371083,'乳山市',371000,1,NULL),(1655,371102,'东港区',371100,1,NULL),(1656,371103,'岚山区',371100,1,NULL),(1657,371121,'五莲县',371100,1,NULL),(1658,371122,'莒　县',371100,1,NULL),(1659,371202,'莱城区',371200,1,NULL),(1660,371203,'钢城区',371200,1,NULL),(1661,371302,'兰山区',371300,1,NULL),(1662,371311,'罗庄区',371300,1,NULL),(1663,371312,'河东区',371300,1,NULL),(1664,371321,'沂南县',371300,1,NULL),(1665,371322,'郯城县',371300,1,NULL),(1666,371323,'沂水县',371300,1,NULL),(1667,371324,'苍山县',371300,1,NULL),(1668,371325,'费　县',371300,1,NULL),(1669,371326,'平邑县',371300,1,NULL),(1670,371327,'莒南县',371300,1,NULL),(1671,371328,'蒙阴县',371300,1,NULL),(1672,371329,'临沭县',371300,1,NULL),(1673,371402,'德城区',371400,1,NULL),(1674,371421,'陵　县',371400,1,NULL),(1675,371422,'宁津县',371400,1,NULL),(1676,371423,'庆云县',371400,1,NULL),(1677,371424,'临邑县',371400,1,NULL),(1678,371425,'齐河县',371400,1,NULL),(1679,371426,'平原县',371400,1,NULL),(1680,371427,'夏津县',371400,1,NULL),(1681,371428,'武城县',371400,1,NULL),(1682,371481,'乐陵市',371400,1,NULL),(1683,371482,'禹城市',371400,1,NULL),(1684,371502,'东昌府区',371500,1,NULL),(1685,371521,'阳谷县',371500,1,NULL),(1686,371522,'莘　县',371500,1,NULL),(1687,371523,'茌平县',371500,1,NULL),(1688,371524,'东阿县',371500,1,NULL),(1689,371525,'冠　县',371500,1,NULL),(1690,371526,'高唐县',371500,1,NULL),(1691,371581,'临清市',371500,1,NULL),(1692,371602,'滨城区',371600,1,NULL),(1693,371621,'惠民县',371600,1,NULL),(1694,371622,'阳信县',371600,1,NULL),(1695,371623,'无棣县',371600,1,NULL),(1696,371624,'沾化县',371600,1,NULL),(1697,371625,'博兴县',371600,1,NULL),(1698,371626,'邹平县',371600,1,NULL),(1699,371702,'牡丹区',371700,1,NULL),(1700,371721,'曹　县',371700,1,NULL),(1701,371722,'单　县',371700,1,NULL),(1702,371723,'成武县',371700,1,NULL),(1703,371724,'巨野县',371700,1,NULL),(1704,371725,'郓城县',371700,1,NULL),(1705,371726,'鄄城县',371700,1,NULL),(1706,371727,'定陶县',371700,1,NULL),(1707,371728,'东明县',371700,1,NULL),(1708,410102,'中原区',410100,1,NULL),(1709,410103,'二七区',410100,1,NULL),(1710,410104,'管城回族区',410100,1,NULL),(1711,410105,'金水区',410100,1,NULL),(1712,410106,'上街区',410100,1,NULL),(1713,410108,'邙山区',410100,1,NULL),(1714,410122,'中牟县',410100,1,NULL),(1715,410181,'巩义市',410100,1,NULL),(1716,410182,'荥阳市',410100,1,NULL),(1717,410183,'新密市',410100,1,NULL),(1718,410184,'新郑市',410100,1,NULL),(1719,410185,'登封市',410100,1,NULL),(1720,410202,'龙亭区',410200,1,NULL),(1721,410203,'顺河回族区',410200,1,NULL),(1722,410204,'鼓楼区',410200,1,NULL),(1723,410205,'南关区',410200,1,NULL),(1724,410211,'郊　区',410200,1,NULL),(1725,410221,'杞　县',410200,1,NULL),(1726,410222,'通许县',410200,1,NULL),(1727,410223,'尉氏县',410200,1,NULL),(1728,410224,'开封县',410200,1,NULL),(1729,410225,'兰考县',410200,1,NULL),(1730,410302,'老城区',410300,1,NULL),(1731,410303,'西工区',410300,1,NULL),(1732,410304,'廛河回族区',410300,1,NULL),(1733,410305,'涧西区',410300,1,NULL),(1734,410306,'吉利区',410300,1,NULL),(1735,410307,'洛龙区',410300,1,NULL),(1736,410322,'孟津县',410300,1,NULL),(1737,410323,'新安县',410300,1,NULL),(1738,410324,'栾川县',410300,1,NULL),(1739,410325,'嵩　县',410300,1,NULL),(1740,410326,'汝阳县',410300,1,NULL),(1741,410327,'宜阳县',410300,1,NULL),(1742,410328,'洛宁县',410300,1,NULL),(1743,410329,'伊川县',410300,1,NULL),(1744,410381,'偃师市',410300,1,NULL),(1745,410402,'新华区',410400,1,NULL),(1746,410403,'卫东区',410400,1,NULL),(1747,410404,'石龙区',410400,1,NULL),(1748,410411,'湛河区',410400,1,NULL),(1749,410421,'宝丰县',410400,1,NULL),(1750,410422,'叶　县',410400,1,NULL),(1751,410423,'鲁山县',410400,1,NULL),(1752,410425,'郏　县',410400,1,NULL),(1753,410481,'舞钢市',410400,1,NULL),(1754,410482,'汝州市',410400,1,NULL),(1755,410502,'文峰区',410500,1,NULL),(1756,410503,'北关区',410500,1,NULL),(1757,410505,'殷都区',410500,1,NULL),(1758,410506,'龙安区',410500,1,NULL),(1759,410522,'安阳县',410500,1,NULL),(1760,410523,'汤阴县',410500,1,NULL),(1761,410526,'滑　县',410500,1,NULL),(1762,410527,'内黄县',410500,1,NULL),(1763,410581,'林州市',410500,1,NULL),(1764,410602,'鹤山区',410600,1,NULL),(1765,410603,'山城区',410600,1,NULL),(1766,410611,'淇滨区',410600,1,NULL),(1767,410621,'浚　县',410600,1,NULL),(1768,410622,'淇　县',410600,1,NULL),(1769,410702,'红旗区',410700,1,NULL),(1770,410703,'卫滨区',410700,1,NULL),(1771,410704,'凤泉区',410700,1,NULL),(1772,410711,'牧野区',410700,1,NULL),(1773,410721,'新乡县',410700,1,NULL),(1774,410724,'获嘉县',410700,1,NULL),(1775,410725,'原阳县',410700,1,NULL),(1776,410726,'延津县',410700,1,NULL),(1777,410727,'封丘县',410700,1,NULL),(1778,410728,'长垣县',410700,1,NULL),(1779,410781,'卫辉市',410700,1,NULL),(1780,410782,'辉县市',410700,1,NULL),(1781,410802,'解放区',410800,1,NULL),(1782,410803,'中站区',410800,1,NULL),(1783,410804,'马村区',410800,1,NULL),(1784,410811,'山阳区',410800,1,NULL),(1785,410821,'修武县',410800,1,NULL),(1786,410822,'博爱县',410800,1,NULL),(1787,410823,'武陟县',410800,1,NULL),(1788,410825,'温　县',410800,1,NULL),(1789,410881,'济源市',410800,1,NULL),(1790,410882,'沁阳市',410800,1,NULL),(1791,410883,'孟州市',410800,1,NULL),(1792,410902,'华龙区',410900,1,NULL),(1793,410922,'清丰县',410900,1,NULL),(1794,410923,'南乐县',410900,1,NULL),(1795,410926,'范　县',410900,1,NULL),(1796,410927,'台前县',410900,1,NULL),(1797,410928,'濮阳县',410900,1,NULL),(1798,411002,'魏都区',411000,1,NULL),(1799,411023,'许昌县',411000,1,NULL),(1800,411024,'鄢陵县',411000,1,NULL),(1801,411025,'襄城县',411000,1,NULL),(1802,411081,'禹州市',411000,1,NULL),(1803,411082,'长葛市',411000,1,NULL),(1804,411102,'源汇区',411100,1,NULL),(1805,411103,'郾城区',411100,1,NULL),(1806,411104,'召陵区',411100,1,NULL),(1807,411121,'舞阳县',411100,1,NULL),(1808,411122,'临颍县',411100,1,NULL),(1809,411202,'湖滨区',411200,1,NULL),(1810,411221,'渑池县',411200,1,NULL),(1811,411222,'陕　县',411200,1,NULL),(1812,411224,'卢氏县',411200,1,NULL),(1813,411281,'义马市',411200,1,NULL),(1814,411282,'灵宝市',411200,1,NULL),(1815,411302,'宛城区',411300,1,NULL),(1816,411303,'卧龙区',411300,1,NULL),(1817,411321,'南召县',411300,1,NULL),(1818,411322,'方城县',411300,1,NULL),(1819,411323,'西峡县',411300,1,NULL),(1820,411324,'镇平县',411300,1,NULL),(1821,411325,'内乡县',411300,1,NULL),(1822,411326,'淅川县',411300,1,NULL),(1823,411327,'社旗县',411300,1,NULL),(1824,411328,'唐河县',411300,1,NULL),(1825,411329,'新野县',411300,1,NULL),(1826,411330,'桐柏县',411300,1,NULL),(1827,411381,'邓州市',411300,1,NULL),(1828,411402,'梁园区',411400,1,NULL),(1829,411403,'睢阳区',411400,1,NULL),(1830,411421,'民权县',411400,1,NULL),(1831,411422,'睢　县',411400,1,NULL),(1832,411423,'宁陵县',411400,1,NULL),(1833,411424,'柘城县',411400,1,NULL),(1834,411425,'虞城县',411400,1,NULL),(1835,411426,'夏邑县',411400,1,NULL),(1836,411481,'永城市',411400,1,NULL),(1837,411502,'师河区',411500,1,NULL),(1838,411503,'平桥区',411500,1,NULL),(1839,411521,'罗山县',411500,1,NULL),(1840,411522,'光山县',411500,1,NULL),(1841,411523,'新　县',411500,1,NULL),(1842,411524,'商城县',411500,1,NULL),(1843,411525,'固始县',411500,1,NULL),(1844,411526,'潢川县',411500,1,NULL),(1845,411527,'淮滨县',411500,1,NULL),(1846,411528,'息　县',411500,1,NULL),(1847,411602,'川汇区',411600,1,NULL),(1848,411621,'扶沟县',411600,1,NULL),(1849,411622,'西华县',411600,1,NULL),(1850,411623,'商水县',411600,1,NULL),(1851,411624,'沈丘县',411600,1,NULL),(1852,411625,'郸城县',411600,1,NULL),(1853,411626,'淮阳县',411600,1,NULL),(1854,411627,'太康县',411600,1,NULL),(1855,411628,'鹿邑县',411600,1,NULL),(1856,411681,'项城市',411600,1,NULL),(1857,411702,'驿城区',411700,1,NULL),(1858,411721,'西平县',411700,1,NULL),(1859,411722,'上蔡县',411700,1,NULL),(1860,411723,'平舆县',411700,1,NULL),(1861,411724,'正阳县',411700,1,NULL),(1862,411725,'确山县',411700,1,NULL),(1863,411726,'泌阳县',411700,1,NULL),(1864,411727,'汝南县',411700,1,NULL),(1865,411728,'遂平县',411700,1,NULL),(1866,411729,'新蔡县',411700,1,NULL),(1867,420102,'江岸区',420100,1,NULL),(1868,420103,'江汉区',420100,1,NULL),(1869,420104,'乔口区',420100,1,NULL),(1870,420105,'汉阳区',420100,1,NULL),(1871,420106,'武昌区',420100,1,NULL),(1872,420107,'青山区',420100,1,NULL),(1873,420111,'洪山区',420100,1,NULL),(1874,420112,'东西湖区',420100,1,NULL),(1875,420113,'汉南区',420100,1,NULL),(1876,420114,'蔡甸区',420100,1,NULL),(1877,420115,'江夏区',420100,1,NULL),(1878,420116,'黄陂区',420100,1,NULL),(1879,420117,'新洲区',420100,1,NULL),(1880,420202,'黄石港区',420200,1,NULL),(1881,420203,'西塞山区',420200,1,NULL),(1882,420204,'下陆区',420200,1,NULL),(1883,420205,'铁山区',420200,1,NULL),(1884,420222,'阳新县',420200,1,NULL),(1885,420281,'大冶市',420200,1,NULL),(1886,420302,'茅箭区',420300,1,NULL),(1887,420303,'张湾区',420300,1,NULL),(1888,420321,'郧　县',420300,1,NULL),(1889,420322,'郧西县',420300,1,NULL),(1890,420323,'竹山县',420300,1,NULL),(1891,420324,'竹溪县',420300,1,NULL),(1892,420325,'房　县',420300,1,NULL),(1893,420381,'丹江口市',420300,1,NULL),(1894,420502,'西陵区',420500,1,NULL),(1895,420503,'伍家岗区',420500,1,NULL),(1896,420504,'点军区',420500,1,NULL),(1897,420505,'猇亭区',420500,1,NULL),(1898,420506,'夷陵区',420500,1,NULL),(1899,420525,'远安县',420500,1,NULL),(1900,420526,'兴山县',420500,1,NULL),(1901,420527,'秭归县',420500,1,NULL),(1902,420528,'长阳土家族自治县',420500,1,NULL),(1903,420529,'五峰土家族自治县',420500,1,NULL),(1904,420581,'宜都市',420500,1,NULL),(1905,420582,'当阳市',420500,1,NULL),(1906,420583,'枝江市',420500,1,NULL),(1907,420602,'襄城区',420600,1,NULL),(1908,420606,'樊城区',420600,1,NULL),(1909,420607,'襄阳区',420600,1,NULL),(1910,420624,'南漳县',420600,1,NULL),(1911,420625,'谷城县',420600,1,NULL),(1912,420626,'保康县',420600,1,NULL),(1913,420682,'老河口市',420600,1,NULL),(1914,420683,'枣阳市',420600,1,NULL),(1915,420684,'宜城市',420600,1,NULL),(1916,420702,'梁子湖区',420700,1,NULL),(1917,420703,'华容区',420700,1,NULL),(1918,420704,'鄂城区',420700,1,NULL),(1919,420802,'东宝区',420800,1,NULL),(1920,420804,'掇刀区',420800,1,NULL),(1921,420821,'京山县',420800,1,NULL),(1922,420822,'沙洋县',420800,1,NULL),(1923,420881,'钟祥市',420800,1,NULL),(1924,420902,'孝南区',420900,1,NULL),(1925,420921,'孝昌县',420900,1,NULL),(1926,420922,'大悟县',420900,1,NULL),(1927,420923,'云梦县',420900,1,NULL),(1928,420981,'应城市',420900,1,NULL),(1929,420982,'安陆市',420900,1,NULL),(1930,420984,'汉川市',420900,1,NULL),(1931,421002,'沙市区',421000,1,NULL),(1932,421003,'荆州区',421000,1,NULL),(1933,421022,'公安县',421000,1,NULL),(1934,421023,'监利县',421000,1,NULL),(1935,421024,'江陵县',421000,1,NULL),(1936,421081,'石首市',421000,1,NULL),(1937,421083,'洪湖市',421000,1,NULL),(1938,421087,'松滋市',421000,1,NULL),(1939,421102,'黄州区',421100,1,NULL),(1940,421121,'团风县',421100,1,NULL),(1941,421122,'红安县',421100,1,NULL),(1942,421123,'罗田县',421100,1,NULL),(1943,421124,'英山县',421100,1,NULL),(1944,421125,'浠水县',421100,1,NULL),(1945,421126,'蕲春县',421100,1,NULL),(1946,421127,'黄梅县',421100,1,NULL),(1947,421181,'麻城市',421100,1,NULL),(1948,421182,'武穴市',421100,1,NULL),(1949,421202,'咸安区',421200,1,NULL),(1950,421221,'嘉鱼县',421200,1,NULL),(1951,421222,'通城县',421200,1,NULL),(1952,421223,'崇阳县',421200,1,NULL),(1953,421224,'通山县',421200,1,NULL),(1954,421281,'赤壁市',421200,1,NULL),(1955,421302,'曾都区',421300,1,NULL),(1956,421381,'广水市',421300,1,NULL),(1957,422801,'恩施市',422800,1,NULL),(1958,422802,'利川市',422800,1,NULL),(1959,422822,'建始县',422800,1,NULL),(1960,422823,'巴东县',422800,1,NULL),(1961,422825,'宣恩县',422800,1,NULL),(1962,422826,'咸丰县',422800,1,NULL),(1963,422827,'来凤县',422800,1,NULL),(1964,422828,'鹤峰县',422800,1,NULL),(1965,429004,'仙桃市',429000,1,NULL),(1966,429005,'潜江市',429000,1,NULL),(1967,429006,'天门市',429000,1,NULL),(1968,429021,'神农架林区',429000,1,NULL),(1969,430102,'芙蓉区',430100,1,NULL),(1970,430103,'天心区',430100,1,NULL),(1971,430104,'岳麓区',430100,1,NULL),(1972,430105,'开福区',430100,1,NULL),(1973,430111,'雨花区',430100,1,NULL),(1974,430121,'长沙县',430100,1,NULL),(1975,430122,'望城县',430100,1,NULL),(1976,430124,'宁乡县',430100,1,NULL),(1977,430181,'浏阳市',430100,1,NULL),(1978,430202,'荷塘区',430200,1,NULL),(1979,430203,'芦淞区',430200,1,NULL),(1980,430204,'石峰区',430200,1,NULL),(1981,430211,'天元区',430200,1,NULL),(1982,430221,'株洲县',430200,1,NULL),(1983,430223,'攸　县',430200,1,NULL),(1984,430224,'茶陵县',430200,1,NULL),(1985,430225,'炎陵县',430200,1,NULL),(1986,430281,'醴陵市',430200,1,NULL),(1987,430302,'雨湖区',430300,1,NULL),(1988,430304,'岳塘区',430300,1,NULL),(1989,430321,'湘潭县',430300,1,NULL),(1990,430381,'湘乡市',430300,1,NULL),(1991,430382,'韶山市',430300,1,NULL),(1992,430405,'珠晖区',430400,1,NULL),(1993,430406,'雁峰区',430400,1,NULL),(1994,430407,'石鼓区',430400,1,NULL),(1995,430408,'蒸湘区',430400,1,NULL),(1996,430412,'南岳区',430400,1,NULL),(1997,430421,'衡阳县',430400,1,NULL),(1998,430422,'衡南县',430400,1,NULL),(1999,430423,'衡山县',430400,1,NULL),(2000,430424,'衡东县',430400,1,NULL),(2001,430426,'祁东县',430400,1,NULL),(2002,430481,'耒阳市',430400,1,NULL),(2003,430482,'常宁市',430400,1,NULL),(2004,430502,'双清区',430500,1,NULL),(2005,430503,'大祥区',430500,1,NULL),(2006,430511,'北塔区',430500,1,NULL),(2007,430521,'邵东县',430500,1,NULL),(2008,430522,'新邵县',430500,1,NULL),(2009,430523,'邵阳县',430500,1,NULL),(2010,430524,'隆回县',430500,1,NULL),(2011,430525,'洞口县',430500,1,NULL),(2012,430527,'绥宁县',430500,1,NULL),(2013,430528,'新宁县',430500,1,NULL),(2014,430529,'城步苗族自治县',430500,1,NULL),(2015,430581,'武冈市',430500,1,NULL),(2016,430602,'岳阳楼区',430600,1,NULL),(2017,430603,'云溪区',430600,1,NULL),(2018,430611,'君山区',430600,1,NULL),(2019,430621,'岳阳县',430600,1,NULL),(2020,430623,'华容县',430600,1,NULL),(2021,430624,'湘阴县',430600,1,NULL),(2022,430626,'平江县',430600,1,NULL),(2023,430681,'汨罗市',430600,1,NULL),(2024,430682,'临湘市',430600,1,NULL),(2025,430702,'武陵区',430700,1,NULL),(2026,430703,'鼎城区',430700,1,NULL),(2027,430721,'安乡县',430700,1,NULL),(2028,430722,'汉寿县',430700,1,NULL),(2029,430723,'澧　县',430700,1,NULL),(2030,430724,'临澧县',430700,1,NULL),(2031,430725,'桃源县',430700,1,NULL),(2032,430726,'石门县',430700,1,NULL),(2033,430781,'津市市',430700,1,NULL),(2034,430802,'永定区',430800,1,NULL),(2035,430811,'武陵源区',430800,1,NULL),(2036,430821,'慈利县',430800,1,NULL),(2037,430822,'桑植县',430800,1,NULL),(2038,430902,'资阳区',430900,1,NULL),(2039,430903,'赫山区',430900,1,NULL),(2040,430921,'南　县',430900,1,NULL),(2041,430922,'桃江县',430900,1,NULL),(2042,430923,'安化县',430900,1,NULL),(2043,430981,'沅江市',430900,1,NULL),(2044,431002,'北湖区',431000,1,NULL),(2045,431003,'苏仙区',431000,1,NULL),(2046,431021,'桂阳县',431000,1,NULL),(2047,431022,'宜章县',431000,1,NULL),(2048,431023,'永兴县',431000,1,NULL),(2049,431024,'嘉禾县',431000,1,NULL),(2050,431025,'临武县',431000,1,NULL),(2051,431026,'汝城县',431000,1,NULL),(2052,431027,'桂东县',431000,1,NULL),(2053,431028,'安仁县',431000,1,NULL),(2054,431081,'资兴市',431000,1,NULL),(2055,431102,'芝山区',431100,1,NULL),(2056,431103,'冷水滩区',431100,1,NULL),(2057,431121,'祁阳县',431100,1,NULL),(2058,431122,'东安县',431100,1,NULL),(2059,431123,'双牌县',431100,1,NULL),(2060,431124,'道　县',431100,1,NULL),(2061,431125,'江永县',431100,1,NULL),(2062,431126,'宁远县',431100,1,NULL),(2063,431127,'蓝山县',431100,1,NULL),(2064,431128,'新田县',431100,1,NULL),(2065,431129,'江华瑶族自治县',431100,1,NULL),(2066,431202,'鹤城区',431200,1,NULL),(2067,431221,'中方县',431200,1,NULL),(2068,431222,'沅陵县',431200,1,NULL),(2069,431223,'辰溪县',431200,1,NULL),(2070,431224,'溆浦县',431200,1,NULL),(2071,431225,'会同县',431200,1,NULL),(2072,431226,'麻阳苗族自治县',431200,1,NULL),(2073,431227,'新晃侗族自治县',431200,1,NULL),(2074,431228,'芷江侗族自治县',431200,1,NULL),(2075,431229,'靖州苗族侗族自治县',431200,1,NULL),(2076,431230,'通道侗族自治县',431200,1,NULL),(2077,431281,'洪江市',431200,1,NULL),(2078,431302,'娄星区',431300,1,NULL),(2079,431321,'双峰县',431300,1,NULL),(2080,431322,'新化县',431300,1,NULL),(2081,431381,'冷水江市',431300,1,NULL),(2082,431382,'涟源市',431300,1,NULL),(2083,433101,'吉首市',433100,1,NULL),(2084,433122,'泸溪县',433100,1,NULL),(2085,433123,'凤凰县',433100,1,NULL),(2086,433124,'花垣县',433100,1,NULL),(2087,433125,'保靖县',433100,1,NULL),(2088,433126,'古丈县',433100,1,NULL),(2089,433127,'永顺县',433100,1,NULL),(2090,433130,'龙山县',433100,1,NULL),(2091,440102,'东山区',440100,1,NULL),(2092,440103,'荔湾区',440100,1,NULL),(2093,440104,'越秀区',440100,1,NULL),(2094,440105,'海珠区',440100,1,NULL),(2095,440106,'天河区',440100,1,NULL),(2096,440107,'芳村区',440100,1,NULL),(2097,440111,'白云区',440100,1,NULL),(2098,440112,'黄埔区',440100,1,NULL),(2099,440113,'番禺区',440100,1,NULL),(2100,440114,'花都区',440100,1,NULL),(2101,440183,'增城市',440100,1,NULL),(2102,440184,'从化市',440100,1,NULL),(2103,440203,'武江区',440200,1,NULL),(2104,440204,'浈江区',440200,1,NULL),(2105,440205,'曲江区',440200,1,NULL),(2106,440222,'始兴县',440200,1,NULL),(2107,440224,'仁化县',440200,1,NULL),(2108,440229,'翁源县',440200,1,NULL),(2109,440232,'乳源瑶族自治县',440200,1,NULL),(2110,440233,'新丰县',440200,1,NULL),(2111,440281,'乐昌市',440200,1,NULL),(2112,440282,'南雄市',440200,1,NULL),(2113,440303,'罗湖区',440300,1,NULL),(2114,440304,'福田区',440300,1,NULL),(2115,440305,'南山区',440300,1,NULL),(2116,440306,'宝安区',440300,1,NULL),(2117,440307,'龙岗区',440300,1,NULL),(2118,440308,'盐田区',440300,1,NULL),(2119,440402,'香洲区',440400,1,NULL),(2120,440403,'斗门区',440400,1,NULL),(2121,440404,'金湾区',440400,1,NULL),(2122,440507,'龙湖区',440500,1,NULL),(2123,440511,'金平区',440500,1,NULL),(2124,440512,'濠江区',440500,1,NULL),(2125,440513,'潮阳区',440500,1,NULL),(2126,440514,'潮南区',440500,1,NULL),(2127,440515,'澄海区',440500,1,NULL),(2128,440523,'南澳县',440500,1,NULL),(2129,440604,'禅城区',440600,1,NULL),(2130,440605,'南海区',440600,1,NULL),(2131,440606,'顺德区',440600,1,NULL),(2132,440607,'三水区',440600,1,NULL),(2133,440608,'高明区',440600,1,NULL),(2134,440703,'蓬江区',440700,1,NULL),(2135,440704,'江海区',440700,1,NULL),(2136,440705,'新会区',440700,1,NULL),(2137,440781,'台山市',440700,1,NULL),(2138,440783,'开平市',440700,1,NULL),(2139,440784,'鹤山市',440700,1,NULL),(2140,440785,'恩平市',440700,1,NULL),(2141,440802,'赤坎区',440800,1,NULL),(2142,440803,'霞山区',440800,1,NULL),(2143,440804,'坡头区',440800,1,NULL),(2144,440811,'麻章区',440800,1,NULL),(2145,440823,'遂溪县',440800,1,NULL),(2146,440825,'徐闻县',440800,1,NULL),(2147,440881,'廉江市',440800,1,NULL),(2148,440882,'雷州市',440800,1,NULL),(2149,440883,'吴川市',440800,1,NULL),(2150,440902,'茂南区',440900,1,NULL),(2151,440903,'茂港区',440900,1,NULL),(2152,440923,'电白县',440900,1,NULL),(2153,440981,'高州市',440900,1,NULL),(2154,440982,'化州市',440900,1,NULL),(2155,440983,'信宜市',440900,1,NULL),(2156,441202,'端州区',441200,1,NULL),(2157,441203,'鼎湖区',441200,1,NULL),(2158,441223,'广宁县',441200,1,NULL),(2159,441224,'怀集县',441200,1,NULL),(2160,441225,'封开县',441200,1,NULL),(2161,441226,'德庆县',441200,1,NULL),(2162,441283,'高要市',441200,1,NULL),(2163,441284,'四会市',441200,1,NULL),(2164,441302,'惠城区',441300,1,NULL),(2165,441303,'惠阳区',441300,1,NULL),(2166,441322,'博罗县',441300,1,NULL),(2167,441323,'惠东县',441300,1,NULL),(2168,441324,'龙门县',441300,1,NULL),(2169,441402,'梅江区',441400,1,NULL),(2170,441421,'梅　县',441400,1,NULL),(2171,441422,'大埔县',441400,1,NULL),(2172,441423,'丰顺县',441400,1,NULL),(2173,441424,'五华县',441400,1,NULL),(2174,441426,'平远县',441400,1,NULL),(2175,441427,'蕉岭县',441400,1,NULL),(2176,441481,'兴宁市',441400,1,NULL),(2177,441502,'城　区',441500,1,NULL),(2178,441521,'海丰县',441500,1,NULL),(2179,441523,'陆河县',441500,1,NULL),(2180,441581,'陆丰市',441500,1,NULL),(2181,441602,'源城区',441600,1,NULL),(2182,441621,'紫金县',441600,1,NULL),(2183,441622,'龙川县',441600,1,NULL),(2184,441623,'连平县',441600,1,NULL),(2185,441624,'和平县',441600,1,NULL),(2186,441625,'东源县',441600,1,NULL),(2187,441702,'江城区',441700,1,NULL),(2188,441721,'阳西县',441700,1,NULL),(2189,441723,'阳东县',441700,1,NULL),(2190,441781,'阳春市',441700,1,NULL),(2191,441802,'清城区',441800,1,NULL),(2192,441821,'佛冈县',441800,1,NULL),(2193,441823,'阳山县',441800,1,NULL),(2194,441825,'连山壮族瑶族自治县',441800,1,NULL),(2195,441826,'连南瑶族自治县',441800,1,NULL),(2196,441827,'清新县',441800,1,NULL),(2197,441881,'英德市',441800,1,NULL),(2198,441882,'连州市',441800,1,NULL),(2199,445102,'湘桥区',445100,1,NULL),(2200,445121,'潮安县',445100,1,NULL),(2201,445122,'饶平县',445100,1,NULL),(2202,445202,'榕城区',445200,1,NULL),(2203,445221,'揭东县',445200,1,NULL),(2204,445222,'揭西县',445200,1,NULL),(2205,445224,'惠来县',445200,1,NULL),(2206,445281,'普宁市',445200,1,NULL),(2207,445302,'云城区',445300,1,NULL),(2208,445321,'新兴县',445300,1,NULL),(2209,445322,'郁南县',445300,1,NULL),(2210,445323,'云安县',445300,1,NULL),(2211,445381,'罗定市',445300,1,NULL),(2212,450102,'兴宁区',450100,1,NULL),(2213,450103,'青秀区',450100,1,NULL),(2214,450105,'江南区',450100,1,NULL),(2215,450107,'西乡塘区',450100,1,NULL),(2216,450108,'良庆区',450100,1,NULL),(2217,450109,'邕宁区',450100,1,NULL),(2218,450122,'武鸣县',450100,1,NULL),(2219,450123,'隆安县',450100,1,NULL),(2220,450124,'马山县',450100,1,NULL),(2221,450125,'上林县',450100,1,NULL),(2222,450126,'宾阳县',450100,1,NULL),(2223,450127,'横　县',450100,1,NULL),(2224,450202,'城中区',450200,1,NULL),(2225,450203,'鱼峰区',450200,1,NULL),(2226,450204,'柳南区',450200,1,NULL),(2227,450205,'柳北区',450200,1,NULL),(2228,450221,'柳江县',450200,1,NULL),(2229,450222,'柳城县',450200,1,NULL),(2230,450223,'鹿寨县',450200,1,NULL),(2231,450224,'融安县',450200,1,NULL),(2232,450225,'融水苗族自治县',450200,1,NULL),(2233,450226,'三江侗族自治县',450200,1,NULL),(2234,450302,'秀峰区',450300,1,NULL),(2235,450303,'叠彩区',450300,1,NULL),(2236,450304,'象山区',450300,1,NULL),(2237,450305,'七星区',450300,1,NULL),(2238,450311,'雁山区',450300,1,NULL),(2239,450321,'阳朔县',450300,1,NULL),(2240,450322,'临桂县',450300,1,NULL),(2241,450323,'灵川县',450300,1,NULL),(2242,450324,'全州县',450300,1,NULL),(2243,450325,'兴安县',450300,1,NULL),(2244,450326,'永福县',450300,1,NULL),(2245,450327,'灌阳县',450300,1,NULL),(2246,450328,'龙胜各族自治县',450300,1,NULL),(2247,450329,'资源县',450300,1,NULL),(2248,450330,'平乐县',450300,1,NULL),(2249,450331,'荔蒲县',450300,1,NULL),(2250,450332,'恭城瑶族自治县',450300,1,NULL),(2251,450403,'万秀区',450400,1,NULL),(2252,450404,'蝶山区',450400,1,NULL),(2253,450405,'长洲区',450400,1,NULL),(2254,450421,'苍梧县',450400,1,NULL),(2255,450422,'藤　县',450400,1,NULL),(2256,450423,'蒙山县',450400,1,NULL),(2257,450481,'岑溪市',450400,1,NULL),(2258,450502,'海城区',450500,1,NULL),(2259,450503,'银海区',450500,1,NULL),(2260,450512,'铁山港区',450500,1,NULL),(2261,450521,'合浦县',450500,1,NULL),(2262,450602,'港口区',450600,1,NULL),(2263,450603,'防城区',450600,1,NULL),(2264,450621,'上思县',450600,1,NULL),(2265,450681,'东兴市',450600,1,NULL),(2266,450702,'钦南区',450700,1,NULL),(2267,450703,'钦北区',450700,1,NULL),(2268,450721,'灵山县',450700,1,NULL),(2269,450722,'浦北县',450700,1,NULL),(2270,450802,'港北区',450800,1,NULL),(2271,450803,'港南区',450800,1,NULL),(2272,450804,'覃塘区',450800,1,NULL),(2273,450821,'平南县',450800,1,NULL),(2274,450881,'桂平市',450800,1,NULL),(2275,450902,'玉州区',450900,1,NULL),(2276,450921,'容　县',450900,1,NULL),(2277,450922,'陆川县',450900,1,NULL),(2278,450923,'博白县',450900,1,NULL),(2279,450924,'兴业县',450900,1,NULL),(2280,450981,'北流市',450900,1,NULL),(2281,451002,'右江区',451000,1,NULL),(2282,451021,'田阳县',451000,1,NULL),(2283,451022,'田东县',451000,1,NULL),(2284,451023,'平果县',451000,1,NULL),(2285,451024,'德保县',451000,1,NULL),(2286,451025,'靖西县',451000,1,NULL),(2287,451026,'那坡县',451000,1,NULL),(2288,451027,'凌云县',451000,1,NULL),(2289,451028,'乐业县',451000,1,NULL),(2290,451029,'田林县',451000,1,NULL),(2291,451030,'西林县',451000,1,NULL),(2292,451031,'隆林各族自治县',451000,1,NULL),(2293,451102,'八步区',451100,1,NULL),(2294,451121,'昭平县',451100,1,NULL),(2295,451122,'钟山县',451100,1,NULL),(2296,451123,'富川瑶族自治县',451100,1,NULL),(2297,451202,'金城江区',451200,1,NULL),(2298,451221,'南丹县',451200,1,NULL),(2299,451222,'天峨县',451200,1,NULL),(2300,451223,'凤山县',451200,1,NULL),(2301,451224,'东兰县',451200,1,NULL),(2302,451225,'罗城仫佬族自治县',451200,1,NULL),(2303,451226,'环江毛南族自治县',451200,1,NULL),(2304,451227,'巴马瑶族自治县',451200,1,NULL),(2305,451228,'都安瑶族自治县',451200,1,NULL),(2306,451229,'大化瑶族自治县',451200,1,NULL),(2307,451281,'宜州市',451200,1,NULL),(2308,451302,'兴宾区',451300,1,NULL),(2309,451321,'忻城县',451300,1,NULL),(2310,451322,'象州县',451300,1,NULL),(2311,451323,'武宣县',451300,1,NULL),(2312,451324,'金秀瑶族自治县',451300,1,NULL),(2313,451381,'合山市',451300,1,NULL),(2314,451402,'江洲区',451400,1,NULL),(2315,451421,'扶绥县',451400,1,NULL),(2316,451422,'宁明县',451400,1,NULL),(2317,451423,'龙州县',451400,1,NULL),(2318,451424,'大新县',451400,1,NULL),(2319,451425,'天等县',451400,1,NULL),(2320,451481,'凭祥市',451400,1,NULL),(2321,460105,'秀英区',460100,1,NULL),(2322,460106,'龙华区',460100,1,NULL),(2323,460107,'琼山区',460100,1,NULL),(2324,460108,'美兰区',460100,1,NULL),(2325,469001,'五指山市',469000,1,NULL),(2326,469002,'琼海市',469000,1,NULL),(2327,469003,'儋州市',469000,1,NULL),(2328,469005,'文昌市',469000,1,NULL),(2329,469006,'万宁市',469000,1,NULL),(2330,469007,'东方市',469000,1,NULL),(2331,469025,'定安县',469000,1,NULL),(2332,469026,'屯昌县',469000,1,NULL),(2333,469027,'澄迈县',469000,1,NULL),(2334,469028,'临高县',469000,1,NULL),(2335,469030,'白沙黎族自治县',469000,1,NULL),(2336,469031,'昌江黎族自治县',469000,1,NULL),(2337,469033,'乐东黎族自治县',469000,1,NULL),(2338,469034,'陵水黎族自治县',469000,1,NULL),(2339,469035,'保亭黎族苗族自治县',469000,1,NULL),(2340,469036,'琼中黎族苗族自治县',469000,1,NULL),(2341,469037,'西沙群岛',469000,1,NULL),(2342,469038,'南沙群岛',469000,1,NULL),(2343,469039,'中沙群岛的岛礁及其海域',469000,1,NULL),(2344,500101,'万州区',500100,1,NULL),(2345,500102,'涪陵区',500100,1,NULL),(2346,500103,'渝中区',500100,1,NULL),(2347,500104,'大渡口区',500100,1,NULL),(2348,500105,'江北区',500100,1,NULL),(2349,500106,'沙坪坝区',500100,1,NULL),(2350,500107,'九龙坡区',500100,1,NULL),(2351,500108,'南岸区',500100,1,NULL),(2352,500109,'北碚区',500100,1,NULL),(2353,500110,'万盛区',500100,1,NULL),(2354,500111,'双桥区',500100,1,NULL),(2355,500112,'渝北区',500100,1,NULL),(2356,500113,'巴南区',500100,1,NULL),(2357,500114,'黔江区',500100,1,NULL),(2358,500115,'长寿区',500100,1,NULL),(2359,500222,'綦江县',500200,1,NULL),(2360,500223,'潼南县',500200,1,NULL),(2361,500224,'铜梁县',500200,1,NULL),(2362,500225,'大足县',500200,1,NULL),(2363,500226,'荣昌县',500200,1,NULL),(2364,500227,'璧山县',500200,1,NULL),(2365,500228,'梁平县',500200,1,NULL),(2366,500229,'城口县',500200,1,NULL),(2367,500230,'丰都县',500200,1,NULL),(2368,500231,'垫江县',500200,1,NULL),(2369,500232,'武隆县',500200,1,NULL),(2370,500233,'忠　县',500200,1,NULL),(2371,500234,'开　县',500200,1,NULL),(2372,500235,'云阳县',500200,1,NULL),(2373,500236,'奉节县',500200,1,NULL),(2374,500237,'巫山县',500200,1,NULL),(2375,500238,'巫溪县',500200,1,NULL),(2376,500240,'石柱土家族自治县',500200,1,NULL),(2377,500241,'秀山土家族苗族自治县',500200,1,NULL),(2378,500242,'酉阳土家族苗族自治县',500200,1,NULL),(2379,500243,'彭水苗族土家族自治县',500200,1,NULL),(2380,500381,'江津市',500300,1,NULL),(2381,500382,'合川市',500300,1,NULL),(2382,500383,'永川市',500300,1,NULL),(2383,500384,'南川市',500300,1,NULL),(2384,510104,'锦江区',510100,1,NULL),(2385,510105,'青羊区',510100,1,NULL),(2386,510106,'金牛区',510100,1,NULL),(2387,510107,'武侯区',510100,1,NULL),(2388,510108,'成华区',510100,1,NULL),(2389,510112,'龙泉驿区',510100,1,NULL),(2390,510113,'青白江区',510100,1,NULL),(2391,510114,'新都区',510100,1,NULL),(2392,510115,'温江区',510100,1,NULL),(2393,510121,'金堂县',510100,1,NULL),(2394,510122,'双流县',510100,1,NULL),(2395,510124,'郫　县',510100,1,NULL),(2396,510129,'大邑县',510100,1,NULL),(2397,510131,'蒲江县',510100,1,NULL),(2398,510132,'新津县',510100,1,NULL),(2399,510181,'都江堰市',510100,1,NULL),(2400,510182,'彭州市',510100,1,NULL),(2401,510183,'邛崃市',510100,1,NULL),(2402,510184,'崇州市',510100,1,NULL),(2403,510302,'自流井区',510300,1,NULL),(2404,510303,'贡井区',510300,1,NULL),(2405,510304,'大安区',510300,1,NULL),(2406,510311,'沿滩区',510300,1,NULL),(2407,510321,'荣　县',510300,1,NULL),(2408,510322,'富顺县',510300,1,NULL),(2409,510402,'东　区',510400,1,NULL),(2410,510403,'西　区',510400,1,NULL),(2411,510411,'仁和区',510400,1,NULL),(2412,510421,'米易县',510400,1,NULL),(2413,510422,'盐边县',510400,1,NULL),(2414,510502,'江阳区',510500,1,NULL),(2415,510503,'纳溪区',510500,1,NULL),(2416,510504,'龙马潭区',510500,1,NULL),(2417,510521,'泸　县',510500,1,NULL),(2418,510522,'合江县',510500,1,NULL),(2419,510524,'叙永县',510500,1,NULL),(2420,510525,'古蔺县',510500,1,NULL),(2421,510603,'旌阳区',510600,1,NULL),(2422,510623,'中江县',510600,1,NULL),(2423,510626,'罗江县',510600,1,NULL),(2424,510681,'广汉市',510600,1,NULL),(2425,510682,'什邡市',510600,1,NULL),(2426,510683,'绵竹市',510600,1,NULL),(2427,510703,'涪城区',510700,1,NULL),(2428,510704,'游仙区',510700,1,NULL),(2429,510722,'三台县',510700,1,NULL),(2430,510723,'盐亭县',510700,1,NULL),(2431,510724,'安　县',510700,1,NULL),(2432,510725,'梓潼县',510700,1,NULL),(2433,510726,'北川羌族自治县',510700,1,NULL),(2434,510727,'平武县',510700,1,NULL),(2435,510781,'江油市',510700,1,NULL),(2436,510802,'市中区',510800,1,NULL),(2437,510811,'元坝区',510800,1,NULL),(2438,510812,'朝天区',510800,1,NULL),(2439,510821,'旺苍县',510800,1,NULL),(2440,510822,'青川县',510800,1,NULL),(2441,510823,'剑阁县',510800,1,NULL),(2442,510824,'苍溪县',510800,1,NULL),(2443,510903,'船山区',510900,1,NULL),(2444,510904,'安居区',510900,1,NULL),(2445,510921,'蓬溪县',510900,1,NULL),(2446,510922,'射洪县',510900,1,NULL),(2447,510923,'大英县',510900,1,NULL),(2448,511002,'市中区',511000,1,NULL),(2449,511011,'东兴区',511000,1,NULL),(2450,511024,'威远县',511000,1,NULL),(2451,511025,'资中县',511000,1,NULL),(2452,511028,'隆昌县',511000,1,NULL),(2453,511102,'市中区',511100,1,NULL),(2454,511111,'沙湾区',511100,1,NULL),(2455,511112,'五通桥区',511100,1,NULL),(2456,511113,'金口河区',511100,1,NULL),(2457,511123,'犍为县',511100,1,NULL),(2458,511124,'井研县',511100,1,NULL),(2459,511126,'夹江县',511100,1,NULL),(2460,511129,'沐川县',511100,1,NULL),(2461,511132,'峨边彝族自治县',511100,1,NULL),(2462,511133,'马边彝族自治县',511100,1,NULL),(2463,511181,'峨眉山市',511100,1,NULL),(2464,511302,'顺庆区',511300,1,NULL),(2465,511303,'高坪区',511300,1,NULL),(2466,511304,'嘉陵区',511300,1,NULL),(2467,511321,'南部县',511300,1,NULL),(2468,511322,'营山县',511300,1,NULL),(2469,511323,'蓬安县',511300,1,NULL),(2470,511324,'仪陇县',511300,1,NULL),(2471,511325,'西充县',511300,1,NULL),(2472,511381,'阆中市',511300,1,NULL),(2473,511402,'东坡区',511400,1,NULL),(2474,511421,'仁寿县',511400,1,NULL),(2475,511422,'彭山县',511400,1,NULL),(2476,511423,'洪雅县',511400,1,NULL),(2477,511424,'丹棱县',511400,1,NULL),(2478,511425,'青神县',511400,1,NULL),(2479,511502,'翠屏区',511500,1,NULL),(2480,511521,'宜宾县',511500,1,NULL),(2481,511522,'南溪县',511500,1,NULL),(2482,511523,'江安县',511500,1,NULL),(2483,511524,'长宁县',511500,1,NULL),(2484,511525,'高　县',511500,1,NULL),(2485,511526,'珙　县',511500,1,NULL),(2486,511527,'筠连县',511500,1,NULL),(2487,511528,'兴文县',511500,1,NULL),(2488,511529,'屏山县',511500,1,NULL),(2489,511602,'广安区',511600,1,NULL),(2490,511621,'岳池县',511600,1,NULL),(2491,511622,'武胜县',511600,1,NULL),(2492,511623,'邻水县',511600,1,NULL),(2493,511681,'华莹市',511600,1,NULL),(2494,511702,'通川区',511700,1,NULL),(2495,511721,'达　县',511700,1,NULL),(2496,511722,'宣汉县',511700,1,NULL),(2497,511723,'开江县',511700,1,NULL),(2498,511724,'大竹县',511700,1,NULL),(2499,511725,'渠　县',511700,1,NULL),(2500,511781,'万源市',511700,1,NULL),(2501,511802,'雨城区',511800,1,NULL),(2502,511821,'名山县',511800,1,NULL),(2503,511822,'荥经县',511800,1,NULL),(2504,511823,'汉源县',511800,1,NULL),(2505,511824,'石棉县',511800,1,NULL),(2506,511825,'天全县',511800,1,NULL),(2507,511826,'芦山县',511800,1,NULL),(2508,511827,'宝兴县',511800,1,NULL),(2509,511902,'巴州区',511900,1,NULL),(2510,511921,'通江县',511900,1,NULL),(2511,511922,'南江县',511900,1,NULL),(2512,511923,'平昌县',511900,1,NULL),(2513,512002,'雁江区',512000,1,NULL),(2514,512021,'安岳县',512000,1,NULL),(2515,512022,'乐至县',512000,1,NULL),(2516,512081,'简阳市',512000,1,NULL),(2517,513221,'汶川县',513200,1,NULL),(2518,513222,'理　县',513200,1,NULL),(2519,513223,'茂　县',513200,1,NULL),(2520,513224,'松潘县',513200,1,NULL),(2521,513225,'九寨沟县',513200,1,NULL),(2522,513226,'金川县',513200,1,NULL),(2523,513227,'小金县',513200,1,NULL),(2524,513228,'黑水县',513200,1,NULL),(2525,513229,'马尔康县',513200,1,NULL),(2526,513230,'壤塘县',513200,1,NULL),(2527,513231,'阿坝县',513200,1,NULL),(2528,513232,'若尔盖县',513200,1,NULL),(2529,513233,'红原县',513200,1,NULL),(2530,513321,'康定县',513300,1,NULL),(2531,513322,'泸定县',513300,1,NULL),(2532,513323,'丹巴县',513300,1,NULL),(2533,513324,'九龙县',513300,1,NULL),(2534,513325,'雅江县',513300,1,NULL),(2535,513326,'道孚县',513300,1,NULL),(2536,513327,'炉霍县',513300,1,NULL),(2537,513328,'甘孜县',513300,1,NULL),(2538,513329,'新龙县',513300,1,NULL),(2539,513330,'德格县',513300,1,NULL),(2540,513331,'白玉县',513300,1,NULL),(2541,513332,'石渠县',513300,1,NULL),(2542,513333,'色达县',513300,1,NULL),(2543,513334,'理塘县',513300,1,NULL),(2544,513335,'巴塘县',513300,1,NULL),(2545,513336,'乡城县',513300,1,NULL),(2546,513337,'稻城县',513300,1,NULL),(2547,513338,'得荣县',513300,1,NULL),(2548,513401,'西昌市',513400,1,NULL),(2549,513422,'木里藏族自治县',513400,1,NULL),(2550,513423,'盐源县',513400,1,NULL),(2551,513424,'德昌县',513400,1,NULL),(2552,513425,'会理县',513400,1,NULL),(2553,513426,'会东县',513400,1,NULL),(2554,513427,'宁南县',513400,1,NULL),(2555,513428,'普格县',513400,1,NULL),(2556,513429,'布拖县',513400,1,NULL),(2557,513430,'金阳县',513400,1,NULL),(2558,513431,'昭觉县',513400,1,NULL),(2559,513432,'喜德县',513400,1,NULL),(2560,513433,'冕宁县',513400,1,NULL),(2561,513434,'越西县',513400,1,NULL),(2562,513435,'甘洛县',513400,1,NULL),(2563,513436,'美姑县',513400,1,NULL),(2564,513437,'雷波县',513400,1,NULL),(2565,520102,'南明区',520100,1,NULL),(2566,520103,'云岩区',520100,1,NULL),(2567,520111,'花溪区',520100,1,NULL),(2568,520112,'乌当区',520100,1,NULL),(2569,520113,'白云区',520100,1,NULL),(2570,520114,'观山湖区',520100,1,NULL),(2571,520121,'开阳县',520100,1,NULL),(2572,520122,'息烽县',520100,1,NULL),(2573,520123,'修文县',520100,1,NULL),(2574,520181,'清镇市',520100,1,NULL),(2575,520201,'钟山区',520200,1,NULL),(2576,520203,'六枝特区',520200,1,NULL),(2577,520221,'水城县',520200,1,NULL),(2578,520222,'盘　县',520200,1,NULL),(2579,520302,'红花岗区',520300,1,NULL),(2580,520303,'汇川区',520300,1,NULL),(2581,520321,'遵义县',520300,1,NULL),(2582,520322,'桐梓县',520300,1,NULL),(2583,520323,'绥阳县',520300,1,NULL),(2584,520324,'正安县',520300,1,NULL),(2585,520325,'道真仡佬族苗族自治县',520300,1,NULL),(2586,520326,'务川仡佬族苗族自治县',520300,1,NULL),(2587,520327,'凤冈县',520300,1,NULL),(2588,520328,'湄潭县',520300,1,NULL),(2589,520329,'余庆县',520300,1,NULL),(2590,520330,'习水县',520300,1,NULL),(2591,520381,'赤水市',520300,1,NULL),(2592,520382,'仁怀市',520300,1,NULL),(2593,520402,'西秀区',520400,1,NULL),(2594,520421,'平坝县',520400,1,NULL),(2595,520422,'普定县',520400,1,NULL),(2596,520423,'镇宁布依族苗族自治县',520400,1,NULL),(2597,520424,'关岭布依族苗族自治县',520400,1,NULL),(2598,520425,'紫云苗族布依族自治县',520400,1,NULL),(2599,522201,'铜仁市',522200,1,NULL),(2600,522222,'江口县',522200,1,NULL),(2601,522223,'玉屏侗族自治县',522200,1,NULL),(2602,522224,'石阡县',522200,1,NULL),(2603,522225,'思南县',522200,1,NULL),(2604,522226,'印江土家族苗族自治县',522200,1,NULL),(2605,522227,'德江县',522200,1,NULL),(2606,522228,'沿河土家族自治县',522200,1,NULL),(2607,522229,'松桃苗族自治县',522200,1,NULL),(2608,522230,'万山特区',522200,1,NULL),(2609,522301,'兴义市',522300,1,NULL),(2610,522322,'兴仁县',522300,1,NULL),(2611,522323,'普安县',522300,1,NULL),(2612,522324,'晴隆县',522300,1,NULL),(2613,522325,'贞丰县',522300,1,NULL),(2614,522326,'望谟县',522300,1,NULL),(2615,522327,'册亨县',522300,1,NULL),(2616,522328,'安龙县',522300,1,NULL),(2617,522401,'毕节市',522400,1,NULL),(2618,522422,'大方县',522400,1,NULL),(2619,522423,'黔西县',522400,1,NULL),(2620,522424,'金沙县',522400,1,NULL),(2621,522425,'织金县',522400,1,NULL),(2622,522426,'纳雍县',522400,1,NULL),(2623,522427,'威宁彝族回族苗族自治县',522400,1,NULL),(2624,522428,'赫章县',522400,1,NULL),(2625,522601,'凯里市',522600,1,NULL),(2626,522622,'黄平县',522600,1,NULL),(2627,522623,'施秉县',522600,1,NULL),(2628,522624,'三穗县',522600,1,NULL),(2629,522625,'镇远县',522600,1,NULL),(2630,522626,'岑巩县',522600,1,NULL),(2631,522627,'天柱县',522600,1,NULL),(2632,522628,'锦屏县',522600,1,NULL),(2633,522629,'剑河县',522600,1,NULL),(2634,522630,'台江县',522600,1,NULL),(2635,522631,'黎平县',522600,1,NULL),(2636,522632,'榕江县',522600,1,NULL),(2637,522633,'从江县',522600,1,NULL),(2638,522634,'雷山县',522600,1,NULL),(2639,522635,'麻江县',522600,1,NULL),(2640,522636,'丹寨县',522600,1,NULL),(2641,522701,'都匀市',522700,1,NULL),(2642,522702,'福泉市',522700,1,NULL),(2643,522722,'荔波县',522700,1,NULL),(2644,522723,'贵定县',522700,1,NULL),(2645,522725,'瓮安县',522700,1,NULL),(2646,522726,'独山县',522700,1,NULL),(2647,522727,'平塘县',522700,1,NULL),(2648,522728,'罗甸县',522700,1,NULL),(2649,522729,'长顺县',522700,1,NULL),(2650,522730,'龙里县',522700,1,NULL),(2651,522731,'惠水县',522700,1,NULL),(2652,522732,'三都水族自治县',522700,1,NULL),(2653,530102,'五华区',530100,1,NULL),(2654,530103,'盘龙区',530100,1,NULL),(2655,530111,'官渡区',530100,1,NULL),(2656,530112,'西山区',530100,1,NULL),(2657,530113,'东川区',530100,1,NULL),(2658,530121,'呈贡县',530100,1,NULL),(2659,530122,'晋宁县',530100,1,NULL),(2660,530124,'富民县',530100,1,NULL),(2661,530125,'宜良县',530100,1,NULL),(2662,530126,'石林彝族自治县',530100,1,NULL),(2663,530127,'嵩明县',530100,1,NULL),(2664,530128,'禄劝彝族苗族自治县',530100,1,NULL),(2665,530129,'寻甸回族彝族自治县',530100,1,NULL),(2666,530181,'安宁市',530100,1,NULL),(2667,530302,'麒麟区',530300,1,NULL),(2668,530321,'马龙县',530300,1,NULL),(2669,530322,'陆良县',530300,1,NULL),(2670,530323,'师宗县',530300,1,NULL),(2671,530324,'罗平县',530300,1,NULL),(2672,530325,'富源县',530300,1,NULL),(2673,530326,'会泽县',530300,1,NULL),(2674,530328,'沾益县',530300,1,NULL),(2675,530381,'宣威市',530300,1,NULL),(2676,530402,'红塔区',530400,1,NULL),(2677,530421,'江川县',530400,1,NULL),(2678,530422,'澄江县',530400,1,NULL),(2679,530423,'通海县',530400,1,NULL),(2680,530424,'华宁县',530400,1,NULL),(2681,530425,'易门县',530400,1,NULL),(2682,530426,'峨山彝族自治县',530400,1,NULL),(2683,530427,'新平彝族傣族自治县',530400,1,NULL),(2684,530428,'元江哈尼族彝族傣族自治县',530400,1,NULL),(2685,530502,'隆阳区',530500,1,NULL),(2686,530521,'施甸县',530500,1,NULL),(2687,530522,'腾冲县',530500,1,NULL),(2688,530523,'龙陵县',530500,1,NULL),(2689,530524,'昌宁县',530500,1,NULL),(2690,530602,'昭阳区',530600,1,NULL),(2691,530621,'鲁甸县',530600,1,NULL),(2692,530622,'巧家县',530600,1,NULL),(2693,530623,'盐津县',530600,1,NULL),(2694,530624,'大关县',530600,1,NULL),(2695,530625,'永善县',530600,1,NULL),(2696,530626,'绥江县',530600,1,NULL),(2697,530627,'镇雄县',530600,1,NULL),(2698,530628,'彝良县',530600,1,NULL),(2699,530629,'威信县',530600,1,NULL),(2700,530630,'水富县',530600,1,NULL),(2701,530702,'古城区',530700,1,NULL),(2702,530721,'玉龙纳西族自治县',530700,1,NULL),(2703,530722,'永胜县',530700,1,NULL),(2704,530723,'华坪县',530700,1,NULL),(2705,530724,'宁蒗彝族自治县',530700,1,NULL),(2706,530802,'翠云区',530800,1,NULL),(2707,530821,'普洱哈尼族彝族自治县',530800,1,NULL),(2708,530822,'墨江哈尼族自治县',530800,1,NULL),(2709,530823,'景东彝族自治县',530800,1,NULL),(2710,530824,'景谷傣族彝族自治县',530800,1,NULL),(2711,530825,'镇沅彝族哈尼族拉祜族自治县',530800,1,NULL),(2712,530826,'江城哈尼族彝族自治县',530800,1,NULL),(2713,530827,'孟连傣族拉祜族佤族自治县',530800,1,NULL),(2714,530828,'澜沧拉祜族自治县',530800,1,NULL),(2715,530829,'西盟佤族自治县',530800,1,NULL),(2716,530902,'临翔区',530900,1,NULL),(2717,530921,'凤庆县',530900,1,NULL),(2718,530922,'云　县',530900,1,NULL),(2719,530923,'永德县',530900,1,NULL),(2720,530924,'镇康县',530900,1,NULL),(2721,530925,'双江拉祜族佤族布朗族傣族自治县',530900,1,NULL),(2722,530926,'耿马傣族佤族自治县',530900,1,NULL),(2723,530927,'沧源佤族自治县',530900,1,NULL),(2724,532301,'楚雄市',532300,1,NULL),(2725,532322,'双柏县',532300,1,NULL),(2726,532323,'牟定县',532300,1,NULL),(2727,532324,'南华县',532300,1,NULL),(2728,532325,'姚安县',532300,1,NULL),(2729,532326,'大姚县',532300,1,NULL),(2730,532327,'永仁县',532300,1,NULL),(2731,532328,'元谋县',532300,1,NULL),(2732,532329,'武定县',532300,1,NULL),(2733,532331,'禄丰县',532300,1,NULL),(2734,532501,'个旧市',532500,1,NULL),(2735,532502,'开远市',532500,1,NULL),(2736,532522,'蒙自县',532500,1,NULL),(2737,532523,'屏边苗族自治县',532500,1,NULL),(2738,532524,'建水县',532500,1,NULL),(2739,532525,'石屏县',532500,1,NULL),(2740,532526,'弥勒县',532500,1,NULL),(2741,532527,'泸西县',532500,1,NULL),(2742,532528,'元阳县',532500,1,NULL),(2743,532529,'红河县',532500,1,NULL),(2744,532530,'金平苗族瑶族傣族自治县',532500,1,NULL),(2745,532531,'绿春县',532500,1,NULL),(2746,532532,'河口瑶族自治县',532500,1,NULL),(2747,532621,'文山县',532600,1,NULL),(2748,532622,'砚山县',532600,1,NULL),(2749,532623,'西畴县',532600,1,NULL),(2750,532624,'麻栗坡县',532600,1,NULL),(2751,532625,'马关县',532600,1,NULL),(2752,532626,'丘北县',532600,1,NULL),(2753,532627,'广南县',532600,1,NULL),(2754,532628,'富宁县',532600,1,NULL),(2755,532801,'景洪市',532800,1,NULL),(2756,532822,'勐海县',532800,1,NULL),(2757,532823,'勐腊县',532800,1,NULL),(2758,532901,'大理市',532900,1,NULL),(2759,532922,'漾濞彝族自治县',532900,1,NULL),(2760,532923,'祥云县',532900,1,NULL),(2761,532924,'宾川县',532900,1,NULL),(2762,532925,'弥渡县',532900,1,NULL),(2763,532926,'南涧彝族自治县',532900,1,NULL),(2764,532927,'巍山彝族回族自治县',532900,1,NULL),(2765,532928,'永平县',532900,1,NULL),(2766,532929,'云龙县',532900,1,NULL),(2767,532930,'洱源县',532900,1,NULL),(2768,532931,'剑川县',532900,1,NULL),(2769,532932,'鹤庆县',532900,1,NULL),(2770,533102,'瑞丽市',533100,1,NULL),(2771,533103,'潞西市',533100,1,NULL),(2772,533122,'梁河县',533100,1,NULL),(2773,533123,'盈江县',533100,1,NULL),(2774,533124,'陇川县',533100,1,NULL),(2775,533321,'泸水县',533300,1,NULL),(2776,533323,'福贡县',533300,1,NULL),(2777,533324,'贡山独龙族怒族自治县',533300,1,NULL),(2778,533325,'兰坪白族普米族自治县',533300,1,NULL),(2779,533421,'香格里拉县',533400,1,NULL),(2780,533422,'德钦县',533400,1,NULL),(2781,533423,'维西傈僳族自治县',533400,1,NULL),(2782,540102,'城关区',540100,1,NULL),(2783,540121,'林周县',540100,1,NULL),(2784,540122,'当雄县',540100,1,NULL),(2785,540123,'尼木县',540100,1,NULL),(2786,540124,'曲水县',540100,1,NULL),(2787,540125,'堆龙德庆县',540100,1,NULL),(2788,540126,'达孜县',540100,1,NULL),(2789,540127,'墨竹工卡县',540100,1,NULL),(2790,542121,'昌都县',542100,1,NULL),(2791,542122,'江达县',542100,1,NULL),(2792,542123,'贡觉县',542100,1,NULL),(2793,542124,'类乌齐县',542100,1,NULL),(2794,542125,'丁青县',542100,1,NULL),(2795,542126,'察雅县',542100,1,NULL),(2796,542127,'八宿县',542100,1,NULL),(2797,542128,'左贡县',542100,1,NULL),(2798,542129,'芒康县',542100,1,NULL),(2799,542132,'洛隆县',542100,1,NULL),(2800,542133,'边坝县',542100,1,NULL),(2801,542221,'乃东县',542200,1,NULL),(2802,542222,'扎囊县',542200,1,NULL),(2803,542223,'贡嘎县',542200,1,NULL),(2804,542224,'桑日县',542200,1,NULL),(2805,542225,'琼结县',542200,1,NULL),(2806,542226,'曲松县',542200,1,NULL),(2807,542227,'措美县',542200,1,NULL),(2808,542228,'洛扎县',542200,1,NULL),(2809,542229,'加查县',542200,1,NULL),(2810,542231,'隆子县',542200,1,NULL),(2811,542232,'错那县',542200,1,NULL),(2812,542233,'浪卡子县',542200,1,NULL),(2813,542301,'日喀则市',542300,1,NULL),(2814,542322,'南木林县',542300,1,NULL),(2815,542323,'江孜县',542300,1,NULL),(2816,542324,'定日县',542300,1,NULL),(2817,542325,'萨迦县',542300,1,NULL),(2818,542326,'拉孜县',542300,1,NULL),(2819,542327,'昂仁县',542300,1,NULL),(2820,542328,'谢通门县',542300,1,NULL),(2821,542329,'白朗县',542300,1,NULL),(2822,542330,'仁布县',542300,1,NULL),(2823,542331,'康马县',542300,1,NULL),(2824,542332,'定结县',542300,1,NULL),(2825,542333,'仲巴县',542300,1,NULL),(2826,542334,'亚东县',542300,1,NULL),(2827,542335,'吉隆县',542300,1,NULL),(2828,542336,'聂拉木县',542300,1,NULL),(2829,542337,'萨嘎县',542300,1,NULL),(2830,542338,'岗巴县',542300,1,NULL),(2831,542421,'那曲县',542400,1,NULL),(2832,542422,'嘉黎县',542400,1,NULL),(2833,542423,'比如县',542400,1,NULL),(2834,542424,'聂荣县',542400,1,NULL),(2835,542425,'安多县',542400,1,NULL),(2836,542426,'申扎县',542400,1,NULL),(2837,542427,'索　县',542400,1,NULL),(2838,542428,'班戈县',542400,1,NULL),(2839,542429,'巴青县',542400,1,NULL),(2840,542430,'尼玛县',542400,1,NULL),(2841,542521,'普兰县',542500,1,NULL),(2842,542522,'札达县',542500,1,NULL),(2843,542523,'噶尔县',542500,1,NULL),(2844,542524,'日土县',542500,1,NULL),(2845,542525,'革吉县',542500,1,NULL),(2846,542526,'改则县',542500,1,NULL),(2847,542527,'措勤县',542500,1,NULL),(2848,542621,'林芝县',542600,1,NULL),(2849,542622,'工布江达县',542600,1,NULL),(2850,542623,'米林县',542600,1,NULL),(2851,542624,'墨脱县',542600,1,NULL),(2852,542625,'波密县',542600,1,NULL),(2853,542626,'察隅县',542600,1,NULL),(2854,542627,'朗　县',542600,1,NULL),(2855,610102,'新城区',610100,1,NULL),(2856,610103,'碑林区',610100,1,NULL),(2857,610104,'莲湖区',610100,1,NULL),(2858,610111,'灞桥区',610100,1,NULL),(2859,610112,'未央区',610100,1,NULL),(2860,610113,'雁塔区',610100,1,NULL),(2861,610114,'阎良区',610100,1,NULL),(2862,610115,'临潼区',610100,1,NULL),(2863,610116,'长安区',610100,1,NULL),(2864,610122,'蓝田县',610100,1,NULL),(2865,610124,'周至县',610100,1,NULL),(2866,610125,'户　县',610100,1,NULL),(2867,610126,'高陵县',610100,1,NULL),(2868,610202,'王益区',610200,1,NULL),(2869,610203,'印台区',610200,1,NULL),(2870,610204,'耀州区',610200,1,NULL),(2871,610222,'宜君县',610200,1,NULL),(2872,610302,'渭滨区',610300,1,NULL),(2873,610303,'金台区',610300,1,NULL),(2874,610304,'陈仓区',610300,1,NULL),(2875,610322,'凤翔县',610300,1,NULL),(2876,610323,'岐山县',610300,1,NULL),(2877,610324,'扶风县',610300,1,NULL),(2878,610326,'眉　县',610300,1,NULL),(2879,610327,'陇　县',610300,1,NULL),(2880,610328,'千阳县',610300,1,NULL),(2881,610329,'麟游县',610300,1,NULL),(2882,610330,'凤　县',610300,1,NULL),(2883,610331,'太白县',610300,1,NULL),(2884,610402,'秦都区',610400,1,NULL),(2885,610403,'杨凌区',610400,1,NULL),(2886,610404,'渭城区',610400,1,NULL),(2887,610422,'三原县',610400,1,NULL),(2888,610423,'泾阳县',610400,1,NULL),(2889,610424,'乾　县',610400,1,NULL),(2890,610425,'礼泉县',610400,1,NULL),(2891,610426,'永寿县',610400,1,NULL),(2892,610427,'彬　县',610400,1,NULL),(2893,610428,'长武县',610400,1,NULL),(2894,610429,'旬邑县',610400,1,NULL),(2895,610430,'淳化县',610400,1,NULL),(2896,610431,'武功县',610400,1,NULL),(2897,610481,'兴平市',610400,1,NULL),(2898,610502,'临渭区',610500,1,NULL),(2899,610521,'华　县',610500,1,NULL),(2900,610522,'潼关县',610500,1,NULL),(2901,610523,'大荔县',610500,1,NULL),(2902,610524,'合阳县',610500,1,NULL),(2903,610525,'澄城县',610500,1,NULL),(2904,610526,'蒲城县',610500,1,NULL),(2905,610527,'白水县',610500,1,NULL),(2906,610528,'富平县',610500,1,NULL),(2907,610581,'韩城市',610500,1,NULL),(2908,610582,'华阴市',610500,1,NULL),(2909,610602,'宝塔区',610600,1,NULL),(2910,610621,'延长县',610600,1,NULL),(2911,610622,'延川县',610600,1,NULL),(2912,610623,'子长县',610600,1,NULL),(2913,610624,'安塞县',610600,1,NULL),(2914,610625,'志丹县',610600,1,NULL),(2915,610626,'吴旗县',610600,1,NULL),(2916,610627,'甘泉县',610600,1,NULL),(2917,610628,'富　县',610600,1,NULL),(2918,610629,'洛川县',610600,1,NULL),(2919,610630,'宜川县',610600,1,NULL),(2920,610631,'黄龙县',610600,1,NULL),(2921,610632,'黄陵县',610600,1,NULL),(2922,610702,'汉台区',610700,1,NULL),(2923,610721,'南郑县',610700,1,NULL),(2924,610722,'城固县',610700,1,NULL),(2925,610723,'洋　县',610700,1,NULL),(2926,610724,'西乡县',610700,1,NULL),(2927,610725,'勉　县',610700,1,NULL),(2928,610726,'宁强县',610700,1,NULL),(2929,610727,'略阳县',610700,1,NULL),(2930,610728,'镇巴县',610700,1,NULL),(2931,610729,'留坝县',610700,1,NULL),(2932,610730,'佛坪县',610700,1,NULL),(2933,610802,'榆阳区',610800,1,NULL),(2934,610821,'神木县',610800,1,NULL),(2935,610822,'府谷县',610800,1,NULL),(2936,610823,'横山县',610800,1,NULL),(2937,610824,'靖边县',610800,1,NULL),(2938,610825,'定边县',610800,1,NULL),(2939,610826,'绥德县',610800,1,NULL),(2940,610827,'米脂县',610800,1,NULL),(2941,610828,'佳　县',610800,1,NULL),(2942,610829,'吴堡县',610800,1,NULL),(2943,610830,'清涧县',610800,1,NULL),(2944,610831,'子洲县',610800,1,NULL),(2945,610902,'汉滨区',610900,1,NULL),(2946,610921,'汉阴县',610900,1,NULL),(2947,610922,'石泉县',610900,1,NULL),(2948,610923,'宁陕县',610900,1,NULL),(2949,610924,'紫阳县',610900,1,NULL),(2950,610925,'岚皋县',610900,1,NULL),(2951,610926,'平利县',610900,1,NULL),(2952,610927,'镇坪县',610900,1,NULL),(2953,610928,'旬阳县',610900,1,NULL),(2954,610929,'白河县',610900,1,NULL),(2955,611002,'商州区',611000,1,NULL),(2956,611021,'洛南县',611000,1,NULL),(2957,611022,'丹凤县',611000,1,NULL),(2958,611023,'商南县',611000,1,NULL),(2959,611024,'山阳县',611000,1,NULL),(2960,611025,'镇安县',611000,1,NULL),(2961,611026,'柞水县',611000,1,NULL),(2962,620102,'城关区',620100,1,NULL),(2963,620103,'七里河区',620100,1,NULL),(2964,620104,'西固区',620100,1,NULL),(2965,620105,'安宁区',620100,1,NULL),(2966,620111,'红古区',620100,1,NULL),(2967,620121,'永登县',620100,1,NULL),(2968,620122,'皋兰县',620100,1,NULL),(2969,620123,'榆中县',620100,1,NULL),(2970,620302,'金川区',620300,1,NULL),(2971,620321,'永昌县',620300,1,NULL),(2972,620402,'白银区',620400,1,NULL),(2973,620403,'平川区',620400,1,NULL),(2974,620421,'靖远县',620400,1,NULL),(2975,620422,'会宁县',620400,1,NULL),(2976,620423,'景泰县',620400,1,NULL),(2977,620502,'秦城区',620500,1,NULL),(2978,620503,'北道区',620500,1,NULL),(2979,620521,'清水县',620500,1,NULL),(2980,620522,'秦安县',620500,1,NULL),(2981,620523,'甘谷县',620500,1,NULL),(2982,620524,'武山县',620500,1,NULL),(2983,620525,'张家川回族自治县',620500,1,NULL),(2984,620602,'凉州区',620600,1,NULL),(2985,620621,'民勤县',620600,1,NULL),(2986,620622,'古浪县',620600,1,NULL),(2987,620623,'天祝藏族自治县',620600,1,NULL),(2988,620702,'甘州区',620700,1,NULL),(2989,620721,'肃南裕固族自治县',620700,1,NULL),(2990,620722,'民乐县',620700,1,NULL),(2991,620723,'临泽县',620700,1,NULL),(2992,620724,'高台县',620700,1,NULL),(2993,620725,'山丹县',620700,1,NULL),(2994,620802,'崆峒区',620800,1,NULL),(2995,620821,'泾川县',620800,1,NULL),(2996,620822,'灵台县',620800,1,NULL),(2997,620823,'崇信县',620800,1,NULL),(2998,620824,'华亭县',620800,1,NULL),(2999,620825,'庄浪县',620800,1,NULL),(3000,620826,'静宁县',620800,1,NULL),(3001,620902,'肃州区',620900,1,NULL),(3002,620921,'金塔县',620900,1,NULL),(3003,620922,'安西县',620900,1,NULL),(3004,620923,'肃北蒙古族自治县',620900,1,NULL),(3005,620924,'阿克塞哈萨克族自治县',620900,1,NULL),(3006,620981,'玉门市',620900,1,NULL),(3007,620982,'敦煌市',620900,1,NULL),(3008,621002,'西峰区',621000,1,NULL),(3009,621021,'庆城县',621000,1,NULL),(3010,621022,'环　县',621000,1,NULL),(3011,621023,'华池县',621000,1,NULL),(3012,621024,'合水县',621000,1,NULL),(3013,621025,'正宁县',621000,1,NULL),(3014,621026,'宁　县',621000,1,NULL),(3015,621027,'镇原县',621000,1,NULL),(3016,621102,'安定区',621100,1,NULL),(3017,621121,'通渭县',621100,1,NULL),(3018,621122,'陇西县',621100,1,NULL),(3019,621123,'渭源县',621100,1,NULL),(3020,621124,'临洮县',621100,1,NULL),(3021,621125,'漳　县',621100,1,NULL),(3022,621126,'岷　县',621100,1,NULL),(3023,621202,'武都区',621200,1,NULL),(3024,621221,'成　县',621200,1,NULL),(3025,621222,'文　县',621200,1,NULL),(3026,621223,'宕昌县',621200,1,NULL),(3027,621224,'康　县',621200,1,NULL),(3028,621225,'西和县',621200,1,NULL),(3029,621226,'礼　县',621200,1,NULL),(3030,621227,'徽　县',621200,1,NULL),(3031,621228,'两当县',621200,1,NULL),(3032,622901,'临夏市',622900,1,NULL),(3033,622921,'临夏县',622900,1,NULL),(3034,622922,'康乐县',622900,1,NULL),(3035,622923,'永靖县',622900,1,NULL),(3036,622924,'广河县',622900,1,NULL),(3037,622925,'和政县',622900,1,NULL),(3038,622926,'东乡族自治县',622900,1,NULL),(3039,622927,'积石山保安族东乡族撒拉族自治县',622900,1,NULL),(3040,623001,'合作市',623000,1,NULL),(3041,623021,'临潭县',623000,1,NULL),(3042,623022,'卓尼县',623000,1,NULL),(3043,623023,'舟曲县',623000,1,NULL),(3044,623024,'迭部县',623000,1,NULL),(3045,623025,'玛曲县',623000,1,NULL),(3046,623026,'碌曲县',623000,1,NULL),(3047,623027,'夏河县',623000,1,NULL),(3048,630102,'城东区',630100,1,NULL),(3049,630103,'城中区',630100,1,NULL),(3050,630104,'城西区',630100,1,NULL),(3051,630105,'城北区',630100,1,NULL),(3052,630121,'大通回族土族自治县',630100,1,NULL),(3053,630122,'湟中县',630100,1,NULL),(3054,630123,'湟源县',630100,1,NULL),(3055,632121,'平安县',632100,1,NULL),(3056,632122,'民和回族土族自治县',632100,1,NULL),(3057,632123,'乐都县',632100,1,NULL),(3058,632126,'互助土族自治县',632100,1,NULL),(3059,632127,'化隆回族自治县',632100,1,NULL),(3060,632128,'循化撒拉族自治县',632100,1,NULL),(3061,632221,'门源回族自治县',632200,1,NULL),(3062,632222,'祁连县',632200,1,NULL),(3063,632223,'海晏县',632200,1,NULL),(3064,632224,'刚察县',632200,1,NULL),(3065,632321,'同仁县',632300,1,NULL),(3066,632322,'尖扎县',632300,1,NULL),(3067,632323,'泽库县',632300,1,NULL),(3068,632324,'河南蒙古族自治县',632300,1,NULL),(3069,632521,'共和县',632500,1,NULL),(3070,632522,'同德县',632500,1,NULL),(3071,632523,'贵德县',632500,1,NULL),(3072,632524,'兴海县',632500,1,NULL),(3073,632525,'贵南县',632500,1,NULL),(3074,632621,'玛沁县',632600,1,NULL),(3075,632622,'班玛县',632600,1,NULL),(3076,632623,'甘德县',632600,1,NULL),(3077,632624,'达日县',632600,1,NULL),(3078,632625,'久治县',632600,1,NULL),(3079,632626,'玛多县',632600,1,NULL),(3080,632721,'玉树县',632700,1,NULL),(3081,632722,'杂多县',632700,1,NULL),(3082,632723,'称多县',632700,1,NULL),(3083,632724,'治多县',632700,1,NULL),(3084,632725,'囊谦县',632700,1,NULL),(3085,632726,'曲麻莱县',632700,1,NULL),(3086,632801,'格尔木市',632800,1,NULL),(3087,632802,'德令哈市',632800,1,NULL),(3088,632821,'乌兰县',632800,1,NULL),(3089,632822,'都兰县',632800,1,NULL),(3090,632823,'天峻县',632800,1,NULL),(3091,640104,'兴庆区',640100,1,NULL),(3092,640105,'西夏区',640100,1,NULL),(3093,640106,'金凤区',640100,1,NULL),(3094,640121,'永宁县',640100,1,NULL),(3095,640122,'贺兰县',640100,1,NULL),(3096,640181,'灵武市',640100,1,NULL),(3097,640202,'大武口区',640200,1,NULL),(3098,640205,'惠农区',640200,1,NULL),(3099,640221,'平罗县',640200,1,NULL),(3100,640302,'利通区',640300,1,NULL),(3101,640323,'盐池县',640300,1,NULL),(3102,640324,'同心县',640300,1,NULL),(3103,640381,'青铜峡市',640300,1,NULL),(3104,640402,'原州区',640400,1,NULL),(3105,640422,'西吉县',640400,1,NULL),(3106,640423,'隆德县',640400,1,NULL),(3107,640424,'泾源县',640400,1,NULL),(3108,640425,'彭阳县',640400,1,NULL),(3109,640502,'沙坡头区',640500,1,NULL),(3110,640521,'中宁县',640500,1,NULL),(3111,640522,'海原县',640500,1,NULL),(3112,650102,'天山区',650100,1,NULL),(3113,650103,'沙依巴克区',650100,1,NULL),(3114,650104,'新市区',650100,1,NULL),(3115,650105,'水磨沟区',650100,1,NULL),(3116,650106,'头屯河区',650100,1,NULL),(3117,650107,'达坂城区',650100,1,NULL),(3118,650108,'东山区',650100,1,NULL),(3119,650121,'乌鲁木齐县',650100,1,NULL),(3120,650202,'独山子区',650200,1,NULL),(3121,650203,'克拉玛依区',650200,1,NULL),(3122,650204,'白碱滩区',650200,1,NULL),(3123,650205,'乌尔禾区',650200,1,NULL),(3124,652101,'吐鲁番市',652100,1,NULL),(3125,652122,'鄯善县',652100,1,NULL),(3126,652123,'托克逊县',652100,1,NULL),(3127,652201,'哈密市',652200,1,NULL),(3128,652222,'巴里坤哈萨克自治县',652200,1,NULL),(3129,652223,'伊吾县',652200,1,NULL),(3130,652301,'昌吉市',652300,1,NULL),(3131,652302,'阜康市',652300,1,NULL),(3132,652303,'米泉市',652300,1,NULL),(3133,652323,'呼图壁县',652300,1,NULL),(3134,652324,'玛纳斯县',652300,1,NULL),(3135,652325,'奇台县',652300,1,NULL),(3136,652327,'吉木萨尔县',652300,1,NULL),(3137,652328,'木垒哈萨克自治县',652300,1,NULL),(3138,652701,'博乐市',652700,1,NULL),(3139,652722,'精河县',652700,1,NULL),(3140,652723,'温泉县',652700,1,NULL),(3141,652801,'库尔勒市',652800,1,NULL),(3142,652822,'轮台县',652800,1,NULL),(3143,652823,'尉犁县',652800,1,NULL),(3144,652824,'若羌县',652800,1,NULL),(3145,652825,'且末县',652800,1,NULL),(3146,652826,'焉耆回族自治县',652800,1,NULL),(3147,652827,'和静县',652800,1,NULL),(3148,652828,'和硕县',652800,1,NULL),(3149,652829,'博湖县',652800,1,NULL),(3150,652901,'阿克苏市',652900,1,NULL),(3151,652922,'温宿县',652900,1,NULL),(3152,652923,'库车县',652900,1,NULL),(3153,652924,'沙雅县',652900,1,NULL),(3154,652925,'新和县',652900,1,NULL),(3155,652926,'拜城县',652900,1,NULL),(3156,652927,'乌什县',652900,1,NULL),(3157,652928,'阿瓦提县',652900,1,NULL),(3158,652929,'柯坪县',652900,1,NULL),(3159,653001,'阿图什市',653000,1,NULL),(3160,653022,'阿克陶县',653000,1,NULL),(3161,653023,'阿合奇县',653000,1,NULL),(3162,653024,'乌恰县',653000,1,NULL),(3163,653101,'喀什市',653100,1,NULL),(3164,653121,'疏附县',653100,1,NULL),(3165,653122,'疏勒县',653100,1,NULL),(3166,653123,'英吉沙县',653100,1,NULL),(3167,653124,'泽普县',653100,1,NULL),(3168,653125,'莎车县',653100,1,NULL),(3169,653126,'叶城县',653100,1,NULL),(3170,653127,'麦盖提县',653100,1,NULL),(3171,653128,'岳普湖县',653100,1,NULL),(3172,653129,'伽师县',653100,1,NULL),(3173,653130,'巴楚县',653100,1,NULL),(3174,653131,'塔什库尔干塔吉克自治县',653100,1,NULL),(3175,653201,'和田市',653200,1,NULL),(3176,653221,'和田县',653200,1,NULL),(3177,653222,'墨玉县',653200,1,NULL),(3178,653223,'皮山县',653200,1,NULL),(3179,653224,'洛浦县',653200,1,NULL),(3180,653225,'策勒县',653200,1,NULL),(3181,653226,'于田县',653200,1,NULL),(3182,653227,'民丰县',653200,1,NULL),(3183,654002,'伊宁市',654000,1,NULL),(3184,654003,'奎屯市',654000,1,NULL),(3185,654021,'伊宁县',654000,1,NULL),(3186,654022,'察布查尔锡伯自治县',654000,1,NULL),(3187,654023,'霍城县',654000,1,NULL),(3188,654024,'巩留县',654000,1,NULL),(3189,654025,'新源县',654000,1,NULL),(3190,654026,'昭苏县',654000,1,NULL),(3191,654027,'特克斯县',654000,1,NULL),(3192,654028,'尼勒克县',654000,1,NULL),(3193,654201,'塔城市',654200,1,NULL),(3194,654202,'乌苏市',654200,1,NULL),(3195,654221,'额敏县',654200,1,NULL),(3196,654223,'沙湾县',654200,1,NULL),(3197,654224,'托里县',654200,1,NULL),(3198,654225,'裕民县',654200,1,NULL),(3199,654226,'和布克赛尔蒙古自治县',654200,1,NULL),(3200,654301,'阿勒泰市',654300,1,NULL),(3201,654321,'布尔津县',654300,1,NULL),(3202,654322,'富蕴县',654300,1,NULL),(3203,654323,'福海县',654300,1,NULL),(3204,654324,'哈巴河县',654300,1,NULL),(3205,654325,'青河县',654300,1,NULL),(3206,654326,'吉木乃县',654300,1,NULL),(3207,659001,'石河子市',659000,1,NULL),(3208,659002,'阿拉尔市',659000,1,NULL),(3209,659003,'图木舒克市',659000,1,NULL),(3210,659004,'五家渠市',659000,1,NULL);
/*!40000 ALTER TABLE `dict_city_area` ENABLE KEYS */;
UNLOCK TABLES;

--
-- Table structure for table `dict_city_area_copy`
--

DROP TABLE IF EXISTS `dict_city_area_copy`;
/*!40101 SET @saved_cs_client     = @@character_set_client */;
/*!40101 SET character_set_client = utf8 */;
CREATE TABLE `dict_city_area_copy` (
  `id` int(11) NOT NULL auto_increment,
  `code` int(6) default NULL,
  `name` varchar(50) default NULL,
  `pcode` int(6) default NULL COMMENT '父编码',
  `type` tinyint(4) default NULL COMMENT '区域类型',
  PRIMARY KEY  (`id`),
  KEY `code` (`code`)
) ENGINE=InnoDB AUTO_INCREMENT=3211 DEFAULT CHARSET=utf8;
/*!40101 SET character_set_client = @saved_cs_client */;

--
-- Dumping data for table `dict_city_area_copy`
--

LOCK TABLES `dict_city_area_copy` WRITE;
/*!40000 ALTER TABLE `dict_city_area_copy` DISABLE KEYS */;
INSERT INTO `dict_city_area_copy` VALUES (1,110100,'市辖区',110000,0),(2,110200,'县',110000,0),(3,120100,'市辖区',120000,0),(4,120200,'县',120000,0),(5,130100,'石家庄市',130000,0),(6,130200,'唐山市',130000,0),(7,130300,'秦皇岛市',130000,0),(8,130400,'邯郸市',130000,0),(9,130500,'邢台市',130000,0),(10,130600,'保定市',130000,0),(11,130700,'张家口市',130000,0),(12,130800,'承德市',130000,0),(13,130900,'沧州市',130000,0),(14,131000,'廊坊市',130000,0),(15,131100,'衡水市',130000,0),(16,140100,'太原市',140000,0),(17,140200,'大同市',140000,0),(18,140300,'阳泉市',140000,0),(19,140400,'长治市',140000,0),(20,140500,'晋城市',140000,0),(21,140600,'朔州市',140000,0),(22,140700,'晋中市',140000,0),(23,140800,'运城市',140000,0),(24,140900,'忻州市',140000,0),(25,141000,'临汾市',140000,0),(26,141100,'吕梁市',140000,0),(27,150100,'呼和浩特市',150000,0),(28,150200,'包头市',150000,0),(29,150300,'乌海市',150000,0),(30,150400,'赤峰市',150000,0),(31,150500,'通辽市',150000,0),(32,150600,'鄂尔多斯市',150000,0),(33,150700,'呼伦贝尔市',150000,0),(34,150800,'巴彦淖尔市',150000,0),(35,150900,'乌兰察布市',150000,0),(36,152200,'兴安盟',150000,0),(37,152500,'锡林郭勒盟',150000,0),(38,152900,'阿拉善盟',150000,0),(39,210100,'沈阳市',210000,0),(40,210200,'大连市',210000,0),(41,210300,'鞍山市',210000,0),(42,210400,'抚顺市',210000,0),(43,210500,'本溪市',210000,0),(44,210600,'丹东市',210000,0),(45,210700,'锦州市',210000,0),(46,210800,'营口市',210000,0),(47,210900,'阜新市',210000,0),(48,211000,'辽阳市',210000,0),(49,211100,'盘锦市',210000,0),(50,211200,'铁岭市',210000,0),(51,211300,'朝阳市',210000,0),(52,211400,'葫芦岛市',210000,0),(53,220100,'长春市',220000,0),(54,220200,'吉林市',220000,0),(55,220300,'四平市',220000,0),(56,220400,'辽源市',220000,0),(57,220500,'通化市',220000,0),(58,220600,'白山市',220000,0),(59,220700,'松原市',220000,0),(60,220800,'白城市',220000,0),(61,222400,'延边朝鲜族自治州',220000,0),(62,230100,'哈尔滨市',230000,0),(63,230200,'齐齐哈尔市',230000,0),(64,230300,'鸡西市',230000,0),(65,230400,'鹤岗市',230000,0),(66,230500,'双鸭山市',230000,0),(67,230600,'大庆市',230000,0),(68,230700,'伊春市',230000,0),(69,230800,'佳木斯市',230000,0),(70,230900,'七台河市',230000,0),(71,231000,'牡丹江市',230000,0),(72,231100,'黑河市',230000,0),(73,231200,'绥化市',230000,0),(74,232700,'大兴安岭地区',230000,0),(75,310100,'市辖区',310000,0),(76,310200,'县',310000,0),(77,320100,'南京市',320000,0),(78,320200,'无锡市',320000,0),(79,320300,'徐州市',320000,0),(80,320400,'常州市',320000,0),(81,320500,'苏州市',320000,0),(82,320600,'南通市',320000,0),(83,320700,'连云港市',320000,0),(84,320800,'淮安市',320000,0),(85,320900,'盐城市',320000,0),(86,321000,'扬州市',320000,0),(87,321100,'镇江市',320000,0),(88,321200,'泰州市',320000,0),(89,321300,'宿迁市',320000,0),(90,330100,'杭州市',330000,0),(91,330200,'宁波市',330000,0),(92,330300,'温州市',330000,0),(93,330400,'嘉兴市',330000,0),(94,330500,'湖州市',330000,0),(95,330600,'绍兴市',330000,0),(96,330700,'金华市',330000,0),(97,330800,'衢州市',330000,0),(98,330900,'舟山市',330000,0),(99,331000,'台州市',330000,0),(100,331100,'丽水市',330000,0),(101,340100,'合肥市',340000,0),(102,340200,'芜湖市',340000,0),(103,340300,'蚌埠市',340000,0),(104,340400,'淮南市',340000,0),(105,340500,'马鞍山市',340000,0),(106,340600,'淮北市',340000,0),(107,340700,'铜陵市',340000,0),(108,340800,'安庆市',340000,0),(109,341000,'黄山市',340000,0),(110,341100,'滁州市',340000,0),(111,341200,'阜阳市',340000,0),(112,341300,'宿州市',340000,0),(113,341400,'巢湖市',340000,0),(114,341500,'六安市',340000,0),(115,341600,'亳州市',340000,0),(116,341700,'池州市',340000,0),(117,341800,'宣城市',340000,0),(118,350100,'福州市',350000,0),(119,350200,'厦门市',350000,0),(120,350300,'莆田市',350000,0),(121,350400,'三明市',350000,0),(122,350500,'泉州市',350000,0),(123,350600,'漳州市',350000,0),(124,350700,'南平市',350000,0),(125,350800,'龙岩市',350000,0),(126,350900,'宁德市',350000,0),(127,360100,'南昌市',360000,0),(128,360200,'景德镇市',360000,0),(129,360300,'萍乡市',360000,0),(130,360400,'九江市',360000,0),(131,360500,'新余市',360000,0),(132,360600,'鹰潭市',360000,0),(133,360700,'赣州市',360000,0),(134,360800,'吉安市',360000,0),(135,360900,'宜春市',360000,0),(136,361000,'抚州市',360000,0),(137,361100,'上饶市',360000,0),(138,370100,'济南市',370000,0),(139,370200,'青岛市',370000,0),(140,370300,'淄博市',370000,0),(141,370400,'枣庄市',370000,0),(142,370500,'东营市',370000,0),(143,370600,'烟台市',370000,0),(144,370700,'潍坊市',370000,0),(145,370800,'济宁市',370000,0),(146,370900,'泰安市',370000,0),(147,371000,'威海市',370000,0),(148,371100,'日照市',370000,0),(149,371200,'莱芜市',370000,0),(150,371300,'临沂市',370000,0),(151,371400,'德州市',370000,0),(152,371500,'聊城市',370000,0),(153,371600,'滨州市',370000,0),(154,371700,'荷泽市',370000,0),(155,410100,'郑州市',410000,0),(156,410200,'开封市',410000,0),(157,410300,'洛阳市',410000,0),(158,410400,'平顶山市',410000,0),(159,410500,'安阳市',410000,0),(160,410600,'鹤壁市',410000,0),(161,410700,'新乡市',410000,0),(162,410800,'焦作市',410000,0),(163,410900,'濮阳市',410000,0),(164,411000,'许昌市',410000,0),(165,411100,'漯河市',410000,0),(166,411200,'三门峡市',410000,0),(167,411300,'南阳市',410000,0),(168,411400,'商丘市',410000,0),(169,411500,'信阳市',410000,0),(170,411600,'周口市',410000,0),(171,411700,'驻马店市',410000,0),(172,420100,'武汉市',420000,0),(173,420200,'黄石市',420000,0),(174,420300,'十堰市',420000,0),(175,420500,'宜昌市',420000,0),(176,420600,'襄樊市',420000,0),(177,420700,'鄂州市',420000,0),(178,420800,'荆门市',420000,0),(179,420900,'孝感市',420000,0),(180,421000,'荆州市',420000,0),(181,421100,'黄冈市',420000,0),(182,421200,'咸宁市',420000,0),(183,421300,'随州市',420000,0),(184,422800,'恩施土家族苗族自治州',420000,0),(185,429000,'省直辖行政单位',420000,0),(186,430100,'长沙市',430000,0),(187,430200,'株洲市',430000,0),(188,430300,'湘潭市',430000,0),(189,430400,'衡阳市',430000,0),(190,430500,'邵阳市',430000,0),(191,430600,'岳阳市',430000,0),(192,430700,'常德市',430000,0),(193,430800,'张家界市',430000,0),(194,430900,'益阳市',430000,0),(195,431000,'郴州市',430000,0),(196,431100,'永州市',430000,0),(197,431200,'怀化市',430000,0),(198,431300,'娄底市',430000,0),(199,433100,'湘西土家族苗族自治州',430000,0),(200,440100,'广州市',440000,0),(201,440200,'韶关市',440000,0),(202,440300,'深圳市',440000,0),(203,440400,'珠海市',440000,0),(204,440500,'汕头市',440000,0),(205,440600,'佛山市',440000,0),(206,440700,'江门市',440000,0),(207,440800,'湛江市',440000,0),(208,440900,'茂名市',440000,0),(209,441200,'肇庆市',440000,0),(210,441300,'惠州市',440000,0),(211,441400,'梅州市',440000,0),(212,441500,'汕尾市',440000,0),(213,441600,'河源市',440000,0),(214,441700,'阳江市',440000,0),(215,441800,'清远市',440000,0),(216,441900,'东莞市',440000,0),(217,442000,'中山市',440000,0),(218,445100,'潮州市',440000,0),(219,445200,'揭阳市',440000,0),(220,445300,'云浮市',440000,0),(221,450100,'南宁市',450000,0),(222,450200,'柳州市',450000,0),(223,450300,'桂林市',450000,0),(224,450400,'梧州市',450000,0),(225,450500,'北海市',450000,0),(226,450600,'防城港市',450000,0),(227,450700,'钦州市',450000,0),(228,450800,'贵港市',450000,0),(229,450900,'玉林市',450000,0),(230,451000,'百色市',450000,0),(231,451100,'贺州市',450000,0),(232,451200,'河池市',450000,0),(233,451300,'来宾市',450000,0),(234,451400,'崇左市',450000,0),(235,460100,'海口市',460000,0),(236,460200,'三亚市',460000,0),(237,469000,'省直辖县级行政单位',460000,0),(238,500100,'市辖区',500000,0),(239,500200,'县',500000,0),(240,500300,'市',500000,0),(241,510100,'成都市',510000,0),(242,510300,'自贡市',510000,0),(243,510400,'攀枝花市',510000,0),(244,510500,'泸州市',510000,0),(245,510600,'德阳市',510000,0),(246,510700,'绵阳市',510000,0),(247,510800,'广元市',510000,0),(248,510900,'遂宁市',510000,0),(249,511000,'内江市',510000,0),(250,511100,'乐山市',510000,0),(251,511300,'南充市',510000,0),(252,511400,'眉山市',510000,0),(253,511500,'宜宾市',510000,0),(254,511600,'广安市',510000,0),(255,511700,'达州市',510000,0),(256,511800,'雅安市',510000,0),(257,511900,'巴中市',510000,0),(258,512000,'资阳市',510000,0),(259,513200,'阿坝藏族羌族自治州',510000,0),(260,513300,'甘孜藏族自治州',510000,0),(261,513400,'凉山彝族自治州',510000,0),(262,520100,'贵阳市',520000,0),(263,520200,'六盘水市',520000,0),(264,520300,'遵义市',520000,0),(265,520400,'安顺市',520000,0),(266,522200,'铜仁市',520000,0),(267,522300,'黔西南州',520000,0),(268,522400,'毕节市',520000,0),(269,522600,'黔东南州',520000,0),(270,522700,'黔南州',520000,0),(271,530100,'昆明市',530000,0),(272,530300,'曲靖市',530000,0),(273,530400,'玉溪市',530000,0),(274,530500,'保山市',530000,0),(275,530600,'昭通市',530000,0),(276,530700,'丽江市',530000,0),(277,530800,'思茅市',530000,0),(278,530900,'临沧市',530000,0),(279,532300,'楚雄彝族自治州',530000,0),(280,532500,'红河哈尼族彝族自治州',530000,0),(281,532600,'文山壮族苗族自治州',530000,0),(282,532800,'西双版纳傣族自治州',530000,0),(283,532900,'大理白族自治州',530000,0),(284,533100,'德宏傣族景颇族自治州',530000,0),(285,533300,'怒江傈僳族自治州',530000,0),(286,533400,'迪庆藏族自治州',530000,0),(287,540100,'拉萨市',540000,0),(288,542100,'昌都地区',540000,0),(289,542200,'山南地区',540000,0),(290,542300,'日喀则地区',540000,0),(291,542400,'那曲地区',540000,0),(292,542500,'阿里地区',540000,0),(293,542600,'林芝地区',540000,0),(294,610100,'西安市',610000,0),(295,610200,'铜川市',610000,0),(296,610300,'宝鸡市',610000,0),(297,610400,'咸阳市',610000,0),(298,610500,'渭南市',610000,0),(299,610600,'延安市',610000,0),(300,610700,'汉中市',610000,0),(301,610800,'榆林市',610000,0),(302,610900,'安康市',610000,0),(303,611000,'商洛市',610000,0),(304,620100,'兰州市',620000,0),(305,620200,'嘉峪关市',620000,0),(306,620300,'金昌市',620000,0),(307,620400,'白银市',620000,0),(308,620500,'天水市',620000,0),(309,620600,'武威市',620000,0),(310,620700,'张掖市',620000,0),(311,620800,'平凉市',620000,0),(312,620900,'酒泉市',620000,0),(313,621000,'庆阳市',620000,0),(314,621100,'定西市',620000,0),(315,621200,'陇南市',620000,0),(316,622900,'临夏回族自治州',620000,0),(317,623000,'甘南藏族自治州',620000,0),(318,630100,'西宁市',630000,0),(319,632100,'海东地区',630000,0),(320,632200,'海北藏族自治州',630000,0),(321,632300,'黄南藏族自治州',630000,0),(322,632500,'海南藏族自治州',630000,0),(323,632600,'果洛藏族自治州',630000,0),(324,632700,'玉树藏族自治州',630000,0),(325,632800,'海西蒙古族藏族自治州',630000,0),(326,640100,'银川市',640000,0),(327,640200,'石嘴山市',640000,0),(328,640300,'吴忠市',640000,0),(329,640400,'固原市',640000,0),(330,640500,'中卫市',640000,0),(331,650100,'乌鲁木齐市',650000,0),(332,650200,'克拉玛依市',650000,0),(333,652100,'吐鲁番地区',650000,0),(334,652200,'哈密地区',650000,0),(335,652300,'昌吉回族自治州',650000,0),(336,652700,'博尔塔拉蒙古自治州',650000,0),(337,652800,'巴音郭楞蒙古自治州',650000,0),(338,652900,'阿克苏地区',650000,0),(339,653000,'克孜勒苏柯尔克孜自治州',650000,0),(340,653100,'喀什地区',650000,0),(341,653200,'和田地区',650000,0),(342,654000,'伊犁哈萨克自治州',650000,0),(343,654200,'塔城地区',650000,0),(344,654300,'阿勒泰地区',650000,0),(345,659000,'省直辖行政单位',650000,0),(346,110101,'东城区',110100,1),(347,110102,'西城区',110100,1),(348,110103,'崇文区',110100,1),(349,110104,'宣武区',110100,1),(350,110105,'朝阳区',110100,1),(351,110106,'丰台区',110100,1),(352,110107,'石景山区',110100,1),(353,110108,'海淀区',110100,1),(354,110109,'门头沟区',110100,1),(355,110111,'房山区',110100,1),(356,110112,'通州区',110100,1),(357,110113,'顺义区',110100,1),(358,110114,'昌平区',110100,1),(359,110115,'大兴区',110100,1),(360,110116,'怀柔区',110100,1),(361,110117,'平谷区',110100,1),(362,110228,'密云县',110200,1),(363,110229,'延庆县',110200,1),(364,120101,'和平区',120100,1),(365,120102,'河东区',120100,1),(366,120103,'河西区',120100,1),(367,120104,'南开区',120100,1),(368,120105,'河北区',120100,1),(369,120106,'红桥区',120100,1),(370,120107,'塘沽区',120100,1),(371,120108,'汉沽区',120100,1),(372,120109,'大港区',120100,1),(373,120110,'东丽区',120100,1),(374,120111,'西青区',120100,1),(375,120112,'津南区',120100,1),(376,120113,'北辰区',120100,1),(377,120114,'武清区',120100,1),(378,120115,'宝坻区',120100,1),(379,120221,'宁河县',120200,1),(380,120223,'静海县',120200,1),(381,120225,'蓟　县',120200,1),(382,130102,'长安区',130100,1),(383,130103,'桥东区',130100,1),(384,130104,'桥西区',130100,1),(385,130105,'新华区',130100,1),(386,130107,'井陉矿区',130100,1),(387,130108,'裕华区',130100,1),(388,130121,'井陉县',130100,1),(389,130123,'正定县',130100,1),(390,130124,'栾城县',130100,1),(391,130125,'行唐县',130100,1),(392,130126,'灵寿县',130100,1),(393,130127,'高邑县',130100,1),(394,130128,'深泽县',130100,1),(395,130129,'赞皇县',130100,1),(396,130130,'无极县',130100,1),(397,130131,'平山县',130100,1),(398,130132,'元氏县',130100,1),(399,130133,'赵　县',130100,1),(400,130181,'辛集市',130100,1),(401,130182,'藁城市',130100,1),(402,130183,'晋州市',130100,1),(403,130184,'新乐市',130100,1),(404,130185,'鹿泉市',130100,1),(405,130202,'路南区',130200,1),(406,130203,'路北区',130200,1),(407,130204,'古冶区',130200,1),(408,130205,'开平区',130200,1),(409,130207,'丰南区',130200,1),(410,130208,'丰润区',130200,1),(411,130223,'滦　县',130200,1),(412,130224,'滦南县',130200,1),(413,130225,'乐亭县',130200,1),(414,130227,'迁西县',130200,1),(415,130229,'玉田县',130200,1),(416,130230,'唐海县',130200,1),(417,130281,'遵化市',130200,1),(418,130283,'迁安市',130200,1),(419,130302,'海港区',130300,1),(420,130303,'山海关区',130300,1),(421,130304,'北戴河区',130300,1),(422,130321,'青龙满族自治县',130300,1),(423,130322,'昌黎县',130300,1),(424,130323,'抚宁县',130300,1),(425,130324,'卢龙县',130300,1),(426,130402,'邯山区',130400,1),(427,130403,'丛台区',130400,1),(428,130404,'复兴区',130400,1),(429,130406,'峰峰矿区',130400,1),(430,130421,'邯郸县',130400,1),(431,130423,'临漳县',130400,1),(432,130424,'成安县',130400,1),(433,130425,'大名县',130400,1),(434,130426,'涉　县',130400,1),(435,130427,'磁　县',130400,1),(436,130428,'肥乡县',130400,1),(437,130429,'永年县',130400,1),(438,130430,'邱　县',130400,1),(439,130431,'鸡泽县',130400,1),(440,130432,'广平县',130400,1),(441,130433,'馆陶县',130400,1),(442,130434,'魏　县',130400,1),(443,130435,'曲周县',130400,1),(444,130481,'武安市',130400,1),(445,130502,'桥东区',130500,1),(446,130503,'桥西区',130500,1),(447,130521,'邢台县',130500,1),(448,130522,'临城县',130500,1),(449,130523,'内丘县',130500,1),(450,130524,'柏乡县',130500,1),(451,130525,'隆尧县',130500,1),(452,130526,'任　县',130500,1),(453,130527,'南和县',130500,1),(454,130528,'宁晋县',130500,1),(455,130529,'巨鹿县',130500,1),(456,130530,'新河县',130500,1),(457,130531,'广宗县',130500,1),(458,130532,'平乡县',130500,1),(459,130533,'威　县',130500,1),(460,130534,'清河县',130500,1),(461,130535,'临西县',130500,1),(462,130581,'南宫市',130500,1),(463,130582,'沙河市',130500,1),(464,130602,'新市区',130600,1),(465,130603,'北市区',130600,1),(466,130604,'南市区',130600,1),(467,130621,'满城县',130600,1),(468,130622,'清苑县',130600,1),(469,130623,'涞水县',130600,1),(470,130624,'阜平县',130600,1),(471,130625,'徐水县',130600,1),(472,130626,'定兴县',130600,1),(473,130627,'唐　县',130600,1),(474,130628,'高阳县',130600,1),(475,130629,'容城县',130600,1),(476,130630,'涞源县',130600,1),(477,130631,'望都县',130600,1),(478,130632,'安新县',130600,1),(479,130633,'易　县',130600,1),(480,130634,'曲阳县',130600,1),(481,130635,'蠡　县',130600,1),(482,130636,'顺平县',130600,1),(483,130637,'博野县',130600,1),(484,130638,'雄　县',130600,1),(485,130681,'涿州市',130600,1),(486,130682,'定州市',130600,1),(487,130683,'安国市',130600,1),(488,130684,'高碑店市',130600,1),(489,130702,'桥东区',130700,1),(490,130703,'桥西区',130700,1),(491,130705,'宣化区',130700,1),(492,130706,'下花园区',130700,1),(493,130721,'宣化县',130700,1),(494,130722,'张北县',130700,1),(495,130723,'康保县',130700,1),(496,130724,'沽源县',130700,1),(497,130725,'尚义县',130700,1),(498,130726,'蔚　县',130700,1),(499,130727,'阳原县',130700,1),(500,130728,'怀安县',130700,1),(501,130729,'万全县',130700,1),(502,130730,'怀来县',130700,1),(503,130731,'涿鹿县',130700,1),(504,130732,'赤城县',130700,1),(505,130733,'崇礼县',130700,1),(506,130802,'双桥区',130800,1),(507,130803,'双滦区',130800,1),(508,130804,'鹰手营子矿区',130800,1),(509,130821,'承德县',130800,1),(510,130822,'兴隆县',130800,1),(511,130823,'平泉县',130800,1),(512,130824,'滦平县',130800,1),(513,130825,'隆化县',130800,1),(514,130826,'丰宁满族自治县',130800,1),(515,130827,'宽城满族自治县',130800,1),(516,130828,'围场满族蒙古族自治县',130800,1),(517,130902,'新华区',130900,1),(518,130903,'运河区',130900,1),(519,130921,'沧　县',130900,1),(520,130922,'青　县',130900,1),(521,130923,'东光县',130900,1),(522,130924,'海兴县',130900,1),(523,130925,'盐山县',130900,1),(524,130926,'肃宁县',130900,1),(525,130927,'南皮县',130900,1),(526,130928,'吴桥县',130900,1),(527,130929,'献　县',130900,1),(528,130930,'孟村回族自治县',130900,1),(529,130981,'泊头市',130900,1),(530,130982,'任丘市',130900,1),(531,130983,'黄骅市',130900,1),(532,130984,'河间市',130900,1),(533,131002,'安次区',131000,1),(534,131003,'广阳区',131000,1),(535,131022,'固安县',131000,1),(536,131023,'永清县',131000,1),(537,131024,'香河县',131000,1),(538,131025,'大城县',131000,1),(539,131026,'文安县',131000,1),(540,131028,'大厂回族自治县',131000,1),(541,131081,'霸州市',131000,1),(542,131082,'三河市',131000,1),(543,131102,'桃城区',131100,1),(544,131121,'枣强县',131100,1),(545,131122,'武邑县',131100,1),(546,131123,'武强县',131100,1),(547,131124,'饶阳县',131100,1),(548,131125,'安平县',131100,1),(549,131126,'故城县',131100,1),(550,131127,'景　县',131100,1),(551,131128,'阜城县',131100,1),(552,131181,'冀州市',131100,1),(553,131182,'深州市',131100,1),(554,140105,'小店区',140100,1),(555,140106,'迎泽区',140100,1),(556,140107,'杏花岭区',140100,1),(557,140108,'尖草坪区',140100,1),(558,140109,'万柏林区',140100,1),(559,140110,'晋源区',140100,1),(560,140121,'清徐县',140100,1),(561,140122,'阳曲县',140100,1),(562,140123,'娄烦县',140100,1),(563,140181,'古交市',140100,1),(564,140202,'城　区',140200,1),(565,140203,'矿　区',140200,1),(566,140211,'南郊区',140200,1),(567,140212,'新荣区',140200,1),(568,140221,'阳高县',140200,1),(569,140222,'天镇县',140200,1),(570,140223,'广灵县',140200,1),(571,140224,'灵丘县',140200,1),(572,140225,'浑源县',140200,1),(573,140226,'左云县',140200,1),(574,140227,'大同县',140200,1),(575,140302,'城　区',140300,1),(576,140303,'矿　区',140300,1),(577,140311,'郊　区',140300,1),(578,140321,'平定县',140300,1),(579,140322,'盂　县',140300,1),(580,140402,'城　区',140400,1),(581,140411,'郊　区',140400,1),(582,140421,'长治县',140400,1),(583,140423,'襄垣县',140400,1),(584,140424,'屯留县',140400,1),(585,140425,'平顺县',140400,1),(586,140426,'黎城县',140400,1),(587,140427,'壶关县',140400,1),(588,140428,'长子县',140400,1),(589,140429,'武乡县',140400,1),(590,140430,'沁　县',140400,1),(591,140431,'沁源县',140400,1),(592,140481,'潞城市',140400,1),(593,140502,'城　区',140500,1),(594,140521,'沁水县',140500,1),(595,140522,'阳城县',140500,1),(596,140524,'陵川县',140500,1),(597,140525,'泽州县',140500,1),(598,140581,'高平市',140500,1),(599,140602,'朔城区',140600,1),(600,140603,'平鲁区',140600,1),(601,140621,'山阴县',140600,1),(602,140622,'应　县',140600,1),(603,140623,'右玉县',140600,1),(604,140624,'怀仁县',140600,1),(605,140702,'榆次区',140700,1),(606,140721,'榆社县',140700,1),(607,140722,'左权县',140700,1),(608,140723,'和顺县',140700,1),(609,140724,'昔阳县',140700,1),(610,140725,'寿阳县',140700,1),(611,140726,'太谷县',140700,1),(612,140727,'祁　县',140700,1),(613,140728,'平遥县',140700,1),(614,140729,'灵石县',140700,1),(615,140781,'介休市',140700,1),(616,140802,'盐湖区',140800,1),(617,140821,'临猗县',140800,1),(618,140822,'万荣县',140800,1),(619,140823,'闻喜县',140800,1),(620,140824,'稷山县',140800,1),(621,140825,'新绛县',140800,1),(622,140826,'绛　县',140800,1),(623,140827,'垣曲县',140800,1),(624,140828,'夏　县',140800,1),(625,140829,'平陆县',140800,1),(626,140830,'芮城县',140800,1),(627,140881,'永济市',140800,1),(628,140882,'河津市',140800,1),(629,140902,'忻府区',140900,1),(630,140921,'定襄县',140900,1),(631,140922,'五台县',140900,1),(632,140923,'代　县',140900,1),(633,140924,'繁峙县',140900,1),(634,140925,'宁武县',140900,1),(635,140926,'静乐县',140900,1),(636,140927,'神池县',140900,1),(637,140928,'五寨县',140900,1),(638,140929,'岢岚县',140900,1),(639,140930,'河曲县',140900,1),(640,140931,'保德县',140900,1),(641,140932,'偏关县',140900,1),(642,140981,'原平市',140900,1),(643,141002,'尧都区',141000,1),(644,141021,'曲沃县',141000,1),(645,141022,'翼城县',141000,1),(646,141023,'襄汾县',141000,1),(647,141024,'洪洞县',141000,1),(648,141025,'古　县',141000,1),(649,141026,'安泽县',141000,1),(650,141027,'浮山县',141000,1),(651,141028,'吉　县',141000,1),(652,141029,'乡宁县',141000,1),(653,141030,'大宁县',141000,1),(654,141031,'隰　县',141000,1),(655,141032,'永和县',141000,1),(656,141033,'蒲　县',141000,1),(657,141034,'汾西县',141000,1),(658,141081,'侯马市',141000,1),(659,141082,'霍州市',141000,1),(660,141102,'离石区',141100,1),(661,141121,'文水县',141100,1),(662,141122,'交城县',141100,1),(663,141123,'兴　县',141100,1),(664,141124,'临　县',141100,1),(665,141125,'柳林县',141100,1),(666,141126,'石楼县',141100,1),(667,141127,'岚　县',141100,1),(668,141128,'方山县',141100,1),(669,141129,'中阳县',141100,1),(670,141130,'交口县',141100,1),(671,141181,'孝义市',141100,1),(672,141182,'汾阳市',141100,1),(673,150102,'新城区',150100,1),(674,150103,'回民区',150100,1),(675,150104,'玉泉区',150100,1),(676,150105,'赛罕区',150100,1),(677,150121,'土默特左旗',150100,1),(678,150122,'托克托县',150100,1),(679,150123,'和林格尔县',150100,1),(680,150124,'清水河县',150100,1),(681,150125,'武川县',150100,1),(682,150202,'东河区',150200,1),(683,150203,'昆都仑区',150200,1),(684,150204,'青山区',150200,1),(685,150205,'石拐区',150200,1),(686,150206,'白云矿区',150200,1),(687,150207,'九原区',150200,1),(688,150221,'土默特右旗',150200,1),(689,150222,'固阳县',150200,1),(690,150223,'达尔罕茂明安联合旗',150200,1),(691,150302,'海勃湾区',150300,1),(692,150303,'海南区',150300,1),(693,150304,'乌达区',150300,1),(694,150402,'红山区',150400,1),(695,150403,'元宝山区',150400,1),(696,150404,'松山区',150400,1),(697,150421,'阿鲁科尔沁旗',150400,1),(698,150422,'巴林左旗',150400,1),(699,150423,'巴林右旗',150400,1),(700,150424,'林西县',150400,1),(701,150425,'克什克腾旗',150400,1),(702,150426,'翁牛特旗',150400,1),(703,150428,'喀喇沁旗',150400,1),(704,150429,'宁城县',150400,1),(705,150430,'敖汉旗',150400,1),(706,150502,'科尔沁区',150500,1),(707,150521,'科尔沁左翼中旗',150500,1),(708,150522,'科尔沁左翼后旗',150500,1),(709,150523,'开鲁县',150500,1),(710,150524,'库伦旗',150500,1),(711,150525,'奈曼旗',150500,1),(712,150526,'扎鲁特旗',150500,1),(713,150581,'霍林郭勒市',150500,1),(714,150602,'东胜区',150600,1),(715,150621,'达拉特旗',150600,1),(716,150622,'准格尔旗',150600,1),(717,150623,'鄂托克前旗',150600,1),(718,150624,'鄂托克旗',150600,1),(719,150625,'杭锦旗',150600,1),(720,150626,'乌审旗',150600,1),(721,150627,'伊金霍洛旗',150600,1),(722,150702,'海拉尔区',150700,1),(723,150721,'阿荣旗',150700,1),(724,150722,'莫力达瓦达斡尔族自治旗',150700,1),(725,150723,'鄂伦春自治旗',150700,1),(726,150724,'鄂温克族自治旗',150700,1),(727,150725,'陈巴尔虎旗',150700,1),(728,150726,'新巴尔虎左旗',150700,1),(729,150727,'新巴尔虎右旗',150700,1),(730,150781,'满洲里市',150700,1),(731,150782,'牙克石市',150700,1),(732,150783,'扎兰屯市',150700,1),(733,150784,'额尔古纳市',150700,1),(734,150785,'根河市',150700,1),(735,150802,'临河区',150800,1),(736,150821,'五原县',150800,1),(737,150822,'磴口县',150800,1),(738,150823,'乌拉特前旗',150800,1),(739,150824,'乌拉特中旗',150800,1),(740,150825,'乌拉特后旗',150800,1),(741,150826,'杭锦后旗',150800,1),(742,150902,'集宁区',150900,1),(743,150921,'卓资县',150900,1),(744,150922,'化德县',150900,1),(745,150923,'商都县',150900,1),(746,150924,'兴和县',150900,1),(747,150925,'凉城县',150900,1),(748,150926,'察哈尔右翼前旗',150900,1),(749,150927,'察哈尔右翼中旗',150900,1),(750,150928,'察哈尔右翼后旗',150900,1),(751,150929,'四子王旗',150900,1),(752,150981,'丰镇市',150900,1),(753,152201,'乌兰浩特市',152200,1),(754,152202,'阿尔山市',152200,1),(755,152221,'科尔沁右翼前旗',152200,1),(756,152222,'科尔沁右翼中旗',152200,1),(757,152223,'扎赉特旗',152200,1),(758,152224,'突泉县',152200,1),(759,152501,'二连浩特市',152500,1),(760,152502,'锡林浩特市',152500,1),(761,152522,'阿巴嘎旗',152500,1),(762,152523,'苏尼特左旗',152500,1),(763,152524,'苏尼特右旗',152500,1),(764,152525,'东乌珠穆沁旗',152500,1),(765,152526,'西乌珠穆沁旗',152500,1),(766,152527,'太仆寺旗',152500,1),(767,152528,'镶黄旗',152500,1),(768,152529,'正镶白旗',152500,1),(769,152530,'正蓝旗',152500,1),(770,152531,'多伦县',152500,1),(771,152921,'阿拉善左旗',152900,1),(772,152922,'阿拉善右旗',152900,1),(773,152923,'额济纳旗',152900,1),(774,210102,'和平区',210100,1),(775,210103,'沈河区',210100,1),(776,210104,'大东区',210100,1),(777,210105,'皇姑区',210100,1),(778,210106,'铁西区',210100,1),(779,210111,'苏家屯区',210100,1),(780,210112,'东陵区',210100,1),(781,210113,'新城子区',210100,1),(782,210114,'于洪区',210100,1),(783,210122,'辽中县',210100,1),(784,210123,'康平县',210100,1),(785,210124,'法库县',210100,1),(786,210181,'新民市',210100,1),(787,210202,'中山区',210200,1),(788,210203,'西岗区',210200,1),(789,210204,'沙河口区',210200,1),(790,210211,'甘井子区',210200,1),(791,210212,'旅顺口区',210200,1),(792,210213,'金州区',210200,1),(793,210224,'长海县',210200,1),(794,210281,'瓦房店市',210200,1),(795,210282,'普兰店市',210200,1),(796,210283,'庄河市',210200,1),(797,210302,'铁东区',210300,1),(798,210303,'铁西区',210300,1),(799,210304,'立山区',210300,1),(800,210311,'千山区',210300,1),(801,210321,'台安县',210300,1),(802,210323,'岫岩满族自治县',210300,1),(803,210381,'海城市',210300,1),(804,210402,'新抚区',210400,1),(805,210403,'东洲区',210400,1),(806,210404,'望花区',210400,1),(807,210411,'顺城区',210400,1),(808,210421,'抚顺县',210400,1),(809,210422,'新宾满族自治县',210400,1),(810,210423,'清原满族自治县',210400,1),(811,210502,'平山区',210500,1),(812,210503,'溪湖区',210500,1),(813,210504,'明山区',210500,1),(814,210505,'南芬区',210500,1),(815,210521,'本溪满族自治县',210500,1),(816,210522,'桓仁满族自治县',210500,1),(817,210602,'元宝区',210600,1),(818,210603,'振兴区',210600,1),(819,210604,'振安区',210600,1),(820,210624,'宽甸满族自治县',210600,1),(821,210681,'东港市',210600,1),(822,210682,'凤城市',210600,1),(823,210702,'古塔区',210700,1),(824,210703,'凌河区',210700,1),(825,210711,'太和区',210700,1),(826,210726,'黑山县',210700,1),(827,210727,'义　县',210700,1),(828,210781,'凌海市',210700,1),(829,210782,'北宁市',210700,1),(830,210802,'站前区',210800,1),(831,210803,'西市区',210800,1),(832,210804,'鲅鱼圈区',210800,1),(833,210811,'老边区',210800,1),(834,210881,'盖州市',210800,1),(835,210882,'大石桥市',210800,1),(836,210902,'海州区',210900,1),(837,210903,'新邱区',210900,1),(838,210904,'太平区',210900,1),(839,210905,'清河门区',210900,1),(840,210911,'细河区',210900,1),(841,210921,'阜新蒙古族自治县',210900,1),(842,210922,'彰武县',210900,1),(843,211002,'白塔区',211000,1),(844,211003,'文圣区',211000,1),(845,211004,'宏伟区',211000,1),(846,211005,'弓长岭区',211000,1),(847,211011,'太子河区',211000,1),(848,211021,'辽阳县',211000,1),(849,211081,'灯塔市',211000,1),(850,211102,'双台子区',211100,1),(851,211103,'兴隆台区',211100,1),(852,211121,'大洼县',211100,1),(853,211122,'盘山县',211100,1),(854,211202,'银州区',211200,1),(855,211204,'清河区',211200,1),(856,211221,'铁岭县',211200,1),(857,211223,'西丰县',211200,1),(858,211224,'昌图县',211200,1),(859,211281,'调兵山市',211200,1),(860,211282,'开原市',211200,1),(861,211302,'双塔区',211300,1),(862,211303,'龙城区',211300,1),(863,211321,'朝阳县',211300,1),(864,211322,'建平县',211300,1),(865,211324,'喀喇沁左翼蒙古族自治县',211300,1),(866,211381,'北票市',211300,1),(867,211382,'凌源市',211300,1),(868,211402,'连山区',211400,1),(869,211403,'龙港区',211400,1),(870,211404,'南票区',211400,1),(871,211421,'绥中县',211400,1),(872,211422,'建昌县',211400,1),(873,211481,'兴城市',211400,1),(874,220102,'南关区',220100,1),(875,220103,'宽城区',220100,1),(876,220104,'朝阳区',220100,1),(877,220105,'二道区',220100,1),(878,220106,'绿园区',220100,1),(879,220112,'双阳区',220100,1),(880,220122,'农安县',220100,1),(881,220181,'九台市',220100,1),(882,220182,'榆树市',220100,1),(883,220183,'德惠市',220100,1),(884,220202,'昌邑区',220200,1),(885,220203,'龙潭区',220200,1),(886,220204,'船营区',220200,1),(887,220211,'丰满区',220200,1),(888,220221,'永吉县',220200,1),(889,220281,'蛟河市',220200,1),(890,220282,'桦甸市',220200,1),(891,220283,'舒兰市',220200,1),(892,220284,'磐石市',220200,1),(893,220302,'铁西区',220300,1),(894,220303,'铁东区',220300,1),(895,220322,'梨树县',220300,1),(896,220323,'伊通满族自治县',220300,1),(897,220381,'公主岭市',220300,1),(898,220382,'双辽市',220300,1),(899,220402,'龙山区',220400,1),(900,220403,'西安区',220400,1),(901,220421,'东丰县',220400,1),(902,220422,'东辽县',220400,1),(903,220502,'东昌区',220500,1),(904,220503,'二道江区',220500,1),(905,220521,'通化县',220500,1),(906,220523,'辉南县',220500,1),(907,220524,'柳河县',220500,1),(908,220581,'梅河口市',220500,1),(909,220582,'集安市',220500,1),(910,220602,'八道江区',220600,1),(911,220621,'抚松县',220600,1),(912,220622,'靖宇县',220600,1),(913,220623,'长白朝鲜族自治县',220600,1),(914,220625,'江源县',220600,1),(915,220681,'临江市',220600,1),(916,220702,'宁江区',220700,1),(917,220721,'前郭尔罗斯蒙古族自治县',220700,1),(918,220722,'长岭县',220700,1),(919,220723,'乾安县',220700,1),(920,220724,'扶余县',220700,1),(921,220802,'洮北区',220800,1),(922,220821,'镇赉县',220800,1),(923,220822,'通榆县',220800,1),(924,220881,'洮南市',220800,1),(925,220882,'大安市',220800,1),(926,222401,'延吉市',222400,1),(927,222402,'图们市',222400,1),(928,222403,'敦化市',222400,1),(929,222404,'珲春市',222400,1),(930,222405,'龙井市',222400,1),(931,222406,'和龙市',222400,1),(932,222424,'汪清县',222400,1),(933,222426,'安图县',222400,1),(934,230102,'道里区',230100,1),(935,230103,'南岗区',230100,1),(936,230104,'道外区',230100,1),(937,230106,'香坊区',230100,1),(938,230107,'动力区',230100,1),(939,230108,'平房区',230100,1),(940,230109,'松北区',230100,1),(941,230111,'呼兰区',230100,1),(942,230123,'依兰县',230100,1),(943,230124,'方正县',230100,1),(944,230125,'宾　县',230100,1),(945,230126,'巴彦县',230100,1),(946,230127,'木兰县',230100,1),(947,230128,'通河县',230100,1),(948,230129,'延寿县',230100,1),(949,230181,'阿城市',230100,1),(950,230182,'双城市',230100,1),(951,230183,'尚志市',230100,1),(952,230184,'五常市',230100,1),(953,230202,'龙沙区',230200,1),(954,230203,'建华区',230200,1),(955,230204,'铁锋区',230200,1),(956,230205,'昂昂溪区',230200,1),(957,230206,'富拉尔基区',230200,1),(958,230207,'碾子山区',230200,1),(959,230208,'梅里斯达斡尔族区',230200,1),(960,230221,'龙江县',230200,1),(961,230223,'依安县',230200,1),(962,230224,'泰来县',230200,1),(963,230225,'甘南县',230200,1),(964,230227,'富裕县',230200,1),(965,230229,'克山县',230200,1),(966,230230,'克东县',230200,1),(967,230231,'拜泉县',230200,1),(968,230281,'讷河市',230200,1),(969,230302,'鸡冠区',230300,1),(970,230303,'恒山区',230300,1),(971,230304,'滴道区',230300,1),(972,230305,'梨树区',230300,1),(973,230306,'城子河区',230300,1),(974,230307,'麻山区',230300,1),(975,230321,'鸡东县',230300,1),(976,230381,'虎林市',230300,1),(977,230382,'密山市',230300,1),(978,230402,'向阳区',230400,1),(979,230403,'工农区',230400,1),(980,230404,'南山区',230400,1),(981,230405,'兴安区',230400,1),(982,230406,'东山区',230400,1),(983,230407,'兴山区',230400,1),(984,230421,'萝北县',230400,1),(985,230422,'绥滨县',230400,1),(986,230502,'尖山区',230500,1),(987,230503,'岭东区',230500,1),(988,230505,'四方台区',230500,1),(989,230506,'宝山区',230500,1),(990,230521,'集贤县',230500,1),(991,230522,'友谊县',230500,1),(992,230523,'宝清县',230500,1),(993,230524,'饶河县',230500,1),(994,230602,'萨尔图区',230600,1),(995,230603,'龙凤区',230600,1),(996,230604,'让胡路区',230600,1),(997,230605,'红岗区',230600,1),(998,230606,'大同区',230600,1),(999,230621,'肇州县',230600,1),(1000,230622,'肇源县',230600,1),(1001,230623,'林甸县',230600,1),(1002,230624,'杜尔伯特蒙古族自治县',230600,1),(1003,230702,'伊春区',230700,1),(1004,230703,'南岔区',230700,1),(1005,230704,'友好区',230700,1),(1006,230705,'西林区',230700,1),(1007,230706,'翠峦区',230700,1),(1008,230707,'新青区',230700,1),(1009,230708,'美溪区',230700,1),(1010,230709,'金山屯区',230700,1),(1011,230710,'五营区',230700,1),(1012,230711,'乌马河区',230700,1),(1013,230712,'汤旺河区',230700,1),(1014,230713,'带岭区',230700,1),(1015,230714,'乌伊岭区',230700,1),(1016,230715,'红星区',230700,1),(1017,230716,'上甘岭区',230700,1),(1018,230722,'嘉荫县',230700,1),(1019,230781,'铁力市',230700,1),(1020,230802,'永红区',230800,1),(1021,230803,'向阳区',230800,1),(1022,230804,'前进区',230800,1),(1023,230805,'东风区',230800,1),(1024,230811,'郊　区',230800,1),(1025,230822,'桦南县',230800,1),(1026,230826,'桦川县',230800,1),(1027,230828,'汤原县',230800,1),(1028,230833,'抚远县',230800,1),(1029,230881,'同江市',230800,1),(1030,230882,'富锦市',230800,1),(1031,230902,'新兴区',230900,1),(1032,230903,'桃山区',230900,1),(1033,230904,'茄子河区',230900,1),(1034,230921,'勃利县',230900,1),(1035,231002,'东安区',231000,1),(1036,231003,'阳明区',231000,1),(1037,231004,'爱民区',231000,1),(1038,231005,'西安区',231000,1),(1039,231024,'东宁县',231000,1),(1040,231025,'林口县',231000,1),(1041,231081,'绥芬河市',231000,1),(1042,231083,'海林市',231000,1),(1043,231084,'宁安市',231000,1),(1044,231085,'穆棱市',231000,1),(1045,231102,'爱辉区',231100,1),(1046,231121,'嫩江县',231100,1),(1047,231123,'逊克县',231100,1),(1048,231124,'孙吴县',231100,1),(1049,231181,'北安市',231100,1),(1050,231182,'五大连池市',231100,1),(1051,231202,'北林区',231200,1),(1052,231221,'望奎县',231200,1),(1053,231222,'兰西县',231200,1),(1054,231223,'青冈县',231200,1),(1055,231224,'庆安县',231200,1),(1056,231225,'明水县',231200,1),(1057,231226,'绥棱县',231200,1),(1058,231281,'安达市',231200,1),(1059,231282,'肇东市',231200,1),(1060,231283,'海伦市',231200,1),(1061,232721,'呼玛县',232700,1),(1062,232722,'塔河县',232700,1),(1063,232723,'漠河县',232700,1),(1064,310101,'黄浦区',310100,1),(1065,310103,'卢湾区',310100,1),(1066,310104,'徐汇区',310100,1),(1067,310105,'长宁区',310100,1),(1068,310106,'静安区',310100,1),(1069,310107,'普陀区',310100,1),(1070,310108,'闸北区',310100,1),(1071,310109,'虹口区',310100,1),(1072,310110,'杨浦区',310100,1),(1073,310112,'闵行区',310100,1),(1074,310113,'宝山区',310100,1),(1075,310114,'嘉定区',310100,1),(1076,310115,'浦东新区',310100,1),(1077,310116,'金山区',310100,1),(1078,310117,'松江区',310100,1),(1079,310118,'青浦区',310100,1),(1080,310119,'南汇区',310100,1),(1081,310120,'奉贤区',310100,1),(1082,310230,'崇明县',310200,1),(1083,320102,'玄武区',320100,1),(1084,320103,'白下区',320100,1),(1085,320104,'秦淮区',320100,1),(1086,320105,'建邺区',320100,1),(1087,320106,'鼓楼区',320100,1),(1088,320107,'下关区',320100,1),(1089,320111,'浦口区',320100,1),(1090,320113,'栖霞区',320100,1),(1091,320114,'雨花台区',320100,1),(1092,320115,'江宁区',320100,1),(1093,320116,'六合区',320100,1),(1094,320124,'溧水县',320100,1),(1095,320125,'高淳县',320100,1),(1096,320202,'崇安区',320200,1),(1097,320203,'南长区',320200,1),(1098,320204,'北塘区',320200,1),(1099,320205,'锡山区',320200,1),(1100,320206,'惠山区',320200,1),(1101,320211,'滨湖区',320200,1),(1102,320281,'江阴市',320200,1),(1103,320282,'宜兴市',320200,1),(1104,320302,'鼓楼区',320300,1),(1105,320303,'云龙区',320300,1),(1106,320304,'九里区',320300,1),(1107,320305,'贾汪区',320300,1),(1108,320311,'泉山区',320300,1),(1109,320321,'丰　县',320300,1),(1110,320322,'沛　县',320300,1),(1111,320323,'铜山县',320300,1),(1112,320324,'睢宁县',320300,1),(1113,320381,'新沂市',320300,1),(1114,320382,'邳州市',320300,1),(1115,320402,'天宁区',320400,1),(1116,320404,'钟楼区',320400,1),(1117,320405,'戚墅堰区',320400,1),(1118,320411,'新北区',320400,1),(1119,320412,'武进区',320400,1),(1120,320481,'溧阳市',320400,1),(1121,320482,'金坛市',320400,1),(1122,320502,'沧浪区',320500,1),(1123,320503,'平江区',320500,1),(1124,320504,'金阊区',320500,1),(1125,320505,'虎丘区',320500,1),(1126,320506,'吴中区',320500,1),(1127,320507,'相城区',320500,1),(1128,320581,'常熟市',320500,1),(1129,320582,'张家港市',320500,1),(1130,320583,'昆山市',320500,1),(1131,320584,'吴江市',320500,1),(1132,320585,'太仓市',320500,1),(1133,320602,'崇川区',320600,1),(1134,320611,'港闸区',320600,1),(1135,320621,'海安县',320600,1),(1136,320623,'如东县',320600,1),(1137,320681,'启东市',320600,1),(1138,320682,'如皋市',320600,1),(1139,320683,'通州市',320600,1),(1140,320684,'海门市',320600,1),(1141,320703,'连云区',320700,1),(1142,320705,'新浦区',320700,1),(1143,320706,'海州区',320700,1),(1144,320721,'赣榆县',320700,1),(1145,320722,'东海县',320700,1),(1146,320723,'灌云县',320700,1),(1147,320724,'灌南县',320700,1),(1148,320802,'清河区',320800,1),(1149,320803,'楚州区',320800,1),(1150,320804,'淮阴区',320800,1),(1151,320811,'清浦区',320800,1),(1152,320826,'涟水县',320800,1),(1153,320829,'洪泽县',320800,1),(1154,320830,'盱眙县',320800,1),(1155,320831,'金湖县',320800,1),(1156,320902,'亭湖区',320900,1),(1157,320903,'盐都区',320900,1),(1158,320921,'响水县',320900,1),(1159,320922,'滨海县',320900,1),(1160,320923,'阜宁县',320900,1),(1161,320924,'射阳县',320900,1),(1162,320925,'建湖县',320900,1),(1163,320981,'东台市',320900,1),(1164,320982,'大丰市',320900,1),(1165,321002,'广陵区',321000,1),(1166,321003,'邗江区',321000,1),(1167,321011,'郊　区',321000,1),(1168,321023,'宝应县',321000,1),(1169,321081,'仪征市',321000,1),(1170,321084,'高邮市',321000,1),(1171,321088,'江都市',321000,1),(1172,321102,'京口区',321100,1),(1173,321111,'润州区',321100,1),(1174,321112,'丹徒区',321100,1),(1175,321181,'丹阳市',321100,1),(1176,321182,'扬中市',321100,1),(1177,321183,'句容市',321100,1),(1178,321202,'海陵区',321200,1),(1179,321203,'高港区',321200,1),(1180,321281,'兴化市',321200,1),(1181,321282,'靖江市',321200,1),(1182,321283,'泰兴市',321200,1),(1183,321284,'姜堰市',321200,1),(1184,321302,'宿城区',321300,1),(1185,321311,'宿豫区',321300,1),(1186,321322,'沭阳县',321300,1),(1187,321323,'泗阳县',321300,1),(1188,321324,'泗洪县',321300,1),(1189,330102,'上城区',330100,1),(1190,330103,'下城区',330100,1),(1191,330104,'江干区',330100,1),(1192,330105,'拱墅区',330100,1),(1193,330106,'西湖区',330100,1),(1194,330108,'滨江区',330100,1),(1195,330109,'萧山区',330100,1),(1196,330110,'余杭区',330100,1),(1197,330122,'桐庐县',330100,1),(1198,330127,'淳安县',330100,1),(1199,330182,'建德市',330100,1),(1200,330183,'富阳市',330100,1),(1201,330185,'临安市',330100,1),(1202,330203,'海曙区',330200,1),(1203,330204,'江东区',330200,1),(1204,330205,'江北区',330200,1),(1205,330206,'北仑区',330200,1),(1206,330211,'镇海区',330200,1),(1207,330212,'鄞州区',330200,1),(1208,330225,'象山县',330200,1),(1209,330226,'宁海县',330200,1),(1210,330281,'余姚市',330200,1),(1211,330282,'慈溪市',330200,1),(1212,330283,'奉化市',330200,1),(1213,330302,'鹿城区',330300,1),(1214,330303,'龙湾区',330300,1),(1215,330304,'瓯海区',330300,1),(1216,330322,'洞头县',330300,1),(1217,330324,'永嘉县',330300,1),(1218,330326,'平阳县',330300,1),(1219,330327,'苍南县',330300,1),(1220,330328,'文成县',330300,1),(1221,330329,'泰顺县',330300,1),(1222,330381,'瑞安市',330300,1),(1223,330382,'乐清市',330300,1),(1224,330402,'秀城区',330400,1),(1225,330411,'秀洲区',330400,1),(1226,330421,'嘉善县',330400,1),(1227,330424,'海盐县',330400,1),(1228,330481,'海宁市',330400,1),(1229,330482,'平湖市',330400,1),(1230,330483,'桐乡市',330400,1),(1231,330502,'吴兴区',330500,1),(1232,330503,'南浔区',330500,1),(1233,330521,'德清县',330500,1),(1234,330522,'长兴县',330500,1),(1235,330523,'安吉县',330500,1),(1236,330602,'越城区',330600,1),(1237,330621,'绍兴县',330600,1),(1238,330624,'新昌县',330600,1),(1239,330681,'诸暨市',330600,1),(1240,330682,'上虞市',330600,1),(1241,330683,'嵊州市',330600,1),(1242,330702,'婺城区',330700,1),(1243,330703,'金东区',330700,1),(1244,330723,'武义县',330700,1),(1245,330726,'浦江县',330700,1),(1246,330727,'磐安县',330700,1),(1247,330781,'兰溪市',330700,1),(1248,330782,'义乌市',330700,1),(1249,330783,'东阳市',330700,1),(1250,330784,'永康市',330700,1),(1251,330802,'柯城区',330800,1),(1252,330803,'衢江区',330800,1),(1253,330822,'常山县',330800,1),(1254,330824,'开化县',330800,1),(1255,330825,'龙游县',330800,1),(1256,330881,'江山市',330800,1),(1257,330902,'定海区',330900,1),(1258,330903,'普陀区',330900,1),(1259,330921,'岱山县',330900,1),(1260,330922,'嵊泗县',330900,1),(1261,331002,'椒江区',331000,1),(1262,331003,'黄岩区',331000,1),(1263,331004,'路桥区',331000,1),(1264,331021,'玉环县',331000,1),(1265,331022,'三门县',331000,1),(1266,331023,'天台县',331000,1),(1267,331024,'仙居县',331000,1),(1268,331081,'温岭市',331000,1),(1269,331082,'临海市',331000,1),(1270,331102,'莲都区',331100,1),(1271,331121,'青田县',331100,1),(1272,331122,'缙云县',331100,1),(1273,331123,'遂昌县',331100,1),(1274,331124,'松阳县',331100,1),(1275,331125,'云和县',331100,1),(1276,331126,'庆元县',331100,1),(1277,331127,'景宁畲族自治县',331100,1),(1278,331181,'龙泉市',331100,1),(1279,340102,'瑶海区',340100,1),(1280,340103,'庐阳区',340100,1),(1281,340104,'蜀山区',340100,1),(1282,340111,'包河区',340100,1),(1283,340121,'长丰县',340100,1),(1284,340122,'肥东县',340100,1),(1285,340123,'肥西县',340100,1),(1286,340202,'镜湖区',340200,1),(1287,340203,'马塘区',340200,1),(1288,340204,'新芜区',340200,1),(1289,340207,'鸠江区',340200,1),(1290,340221,'芜湖县',340200,1),(1291,340222,'繁昌县',340200,1),(1292,340223,'南陵县',340200,1),(1293,340302,'龙子湖区',340300,1),(1294,340303,'蚌山区',340300,1),(1295,340304,'禹会区',340300,1),(1296,340311,'淮上区',340300,1),(1297,340321,'怀远县',340300,1),(1298,340322,'五河县',340300,1),(1299,340323,'固镇县',340300,1),(1300,340402,'大通区',340400,1),(1301,340403,'田家庵区',340400,1),(1302,340404,'谢家集区',340400,1),(1303,340405,'八公山区',340400,1),(1304,340406,'潘集区',340400,1),(1305,340421,'凤台县',340400,1),(1306,340502,'金家庄区',340500,1),(1307,340503,'花山区',340500,1),(1308,340504,'雨山区',340500,1),(1309,340521,'当涂县',340500,1),(1310,340602,'杜集区',340600,1),(1311,340603,'相山区',340600,1),(1312,340604,'烈山区',340600,1),(1313,340621,'濉溪县',340600,1),(1314,340702,'铜官山区',340700,1),(1315,340703,'狮子山区',340700,1),(1316,340711,'郊　区',340700,1),(1317,340721,'铜陵县',340700,1),(1318,340802,'迎江区',340800,1),(1319,340803,'大观区',340800,1),(1320,340811,'郊　区',340800,1),(1321,340822,'怀宁县',340800,1),(1322,340823,'枞阳县',340800,1),(1323,340824,'潜山县',340800,1),(1324,340825,'太湖县',340800,1),(1325,340826,'宿松县',340800,1),(1326,340827,'望江县',340800,1),(1327,340828,'岳西县',340800,1),(1328,340881,'桐城市',340800,1),(1329,341002,'屯溪区',341000,1),(1330,341003,'黄山区',341000,1),(1331,341004,'徽州区',341000,1),(1332,341021,'歙　县',341000,1),(1333,341022,'休宁县',341000,1),(1334,341023,'黟　县',341000,1),(1335,341024,'祁门县',341000,1),(1336,341102,'琅琊区',341100,1),(1337,341103,'南谯区',341100,1),(1338,341122,'来安县',341100,1),(1339,341124,'全椒县',341100,1),(1340,341125,'定远县',341100,1),(1341,341126,'凤阳县',341100,1),(1342,341181,'天长市',341100,1),(1343,341182,'明光市',341100,1),(1344,341202,'颍州区',341200,1),(1345,341203,'颍东区',341200,1),(1346,341204,'颍泉区',341200,1),(1347,341221,'临泉县',341200,1),(1348,341222,'太和县',341200,1),(1349,341225,'阜南县',341200,1),(1350,341226,'颍上县',341200,1),(1351,341282,'界首市',341200,1),(1352,341302,'墉桥区',341300,1),(1353,341321,'砀山县',341300,1),(1354,341322,'萧　县',341300,1),(1355,341323,'灵璧县',341300,1),(1356,341324,'泗　县',341300,1),(1357,341402,'居巢区',341400,1),(1358,341421,'庐江县',341400,1),(1359,341422,'无为县',341400,1),(1360,341423,'含山县',341400,1),(1361,341424,'和　县',341400,1),(1362,341502,'金安区',341500,1),(1363,341503,'裕安区',341500,1),(1364,341521,'寿　县',341500,1),(1365,341522,'霍邱县',341500,1),(1366,341523,'舒城县',341500,1),(1367,341524,'金寨县',341500,1),(1368,341525,'霍山县',341500,1),(1369,341602,'谯城区',341600,1),(1370,341621,'涡阳县',341600,1),(1371,341622,'蒙城县',341600,1),(1372,341623,'利辛县',341600,1),(1373,341702,'贵池区',341700,1),(1374,341721,'东至县',341700,1),(1375,341722,'石台县',341700,1),(1376,341723,'青阳县',341700,1),(1377,341802,'宣州区',341800,1),(1378,341821,'郎溪县',341800,1),(1379,341822,'广德县',341800,1),(1380,341823,'泾　县',341800,1),(1381,341824,'绩溪县',341800,1),(1382,341825,'旌德县',341800,1),(1383,341881,'宁国市',341800,1),(1384,350102,'鼓楼区',350100,1),(1385,350103,'台江区',350100,1),(1386,350104,'仓山区',350100,1),(1387,350105,'马尾区',350100,1),(1388,350111,'晋安区',350100,1),(1389,350121,'闽侯县',350100,1),(1390,350122,'连江县',350100,1),(1391,350123,'罗源县',350100,1),(1392,350124,'闽清县',350100,1),(1393,350125,'永泰县',350100,1),(1394,350128,'平潭县',350100,1),(1395,350181,'福清市',350100,1),(1396,350182,'长乐市',350100,1),(1397,350203,'思明区',350200,1),(1398,350205,'海沧区',350200,1),(1399,350206,'湖里区',350200,1),(1400,350211,'集美区',350200,1),(1401,350212,'同安区',350200,1),(1402,350213,'翔安区',350200,1),(1403,350302,'城厢区',350300,1),(1404,350303,'涵江区',350300,1),(1405,350304,'荔城区',350300,1),(1406,350305,'秀屿区',350300,1),(1407,350322,'仙游县',350300,1),(1408,350402,'梅列区',350400,1),(1409,350403,'三元区',350400,1),(1410,350421,'明溪县',350400,1),(1411,350423,'清流县',350400,1),(1412,350424,'宁化县',350400,1),(1413,350425,'大田县',350400,1),(1414,350426,'尤溪县',350400,1),(1415,350427,'沙　县',350400,1),(1416,350428,'将乐县',350400,1),(1417,350429,'泰宁县',350400,1),(1418,350430,'建宁县',350400,1),(1419,350481,'永安市',350400,1),(1420,350502,'鲤城区',350500,1),(1421,350503,'丰泽区',350500,1),(1422,350504,'洛江区',350500,1),(1423,350505,'泉港区',350500,1),(1424,350521,'惠安县',350500,1),(1425,350524,'安溪县',350500,1),(1426,350525,'永春县',350500,1),(1427,350526,'德化县',350500,1),(1428,350527,'金门县',350500,1),(1429,350581,'石狮市',350500,1),(1430,350582,'晋江市',350500,1),(1431,350583,'南安市',350500,1),(1432,350602,'芗城区',350600,1),(1433,350603,'龙文区',350600,1),(1434,350622,'云霄县',350600,1),(1435,350623,'漳浦县',350600,1),(1436,350624,'诏安县',350600,1),(1437,350625,'长泰县',350600,1),(1438,350626,'东山县',350600,1),(1439,350627,'南靖县',350600,1),(1440,350628,'平和县',350600,1),(1441,350629,'华安县',350600,1),(1442,350681,'龙海市',350600,1),(1443,350702,'延平区',350700,1),(1444,350721,'顺昌县',350700,1),(1445,350722,'浦城县',350700,1),(1446,350723,'光泽县',350700,1),(1447,350724,'松溪县',350700,1),(1448,350725,'政和县',350700,1),(1449,350781,'邵武市',350700,1),(1450,350782,'武夷山市',350700,1),(1451,350783,'建瓯市',350700,1),(1452,350784,'建阳市',350700,1),(1453,350802,'新罗区',350800,1),(1454,350821,'长汀县',350800,1),(1455,350822,'永定县',350800,1),(1456,350823,'上杭县',350800,1),(1457,350824,'武平县',350800,1),(1458,350825,'连城县',350800,1),(1459,350881,'漳平市',350800,1),(1460,350902,'蕉城区',350900,1),(1461,350921,'霞浦县',350900,1),(1462,350922,'古田县',350900,1),(1463,350923,'屏南县',350900,1),(1464,350924,'寿宁县',350900,1),(1465,350925,'周宁县',350900,1),(1466,350926,'柘荣县',350900,1),(1467,350981,'福安市',350900,1),(1468,350982,'福鼎市',350900,1),(1469,360102,'东湖区',360100,1),(1470,360103,'西湖区',360100,1),(1471,360104,'青云谱区',360100,1),(1472,360105,'湾里区',360100,1),(1473,360111,'青山湖区',360100,1),(1474,360121,'南昌县',360100,1),(1475,360122,'新建县',360100,1),(1476,360123,'安义县',360100,1),(1477,360124,'进贤县',360100,1),(1478,360202,'昌江区',360200,1),(1479,360203,'珠山区',360200,1),(1480,360222,'浮梁县',360200,1),(1481,360281,'乐平市',360200,1),(1482,360302,'安源区',360300,1),(1483,360313,'湘东区',360300,1),(1484,360321,'莲花县',360300,1),(1485,360322,'上栗县',360300,1),(1486,360323,'芦溪县',360300,1),(1487,360402,'庐山区',360400,1),(1488,360403,'浔阳区',360400,1),(1489,360421,'九江县',360400,1),(1490,360423,'武宁县',360400,1),(1491,360424,'修水县',360400,1),(1492,360425,'永修县',360400,1),(1493,360426,'德安县',360400,1),(1494,360427,'星子县',360400,1),(1495,360428,'都昌县',360400,1),(1496,360429,'湖口县',360400,1),(1497,360430,'彭泽县',360400,1),(1498,360481,'瑞昌市',360400,1),(1499,360502,'渝水区',360500,1),(1500,360521,'分宜县',360500,1),(1501,360602,'月湖区',360600,1),(1502,360622,'余江县',360600,1),(1503,360681,'贵溪市',360600,1),(1504,360702,'章贡区',360700,1),(1505,360721,'赣　县',360700,1),(1506,360722,'信丰县',360700,1),(1507,360723,'大余县',360700,1),(1508,360724,'上犹县',360700,1),(1509,360725,'崇义县',360700,1),(1510,360726,'安远县',360700,1),(1511,360727,'龙南县',360700,1),(1512,360728,'定南县',360700,1),(1513,360729,'全南县',360700,1),(1514,360730,'宁都县',360700,1),(1515,360731,'于都县',360700,1),(1516,360732,'兴国县',360700,1),(1517,360733,'会昌县',360700,1),(1518,360734,'寻乌县',360700,1),(1519,360735,'石城县',360700,1),(1520,360781,'瑞金市',360700,1),(1521,360782,'南康市',360700,1),(1522,360802,'吉州区',360800,1),(1523,360803,'青原区',360800,1),(1524,360821,'吉安县',360800,1),(1525,360822,'吉水县',360800,1),(1526,360823,'峡江县',360800,1),(1527,360824,'新干县',360800,1),(1528,360825,'永丰县',360800,1),(1529,360826,'泰和县',360800,1),(1530,360827,'遂川县',360800,1),(1531,360828,'万安县',360800,1),(1532,360829,'安福县',360800,1),(1533,360830,'永新县',360800,1),(1534,360881,'井冈山市',360800,1),(1535,360902,'袁州区',360900,1),(1536,360921,'奉新县',360900,1),(1537,360922,'万载县',360900,1),(1538,360923,'上高县',360900,1),(1539,360924,'宜丰县',360900,1),(1540,360925,'靖安县',360900,1),(1541,360926,'铜鼓县',360900,1),(1542,360981,'丰城市',360900,1),(1543,360982,'樟树市',360900,1),(1544,360983,'高安市',360900,1),(1545,361002,'临川区',361000,1),(1546,361021,'南城县',361000,1),(1547,361022,'黎川县',361000,1),(1548,361023,'南丰县',361000,1),(1549,361024,'崇仁县',361000,1),(1550,361025,'乐安县',361000,1),(1551,361026,'宜黄县',361000,1),(1552,361027,'金溪县',361000,1),(1553,361028,'资溪县',361000,1),(1554,361029,'东乡县',361000,1),(1555,361030,'广昌县',361000,1),(1556,361102,'信州区',361100,1),(1557,361121,'上饶县',361100,1),(1558,361122,'广丰县',361100,1),(1559,361123,'玉山县',361100,1),(1560,361124,'铅山县',361100,1),(1561,361125,'横峰县',361100,1),(1562,361126,'弋阳县',361100,1),(1563,361127,'余干县',361100,1),(1564,361128,'鄱阳县',361100,1),(1565,361129,'万年县',361100,1),(1566,361130,'婺源县',361100,1),(1567,361181,'德兴市',361100,1),(1568,370102,'历下区',370100,1),(1569,370103,'市中区',370100,1),(1570,370104,'槐荫区',370100,1),(1571,370105,'天桥区',370100,1),(1572,370112,'历城区',370100,1),(1573,370113,'长清区',370100,1),(1574,370124,'平阴县',370100,1),(1575,370125,'济阳县',370100,1),(1576,370126,'商河县',370100,1),(1577,370181,'章丘市',370100,1),(1578,370202,'市南区',370200,1),(1579,370203,'市北区',370200,1),(1580,370205,'四方区',370200,1),(1581,370211,'黄岛区',370200,1),(1582,370212,'崂山区',370200,1),(1583,370213,'李沧区',370200,1),(1584,370214,'城阳区',370200,1),(1585,370281,'胶州市',370200,1),(1586,370282,'即墨市',370200,1),(1587,370283,'平度市',370200,1),(1588,370284,'胶南市',370200,1),(1589,370285,'莱西市',370200,1),(1590,370302,'淄川区',370300,1),(1591,370303,'张店区',370300,1),(1592,370304,'博山区',370300,1),(1593,370305,'临淄区',370300,1),(1594,370306,'周村区',370300,1),(1595,370321,'桓台县',370300,1),(1596,370322,'高青县',370300,1),(1597,370323,'沂源县',370300,1),(1598,370402,'市中区',370400,1),(1599,370403,'薛城区',370400,1),(1600,370404,'峄城区',370400,1),(1601,370405,'台儿庄区',370400,1),(1602,370406,'山亭区',370400,1),(1603,370481,'滕州市',370400,1),(1604,370502,'东营区',370500,1),(1605,370503,'河口区',370500,1),(1606,370521,'垦利县',370500,1),(1607,370522,'利津县',370500,1),(1608,370523,'广饶县',370500,1),(1609,370602,'芝罘区',370600,1),(1610,370611,'福山区',370600,1),(1611,370612,'牟平区',370600,1),(1612,370613,'莱山区',370600,1),(1613,370634,'长岛县',370600,1),(1614,370681,'龙口市',370600,1),(1615,370682,'莱阳市',370600,1),(1616,370683,'莱州市',370600,1),(1617,370684,'蓬莱市',370600,1),(1618,370685,'招远市',370600,1),(1619,370686,'栖霞市',370600,1),(1620,370687,'海阳市',370600,1),(1621,370702,'潍城区',370700,1),(1622,370703,'寒亭区',370700,1),(1623,370704,'坊子区',370700,1),(1624,370705,'奎文区',370700,1),(1625,370724,'临朐县',370700,1),(1626,370725,'昌乐县',370700,1),(1627,370781,'青州市',370700,1),(1628,370782,'诸城市',370700,1),(1629,370783,'寿光市',370700,1),(1630,370784,'安丘市',370700,1),(1631,370785,'高密市',370700,1),(1632,370786,'昌邑市',370700,1),(1633,370802,'市中区',370800,1),(1634,370811,'任城区',370800,1),(1635,370826,'微山县',370800,1),(1636,370827,'鱼台县',370800,1),(1637,370828,'金乡县',370800,1),(1638,370829,'嘉祥县',370800,1),(1639,370830,'汶上县',370800,1),(1640,370831,'泗水县',370800,1),(1641,370832,'梁山县',370800,1),(1642,370881,'曲阜市',370800,1),(1643,370882,'兖州市',370800,1),(1644,370883,'邹城市',370800,1),(1645,370902,'泰山区',370900,1),(1646,370903,'岱岳区',370900,1),(1647,370921,'宁阳县',370900,1),(1648,370923,'东平县',370900,1),(1649,370982,'新泰市',370900,1),(1650,370983,'肥城市',370900,1),(1651,371002,'环翠区',371000,1),(1652,371081,'文登市',371000,1),(1653,371082,'荣成市',371000,1),(1654,371083,'乳山市',371000,1),(1655,371102,'东港区',371100,1),(1656,371103,'岚山区',371100,1),(1657,371121,'五莲县',371100,1),(1658,371122,'莒　县',371100,1),(1659,371202,'莱城区',371200,1),(1660,371203,'钢城区',371200,1),(1661,371302,'兰山区',371300,1),(1662,371311,'罗庄区',371300,1),(1663,371312,'河东区',371300,1),(1664,371321,'沂南县',371300,1),(1665,371322,'郯城县',371300,1),(1666,371323,'沂水县',371300,1),(1667,371324,'苍山县',371300,1),(1668,371325,'费　县',371300,1),(1669,371326,'平邑县',371300,1),(1670,371327,'莒南县',371300,1),(1671,371328,'蒙阴县',371300,1),(1672,371329,'临沭县',371300,1),(1673,371402,'德城区',371400,1),(1674,371421,'陵　县',371400,1),(1675,371422,'宁津县',371400,1),(1676,371423,'庆云县',371400,1),(1677,371424,'临邑县',371400,1),(1678,371425,'齐河县',371400,1),(1679,371426,'平原县',371400,1),(1680,371427,'夏津县',371400,1),(1681,371428,'武城县',371400,1),(1682,371481,'乐陵市',371400,1),(1683,371482,'禹城市',371400,1),(1684,371502,'东昌府区',371500,1),(1685,371521,'阳谷县',371500,1),(1686,371522,'莘　县',371500,1),(1687,371523,'茌平县',371500,1),(1688,371524,'东阿县',371500,1),(1689,371525,'冠　县',371500,1),(1690,371526,'高唐县',371500,1),(1691,371581,'临清市',371500,1),(1692,371602,'滨城区',371600,1),(1693,371621,'惠民县',371600,1),(1694,371622,'阳信县',371600,1),(1695,371623,'无棣县',371600,1),(1696,371624,'沾化县',371600,1),(1697,371625,'博兴县',371600,1),(1698,371626,'邹平县',371600,1),(1699,371702,'牡丹区',371700,1),(1700,371721,'曹　县',371700,1),(1701,371722,'单　县',371700,1),(1702,371723,'成武县',371700,1),(1703,371724,'巨野县',371700,1),(1704,371725,'郓城县',371700,1),(1705,371726,'鄄城县',371700,1),(1706,371727,'定陶县',371700,1),(1707,371728,'东明县',371700,1),(1708,410102,'中原区',410100,1),(1709,410103,'二七区',410100,1),(1710,410104,'管城回族区',410100,1),(1711,410105,'金水区',410100,1),(1712,410106,'上街区',410100,1),(1713,410108,'邙山区',410100,1),(1714,410122,'中牟县',410100,1),(1715,410181,'巩义市',410100,1),(1716,410182,'荥阳市',410100,1),(1717,410183,'新密市',410100,1),(1718,410184,'新郑市',410100,1),(1719,410185,'登封市',410100,1),(1720,410202,'龙亭区',410200,1),(1721,410203,'顺河回族区',410200,1),(1722,410204,'鼓楼区',410200,1),(1723,410205,'南关区',410200,1),(1724,410211,'郊　区',410200,1),(1725,410221,'杞　县',410200,1),(1726,410222,'通许县',410200,1),(1727,410223,'尉氏县',410200,1),(1728,410224,'开封县',410200,1),(1729,410225,'兰考县',410200,1),(1730,410302,'老城区',410300,1),(1731,410303,'西工区',410300,1),(1732,410304,'廛河回族区',410300,1),(1733,410305,'涧西区',410300,1),(1734,410306,'吉利区',410300,1),(1735,410307,'洛龙区',410300,1),(1736,410322,'孟津县',410300,1),(1737,410323,'新安县',410300,1),(1738,410324,'栾川县',410300,1),(1739,410325,'嵩　县',410300,1),(1740,410326,'汝阳县',410300,1),(1741,410327,'宜阳县',410300,1),(1742,410328,'洛宁县',410300,1),(1743,410329,'伊川县',410300,1),(1744,410381,'偃师市',410300,1),(1745,410402,'新华区',410400,1),(1746,410403,'卫东区',410400,1),(1747,410404,'石龙区',410400,1),(1748,410411,'湛河区',410400,1),(1749,410421,'宝丰县',410400,1),(1750,410422,'叶　县',410400,1),(1751,410423,'鲁山县',410400,1),(1752,410425,'郏　县',410400,1),(1753,410481,'舞钢市',410400,1),(1754,410482,'汝州市',410400,1),(1755,410502,'文峰区',410500,1),(1756,410503,'北关区',410500,1),(1757,410505,'殷都区',410500,1),(1758,410506,'龙安区',410500,1),(1759,410522,'安阳县',410500,1),(1760,410523,'汤阴县',410500,1),(1761,410526,'滑　县',410500,1),(1762,410527,'内黄县',410500,1),(1763,410581,'林州市',410500,1),(1764,410602,'鹤山区',410600,1),(1765,410603,'山城区',410600,1),(1766,410611,'淇滨区',410600,1),(1767,410621,'浚　县',410600,1),(1768,410622,'淇　县',410600,1),(1769,410702,'红旗区',410700,1),(1770,410703,'卫滨区',410700,1),(1771,410704,'凤泉区',410700,1),(1772,410711,'牧野区',410700,1),(1773,410721,'新乡县',410700,1),(1774,410724,'获嘉县',410700,1),(1775,410725,'原阳县',410700,1),(1776,410726,'延津县',410700,1),(1777,410727,'封丘县',410700,1),(1778,410728,'长垣县',410700,1),(1779,410781,'卫辉市',410700,1),(1780,410782,'辉县市',410700,1),(1781,410802,'解放区',410800,1),(1782,410803,'中站区',410800,1),(1783,410804,'马村区',410800,1),(1784,410811,'山阳区',410800,1),(1785,410821,'修武县',410800,1),(1786,410822,'博爱县',410800,1),(1787,410823,'武陟县',410800,1),(1788,410825,'温　县',410800,1),(1789,410881,'济源市',410800,1),(1790,410882,'沁阳市',410800,1),(1791,410883,'孟州市',410800,1),(1792,410902,'华龙区',410900,1),(1793,410922,'清丰县',410900,1),(1794,410923,'南乐县',410900,1),(1795,410926,'范　县',410900,1),(1796,410927,'台前县',410900,1),(1797,410928,'濮阳县',410900,1),(1798,411002,'魏都区',411000,1),(1799,411023,'许昌县',411000,1),(1800,411024,'鄢陵县',411000,1),(1801,411025,'襄城县',411000,1),(1802,411081,'禹州市',411000,1),(1803,411082,'长葛市',411000,1),(1804,411102,'源汇区',411100,1),(1805,411103,'郾城区',411100,1),(1806,411104,'召陵区',411100,1),(1807,411121,'舞阳县',411100,1),(1808,411122,'临颍县',411100,1),(1809,411202,'湖滨区',411200,1),(1810,411221,'渑池县',411200,1),(1811,411222,'陕　县',411200,1),(1812,411224,'卢氏县',411200,1),(1813,411281,'义马市',411200,1),(1814,411282,'灵宝市',411200,1),(1815,411302,'宛城区',411300,1),(1816,411303,'卧龙区',411300,1),(1817,411321,'南召县',411300,1),(1818,411322,'方城县',411300,1),(1819,411323,'西峡县',411300,1),(1820,411324,'镇平县',411300,1),(1821,411325,'内乡县',411300,1),(1822,411326,'淅川县',411300,1),(1823,411327,'社旗县',411300,1),(1824,411328,'唐河县',411300,1),(1825,411329,'新野县',411300,1),(1826,411330,'桐柏县',411300,1),(1827,411381,'邓州市',411300,1),(1828,411402,'梁园区',411400,1),(1829,411403,'睢阳区',411400,1),(1830,411421,'民权县',411400,1),(1831,411422,'睢　县',411400,1),(1832,411423,'宁陵县',411400,1),(1833,411424,'柘城县',411400,1),(1834,411425,'虞城县',411400,1),(1835,411426,'夏邑县',411400,1),(1836,411481,'永城市',411400,1),(1837,411502,'师河区',411500,1),(1838,411503,'平桥区',411500,1),(1839,411521,'罗山县',411500,1),(1840,411522,'光山县',411500,1),(1841,411523,'新　县',411500,1),(1842,411524,'商城县',411500,1),(1843,411525,'固始县',411500,1),(1844,411526,'潢川县',411500,1),(1845,411527,'淮滨县',411500,1),(1846,411528,'息　县',411500,1),(1847,411602,'川汇区',411600,1),(1848,411621,'扶沟县',411600,1),(1849,411622,'西华县',411600,1),(1850,411623,'商水县',411600,1),(1851,411624,'沈丘县',411600,1),(1852,411625,'郸城县',411600,1),(1853,411626,'淮阳县',411600,1),(1854,411627,'太康县',411600,1),(1855,411628,'鹿邑县',411600,1),(1856,411681,'项城市',411600,1),(1857,411702,'驿城区',411700,1),(1858,411721,'西平县',411700,1),(1859,411722,'上蔡县',411700,1),(1860,411723,'平舆县',411700,1),(1861,411724,'正阳县',411700,1),(1862,411725,'确山县',411700,1),(1863,411726,'泌阳县',411700,1),(1864,411727,'汝南县',411700,1),(1865,411728,'遂平县',411700,1),(1866,411729,'新蔡县',411700,1),(1867,420102,'江岸区',420100,1),(1868,420103,'江汉区',420100,1),(1869,420104,'乔口区',420100,1),(1870,420105,'汉阳区',420100,1),(1871,420106,'武昌区',420100,1),(1872,420107,'青山区',420100,1),(1873,420111,'洪山区',420100,1),(1874,420112,'东西湖区',420100,1),(1875,420113,'汉南区',420100,1),(1876,420114,'蔡甸区',420100,1),(1877,420115,'江夏区',420100,1),(1878,420116,'黄陂区',420100,1),(1879,420117,'新洲区',420100,1),(1880,420202,'黄石港区',420200,1),(1881,420203,'西塞山区',420200,1),(1882,420204,'下陆区',420200,1),(1883,420205,'铁山区',420200,1),(1884,420222,'阳新县',420200,1),(1885,420281,'大冶市',420200,1),(1886,420302,'茅箭区',420300,1),(1887,420303,'张湾区',420300,1),(1888,420321,'郧　县',420300,1),(1889,420322,'郧西县',420300,1),(1890,420323,'竹山县',420300,1),(1891,420324,'竹溪县',420300,1),(1892,420325,'房　县',420300,1),(1893,420381,'丹江口市',420300,1),(1894,420502,'西陵区',420500,1),(1895,420503,'伍家岗区',420500,1),(1896,420504,'点军区',420500,1),(1897,420505,'猇亭区',420500,1),(1898,420506,'夷陵区',420500,1),(1899,420525,'远安县',420500,1),(1900,420526,'兴山县',420500,1),(1901,420527,'秭归县',420500,1),(1902,420528,'长阳土家族自治县',420500,1),(1903,420529,'五峰土家族自治县',420500,1),(1904,420581,'宜都市',420500,1),(1905,420582,'当阳市',420500,1),(1906,420583,'枝江市',420500,1),(1907,420602,'襄城区',420600,1),(1908,420606,'樊城区',420600,1),(1909,420607,'襄阳区',420600,1),(1910,420624,'南漳县',420600,1),(1911,420625,'谷城县',420600,1),(1912,420626,'保康县',420600,1),(1913,420682,'老河口市',420600,1),(1914,420683,'枣阳市',420600,1),(1915,420684,'宜城市',420600,1),(1916,420702,'梁子湖区',420700,1),(1917,420703,'华容区',420700,1),(1918,420704,'鄂城区',420700,1),(1919,420802,'东宝区',420800,1),(1920,420804,'掇刀区',420800,1),(1921,420821,'京山县',420800,1),(1922,420822,'沙洋县',420800,1),(1923,420881,'钟祥市',420800,1),(1924,420902,'孝南区',420900,1),(1925,420921,'孝昌县',420900,1),(1926,420922,'大悟县',420900,1),(1927,420923,'云梦县',420900,1),(1928,420981,'应城市',420900,1),(1929,420982,'安陆市',420900,1),(1930,420984,'汉川市',420900,1),(1931,421002,'沙市区',421000,1),(1932,421003,'荆州区',421000,1),(1933,421022,'公安县',421000,1),(1934,421023,'监利县',421000,1),(1935,421024,'江陵县',421000,1),(1936,421081,'石首市',421000,1),(1937,421083,'洪湖市',421000,1),(1938,421087,'松滋市',421000,1),(1939,421102,'黄州区',421100,1),(1940,421121,'团风县',421100,1),(1941,421122,'红安县',421100,1),(1942,421123,'罗田县',421100,1),(1943,421124,'英山县',421100,1),(1944,421125,'浠水县',421100,1),(1945,421126,'蕲春县',421100,1),(1946,421127,'黄梅县',421100,1),(1947,421181,'麻城市',421100,1),(1948,421182,'武穴市',421100,1),(1949,421202,'咸安区',421200,1),(1950,421221,'嘉鱼县',421200,1),(1951,421222,'通城县',421200,1),(1952,421223,'崇阳县',421200,1),(1953,421224,'通山县',421200,1),(1954,421281,'赤壁市',421200,1),(1955,421302,'曾都区',421300,1),(1956,421381,'广水市',421300,1),(1957,422801,'恩施市',422800,1),(1958,422802,'利川市',422800,1),(1959,422822,'建始县',422800,1),(1960,422823,'巴东县',422800,1),(1961,422825,'宣恩县',422800,1),(1962,422826,'咸丰县',422800,1),(1963,422827,'来凤县',422800,1),(1964,422828,'鹤峰县',422800,1),(1965,429004,'仙桃市',429000,1),(1966,429005,'潜江市',429000,1),(1967,429006,'天门市',429000,1),(1968,429021,'神农架林区',429000,1),(1969,430102,'芙蓉区',430100,1),(1970,430103,'天心区',430100,1),(1971,430104,'岳麓区',430100,1),(1972,430105,'开福区',430100,1),(1973,430111,'雨花区',430100,1),(1974,430121,'长沙县',430100,1),(1975,430122,'望城县',430100,1),(1976,430124,'宁乡县',430100,1),(1977,430181,'浏阳市',430100,1),(1978,430202,'荷塘区',430200,1),(1979,430203,'芦淞区',430200,1),(1980,430204,'石峰区',430200,1),(1981,430211,'天元区',430200,1),(1982,430221,'株洲县',430200,1),(1983,430223,'攸　县',430200,1),(1984,430224,'茶陵县',430200,1),(1985,430225,'炎陵县',430200,1),(1986,430281,'醴陵市',430200,1),(1987,430302,'雨湖区',430300,1),(1988,430304,'岳塘区',430300,1),(1989,430321,'湘潭县',430300,1),(1990,430381,'湘乡市',430300,1),(1991,430382,'韶山市',430300,1),(1992,430405,'珠晖区',430400,1),(1993,430406,'雁峰区',430400,1),(1994,430407,'石鼓区',430400,1),(1995,430408,'蒸湘区',430400,1),(1996,430412,'南岳区',430400,1),(1997,430421,'衡阳县',430400,1),(1998,430422,'衡南县',430400,1),(1999,430423,'衡山县',430400,1),(2000,430424,'衡东县',430400,1),(2001,430426,'祁东县',430400,1),(2002,430481,'耒阳市',430400,1),(2003,430482,'常宁市',430400,1),(2004,430502,'双清区',430500,1),(2005,430503,'大祥区',430500,1),(2006,430511,'北塔区',430500,1),(2007,430521,'邵东县',430500,1),(2008,430522,'新邵县',430500,1),(2009,430523,'邵阳县',430500,1),(2010,430524,'隆回县',430500,1),(2011,430525,'洞口县',430500,1),(2012,430527,'绥宁县',430500,1),(2013,430528,'新宁县',430500,1),(2014,430529,'城步苗族自治县',430500,1),(2015,430581,'武冈市',430500,1),(2016,430602,'岳阳楼区',430600,1),(2017,430603,'云溪区',430600,1),(2018,430611,'君山区',430600,1),(2019,430621,'岳阳县',430600,1),(2020,430623,'华容县',430600,1),(2021,430624,'湘阴县',430600,1),(2022,430626,'平江县',430600,1),(2023,430681,'汨罗市',430600,1),(2024,430682,'临湘市',430600,1),(2025,430702,'武陵区',430700,1),(2026,430703,'鼎城区',430700,1),(2027,430721,'安乡县',430700,1),(2028,430722,'汉寿县',430700,1),(2029,430723,'澧　县',430700,1),(2030,430724,'临澧县',430700,1),(2031,430725,'桃源县',430700,1),(2032,430726,'石门县',430700,1),(2033,430781,'津市市',430700,1),(2034,430802,'永定区',430800,1),(2035,430811,'武陵源区',430800,1),(2036,430821,'慈利县',430800,1),(2037,430822,'桑植县',430800,1),(2038,430902,'资阳区',430900,1),(2039,430903,'赫山区',430900,1),(2040,430921,'南　县',430900,1),(2041,430922,'桃江县',430900,1),(2042,430923,'安化县',430900,1),(2043,430981,'沅江市',430900,1),(2044,431002,'北湖区',431000,1),(2045,431003,'苏仙区',431000,1),(2046,431021,'桂阳县',431000,1),(2047,431022,'宜章县',431000,1),(2048,431023,'永兴县',431000,1),(2049,431024,'嘉禾县',431000,1),(2050,431025,'临武县',431000,1),(2051,431026,'汝城县',431000,1),(2052,431027,'桂东县',431000,1),(2053,431028,'安仁县',431000,1),(2054,431081,'资兴市',431000,1),(2055,431102,'芝山区',431100,1),(2056,431103,'冷水滩区',431100,1),(2057,431121,'祁阳县',431100,1),(2058,431122,'东安县',431100,1),(2059,431123,'双牌县',431100,1),(2060,431124,'道　县',431100,1),(2061,431125,'江永县',431100,1),(2062,431126,'宁远县',431100,1),(2063,431127,'蓝山县',431100,1),(2064,431128,'新田县',431100,1),(2065,431129,'江华瑶族自治县',431100,1),(2066,431202,'鹤城区',431200,1),(2067,431221,'中方县',431200,1),(2068,431222,'沅陵县',431200,1),(2069,431223,'辰溪县',431200,1),(2070,431224,'溆浦县',431200,1),(2071,431225,'会同县',431200,1),(2072,431226,'麻阳苗族自治县',431200,1),(2073,431227,'新晃侗族自治县',431200,1),(2074,431228,'芷江侗族自治县',431200,1),(2075,431229,'靖州苗族侗族自治县',431200,1),(2076,431230,'通道侗族自治县',431200,1),(2077,431281,'洪江市',431200,1),(2078,431302,'娄星区',431300,1),(2079,431321,'双峰县',431300,1),(2080,431322,'新化县',431300,1),(2081,431381,'冷水江市',431300,1),(2082,431382,'涟源市',431300,1),(2083,433101,'吉首市',433100,1),(2084,433122,'泸溪县',433100,1),(2085,433123,'凤凰县',433100,1),(2086,433124,'花垣县',433100,1),(2087,433125,'保靖县',433100,1),(2088,433126,'古丈县',433100,1),(2089,433127,'永顺县',433100,1),(2090,433130,'龙山县',433100,1),(2091,440102,'东山区',440100,1),(2092,440103,'荔湾区',440100,1),(2093,440104,'越秀区',440100,1),(2094,440105,'海珠区',440100,1),(2095,440106,'天河区',440100,1),(2096,440107,'芳村区',440100,1),(2097,440111,'白云区',440100,1),(2098,440112,'黄埔区',440100,1),(2099,440113,'番禺区',440100,1),(2100,440114,'花都区',440100,1),(2101,440183,'增城市',440100,1),(2102,440184,'从化市',440100,1),(2103,440203,'武江区',440200,1),(2104,440204,'浈江区',440200,1),(2105,440205,'曲江区',440200,1),(2106,440222,'始兴县',440200,1),(2107,440224,'仁化县',440200,1),(2108,440229,'翁源县',440200,1),(2109,440232,'乳源瑶族自治县',440200,1),(2110,440233,'新丰县',440200,1),(2111,440281,'乐昌市',440200,1),(2112,440282,'南雄市',440200,1),(2113,440303,'罗湖区',440300,1),(2114,440304,'福田区',440300,1),(2115,440305,'南山区',440300,1),(2116,440306,'宝安区',440300,1),(2117,440307,'龙岗区',440300,1),(2118,440308,'盐田区',440300,1),(2119,440402,'香洲区',440400,1),(2120,440403,'斗门区',440400,1),(2121,440404,'金湾区',440400,1),(2122,440507,'龙湖区',440500,1),(2123,440511,'金平区',440500,1),(2124,440512,'濠江区',440500,1),(2125,440513,'潮阳区',440500,1),(2126,440514,'潮南区',440500,1),(2127,440515,'澄海区',440500,1),(2128,440523,'南澳县',440500,1),(2129,440604,'禅城区',440600,1),(2130,440605,'南海区',440600,1),(2131,440606,'顺德区',440600,1),(2132,440607,'三水区',440600,1),(2133,440608,'高明区',440600,1),(2134,440703,'蓬江区',440700,1),(2135,440704,'江海区',440700,1),(2136,440705,'新会区',440700,1),(2137,440781,'台山市',440700,1),(2138,440783,'开平市',440700,1),(2139,440784,'鹤山市',440700,1),(2140,440785,'恩平市',440700,1),(2141,440802,'赤坎区',440800,1),(2142,440803,'霞山区',440800,1),(2143,440804,'坡头区',440800,1),(2144,440811,'麻章区',440800,1),(2145,440823,'遂溪县',440800,1),(2146,440825,'徐闻县',440800,1),(2147,440881,'廉江市',440800,1),(2148,440882,'雷州市',440800,1),(2149,440883,'吴川市',440800,1),(2150,440902,'茂南区',440900,1),(2151,440903,'茂港区',440900,1),(2152,440923,'电白县',440900,1),(2153,440981,'高州市',440900,1),(2154,440982,'化州市',440900,1),(2155,440983,'信宜市',440900,1),(2156,441202,'端州区',441200,1),(2157,441203,'鼎湖区',441200,1),(2158,441223,'广宁县',441200,1),(2159,441224,'怀集县',441200,1),(2160,441225,'封开县',441200,1),(2161,441226,'德庆县',441200,1),(2162,441283,'高要市',441200,1),(2163,441284,'四会市',441200,1),(2164,441302,'惠城区',441300,1),(2165,441303,'惠阳区',441300,1),(2166,441322,'博罗县',441300,1),(2167,441323,'惠东县',441300,1),(2168,441324,'龙门县',441300,1),(2169,441402,'梅江区',441400,1),(2170,441421,'梅　县',441400,1),(2171,441422,'大埔县',441400,1),(2172,441423,'丰顺县',441400,1),(2173,441424,'五华县',441400,1),(2174,441426,'平远县',441400,1),(2175,441427,'蕉岭县',441400,1),(2176,441481,'兴宁市',441400,1),(2177,441502,'城　区',441500,1),(2178,441521,'海丰县',441500,1),(2179,441523,'陆河县',441500,1),(2180,441581,'陆丰市',441500,1),(2181,441602,'源城区',441600,1),(2182,441621,'紫金县',441600,1),(2183,441622,'龙川县',441600,1),(2184,441623,'连平县',441600,1),(2185,441624,'和平县',441600,1),(2186,441625,'东源县',441600,1),(2187,441702,'江城区',441700,1),(2188,441721,'阳西县',441700,1),(2189,441723,'阳东县',441700,1),(2190,441781,'阳春市',441700,1),(2191,441802,'清城区',441800,1),(2192,441821,'佛冈县',441800,1),(2193,441823,'阳山县',441800,1),(2194,441825,'连山壮族瑶族自治县',441800,1),(2195,441826,'连南瑶族自治县',441800,1),(2196,441827,'清新县',441800,1),(2197,441881,'英德市',441800,1),(2198,441882,'连州市',441800,1),(2199,445102,'湘桥区',445100,1),(2200,445121,'潮安县',445100,1),(2201,445122,'饶平县',445100,1),(2202,445202,'榕城区',445200,1),(2203,445221,'揭东县',445200,1),(2204,445222,'揭西县',445200,1),(2205,445224,'惠来县',445200,1),(2206,445281,'普宁市',445200,1),(2207,445302,'云城区',445300,1),(2208,445321,'新兴县',445300,1),(2209,445322,'郁南县',445300,1),(2210,445323,'云安县',445300,1),(2211,445381,'罗定市',445300,1),(2212,450102,'兴宁区',450100,1),(2213,450103,'青秀区',450100,1),(2214,450105,'江南区',450100,1),(2215,450107,'西乡塘区',450100,1),(2216,450108,'良庆区',450100,1),(2217,450109,'邕宁区',450100,1),(2218,450122,'武鸣县',450100,1),(2219,450123,'隆安县',450100,1),(2220,450124,'马山县',450100,1),(2221,450125,'上林县',450100,1),(2222,450126,'宾阳县',450100,1),(2223,450127,'横　县',450100,1),(2224,450202,'城中区',450200,1),(2225,450203,'鱼峰区',450200,1),(2226,450204,'柳南区',450200,1),(2227,450205,'柳北区',450200,1),(2228,450221,'柳江县',450200,1),(2229,450222,'柳城县',450200,1),(2230,450223,'鹿寨县',450200,1),(2231,450224,'融安县',450200,1),(2232,450225,'融水苗族自治县',450200,1),(2233,450226,'三江侗族自治县',450200,1),(2234,450302,'秀峰区',450300,1),(2235,450303,'叠彩区',450300,1),(2236,450304,'象山区',450300,1),(2237,450305,'七星区',450300,1),(2238,450311,'雁山区',450300,1),(2239,450321,'阳朔县',450300,1),(2240,450322,'临桂县',450300,1),(2241,450323,'灵川县',450300,1),(2242,450324,'全州县',450300,1),(2243,450325,'兴安县',450300,1),(2244,450326,'永福县',450300,1),(2245,450327,'灌阳县',450300,1),(2246,450328,'龙胜各族自治县',450300,1),(2247,450329,'资源县',450300,1),(2248,450330,'平乐县',450300,1),(2249,450331,'荔蒲县',450300,1),(2250,450332,'恭城瑶族自治县',450300,1),(2251,450403,'万秀区',450400,1),(2252,450404,'蝶山区',450400,1),(2253,450405,'长洲区',450400,1),(2254,450421,'苍梧县',450400,1),(2255,450422,'藤　县',450400,1),(2256,450423,'蒙山县',450400,1),(2257,450481,'岑溪市',450400,1),(2258,450502,'海城区',450500,1),(2259,450503,'银海区',450500,1),(2260,450512,'铁山港区',450500,1),(2261,450521,'合浦县',450500,1),(2262,450602,'港口区',450600,1),(2263,450603,'防城区',450600,1),(2264,450621,'上思县',450600,1),(2265,450681,'东兴市',450600,1),(2266,450702,'钦南区',450700,1),(2267,450703,'钦北区',450700,1),(2268,450721,'灵山县',450700,1),(2269,450722,'浦北县',450700,1),(2270,450802,'港北区',450800,1),(2271,450803,'港南区',450800,1),(2272,450804,'覃塘区',450800,1),(2273,450821,'平南县',450800,1),(2274,450881,'桂平市',450800,1),(2275,450902,'玉州区',450900,1),(2276,450921,'容　县',450900,1),(2277,450922,'陆川县',450900,1),(2278,450923,'博白县',450900,1),(2279,450924,'兴业县',450900,1),(2280,450981,'北流市',450900,1),(2281,451002,'右江区',451000,1),(2282,451021,'田阳县',451000,1),(2283,451022,'田东县',451000,1),(2284,451023,'平果县',451000,1),(2285,451024,'德保县',451000,1),(2286,451025,'靖西县',451000,1),(2287,451026,'那坡县',451000,1),(2288,451027,'凌云县',451000,1),(2289,451028,'乐业县',451000,1),(2290,451029,'田林县',451000,1),(2291,451030,'西林县',451000,1),(2292,451031,'隆林各族自治县',451000,1),(2293,451102,'八步区',451100,1),(2294,451121,'昭平县',451100,1),(2295,451122,'钟山县',451100,1),(2296,451123,'富川瑶族自治县',451100,1),(2297,451202,'金城江区',451200,1),(2298,451221,'南丹县',451200,1),(2299,451222,'天峨县',451200,1),(2300,451223,'凤山县',451200,1),(2301,451224,'东兰县',451200,1),(2302,451225,'罗城仫佬族自治县',451200,1),(2303,451226,'环江毛南族自治县',451200,1),(2304,451227,'巴马瑶族自治县',451200,1),(2305,451228,'都安瑶族自治县',451200,1),(2306,451229,'大化瑶族自治县',451200,1),(2307,451281,'宜州市',451200,1),(2308,451302,'兴宾区',451300,1),(2309,451321,'忻城县',451300,1),(2310,451322,'象州县',451300,1),(2311,451323,'武宣县',451300,1),(2312,451324,'金秀瑶族自治县',451300,1),(2313,451381,'合山市',451300,1),(2314,451402,'江洲区',451400,1),(2315,451421,'扶绥县',451400,1),(2316,451422,'宁明县',451400,1),(2317,451423,'龙州县',451400,1),(2318,451424,'大新县',451400,1),(2319,451425,'天等县',451400,1),(2320,451481,'凭祥市',451400,1),(2321,460105,'秀英区',460100,1),(2322,460106,'龙华区',460100,1),(2323,460107,'琼山区',460100,1),(2324,460108,'美兰区',460100,1),(2325,469001,'五指山市',469000,1),(2326,469002,'琼海市',469000,1),(2327,469003,'儋州市',469000,1),(2328,469005,'文昌市',469000,1),(2329,469006,'万宁市',469000,1),(2330,469007,'东方市',469000,1),(2331,469025,'定安县',469000,1),(2332,469026,'屯昌县',469000,1),(2333,469027,'澄迈县',469000,1),(2334,469028,'临高县',469000,1),(2335,469030,'白沙黎族自治县',469000,1),(2336,469031,'昌江黎族自治县',469000,1),(2337,469033,'乐东黎族自治县',469000,1),(2338,469034,'陵水黎族自治县',469000,1),(2339,469035,'保亭黎族苗族自治县',469000,1),(2340,469036,'琼中黎族苗族自治县',469000,1),(2341,469037,'西沙群岛',469000,1),(2342,469038,'南沙群岛',469000,1),(2343,469039,'中沙群岛的岛礁及其海域',469000,1),(2344,500101,'万州区',500100,1),(2345,500102,'涪陵区',500100,1),(2346,500103,'渝中区',500100,1),(2347,500104,'大渡口区',500100,1),(2348,500105,'江北区',500100,1),(2349,500106,'沙坪坝区',500100,1),(2350,500107,'九龙坡区',500100,1),(2351,500108,'南岸区',500100,1),(2352,500109,'北碚区',500100,1),(2353,500110,'万盛区',500100,1),(2354,500111,'双桥区',500100,1),(2355,500112,'渝北区',500100,1),(2356,500113,'巴南区',500100,1),(2357,500114,'黔江区',500100,1),(2358,500115,'长寿区',500100,1),(2359,500222,'綦江县',500200,1),(2360,500223,'潼南县',500200,1),(2361,500224,'铜梁县',500200,1),(2362,500225,'大足县',500200,1),(2363,500226,'荣昌县',500200,1),(2364,500227,'璧山县',500200,1),(2365,500228,'梁平县',500200,1),(2366,500229,'城口县',500200,1),(2367,500230,'丰都县',500200,1),(2368,500231,'垫江县',500200,1),(2369,500232,'武隆县',500200,1),(2370,500233,'忠　县',500200,1),(2371,500234,'开　县',500200,1),(2372,500235,'云阳县',500200,1),(2373,500236,'奉节县',500200,1),(2374,500237,'巫山县',500200,1),(2375,500238,'巫溪县',500200,1),(2376,500240,'石柱土家族自治县',500200,1),(2377,500241,'秀山土家族苗族自治县',500200,1),(2378,500242,'酉阳土家族苗族自治县',500200,1),(2379,500243,'彭水苗族土家族自治县',500200,1),(2380,500381,'江津市',500300,1),(2381,500382,'合川市',500300,1),(2382,500383,'永川市',500300,1),(2383,500384,'南川市',500300,1),(2384,510104,'锦江区',510100,1),(2385,510105,'青羊区',510100,1),(2386,510106,'金牛区',510100,1),(2387,510107,'武侯区',510100,1),(2388,510108,'成华区',510100,1),(2389,510112,'龙泉驿区',510100,1),(2390,510113,'青白江区',510100,1),(2391,510114,'新都区',510100,1),(2392,510115,'温江区',510100,1),(2393,510121,'金堂县',510100,1),(2394,510122,'双流县',510100,1),(2395,510124,'郫　县',510100,1),(2396,510129,'大邑县',510100,1),(2397,510131,'蒲江县',510100,1),(2398,510132,'新津县',510100,1),(2399,510181,'都江堰市',510100,1),(2400,510182,'彭州市',510100,1),(2401,510183,'邛崃市',510100,1),(2402,510184,'崇州市',510100,1),(2403,510302,'自流井区',510300,1),(2404,510303,'贡井区',510300,1),(2405,510304,'大安区',510300,1),(2406,510311,'沿滩区',510300,1),(2407,510321,'荣　县',510300,1),(2408,510322,'富顺县',510300,1),(2409,510402,'东　区',510400,1),(2410,510403,'西　区',510400,1),(2411,510411,'仁和区',510400,1),(2412,510421,'米易县',510400,1),(2413,510422,'盐边县',510400,1),(2414,510502,'江阳区',510500,1),(2415,510503,'纳溪区',510500,1),(2416,510504,'龙马潭区',510500,1),(2417,510521,'泸　县',510500,1),(2418,510522,'合江县',510500,1),(2419,510524,'叙永县',510500,1),(2420,510525,'古蔺县',510500,1),(2421,510603,'旌阳区',510600,1),(2422,510623,'中江县',510600,1),(2423,510626,'罗江县',510600,1),(2424,510681,'广汉市',510600,1),(2425,510682,'什邡市',510600,1),(2426,510683,'绵竹市',510600,1),(2427,510703,'涪城区',510700,1),(2428,510704,'游仙区',510700,1),(2429,510722,'三台县',510700,1),(2430,510723,'盐亭县',510700,1),(2431,510724,'安　县',510700,1),(2432,510725,'梓潼县',510700,1),(2433,510726,'北川羌族自治县',510700,1),(2434,510727,'平武县',510700,1),(2435,510781,'江油市',510700,1),(2436,510802,'市中区',510800,1),(2437,510811,'元坝区',510800,1),(2438,510812,'朝天区',510800,1),(2439,510821,'旺苍县',510800,1),(2440,510822,'青川县',510800,1),(2441,510823,'剑阁县',510800,1),(2442,510824,'苍溪县',510800,1),(2443,510903,'船山区',510900,1),(2444,510904,'安居区',510900,1),(2445,510921,'蓬溪县',510900,1),(2446,510922,'射洪县',510900,1),(2447,510923,'大英县',510900,1),(2448,511002,'市中区',511000,1),(2449,511011,'东兴区',511000,1),(2450,511024,'威远县',511000,1),(2451,511025,'资中县',511000,1),(2452,511028,'隆昌县',511000,1),(2453,511102,'市中区',511100,1),(2454,511111,'沙湾区',511100,1),(2455,511112,'五通桥区',511100,1),(2456,511113,'金口河区',511100,1),(2457,511123,'犍为县',511100,1),(2458,511124,'井研县',511100,1),(2459,511126,'夹江县',511100,1),(2460,511129,'沐川县',511100,1),(2461,511132,'峨边彝族自治县',511100,1),(2462,511133,'马边彝族自治县',511100,1),(2463,511181,'峨眉山市',511100,1),(2464,511302,'顺庆区',511300,1),(2465,511303,'高坪区',511300,1),(2466,511304,'嘉陵区',511300,1),(2467,511321,'南部县',511300,1),(2468,511322,'营山县',511300,1),(2469,511323,'蓬安县',511300,1),(2470,511324,'仪陇县',511300,1),(2471,511325,'西充县',511300,1),(2472,511381,'阆中市',511300,1),(2473,511402,'东坡区',511400,1),(2474,511421,'仁寿县',511400,1),(2475,511422,'彭山县',511400,1),(2476,511423,'洪雅县',511400,1),(2477,511424,'丹棱县',511400,1),(2478,511425,'青神县',511400,1),(2479,511502,'翠屏区',511500,1),(2480,511521,'宜宾县',511500,1),(2481,511522,'南溪县',511500,1),(2482,511523,'江安县',511500,1),(2483,511524,'长宁县',511500,1),(2484,511525,'高　县',511500,1),(2485,511526,'珙　县',511500,1),(2486,511527,'筠连县',511500,1),(2487,511528,'兴文县',511500,1),(2488,511529,'屏山县',511500,1),(2489,511602,'广安区',511600,1),(2490,511621,'岳池县',511600,1),(2491,511622,'武胜县',511600,1),(2492,511623,'邻水县',511600,1),(2493,511681,'华莹市',511600,1),(2494,511702,'通川区',511700,1),(2495,511721,'达　县',511700,1),(2496,511722,'宣汉县',511700,1),(2497,511723,'开江县',511700,1),(2498,511724,'大竹县',511700,1),(2499,511725,'渠　县',511700,1),(2500,511781,'万源市',511700,1),(2501,511802,'雨城区',511800,1),(2502,511821,'名山县',511800,1),(2503,511822,'荥经县',511800,1),(2504,511823,'汉源县',511800,1),(2505,511824,'石棉县',511800,1),(2506,511825,'天全县',511800,1),(2507,511826,'芦山县',511800,1),(2508,511827,'宝兴县',511800,1),(2509,511902,'巴州区',511900,1),(2510,511921,'通江县',511900,1),(2511,511922,'南江县',511900,1),(2512,511923,'平昌县',511900,1),(2513,512002,'雁江区',512000,1),(2514,512021,'安岳县',512000,1),(2515,512022,'乐至县',512000,1),(2516,512081,'简阳市',512000,1),(2517,513221,'汶川县',513200,1),(2518,513222,'理　县',513200,1),(2519,513223,'茂　县',513200,1),(2520,513224,'松潘县',513200,1),(2521,513225,'九寨沟县',513200,1),(2522,513226,'金川县',513200,1),(2523,513227,'小金县',513200,1),(2524,513228,'黑水县',513200,1),(2525,513229,'马尔康县',513200,1),(2526,513230,'壤塘县',513200,1),(2527,513231,'阿坝县',513200,1),(2528,513232,'若尔盖县',513200,1),(2529,513233,'红原县',513200,1),(2530,513321,'康定县',513300,1),(2531,513322,'泸定县',513300,1),(2532,513323,'丹巴县',513300,1),(2533,513324,'九龙县',513300,1),(2534,513325,'雅江县',513300,1),(2535,513326,'道孚县',513300,1),(2536,513327,'炉霍县',513300,1),(2537,513328,'甘孜县',513300,1),(2538,513329,'新龙县',513300,1),(2539,513330,'德格县',513300,1),(2540,513331,'白玉县',513300,1),(2541,513332,'石渠县',513300,1),(2542,513333,'色达县',513300,1),(2543,513334,'理塘县',513300,1),(2544,513335,'巴塘县',513300,1),(2545,513336,'乡城县',513300,1),(2546,513337,'稻城县',513300,1),(2547,513338,'得荣县',513300,1),(2548,513401,'西昌市',513400,1),(2549,513422,'木里藏族自治县',513400,1),(2550,513423,'盐源县',513400,1),(2551,513424,'德昌县',513400,1),(2552,513425,'会理县',513400,1),(2553,513426,'会东县',513400,1),(2554,513427,'宁南县',513400,1),(2555,513428,'普格县',513400,1),(2556,513429,'布拖县',513400,1),(2557,513430,'金阳县',513400,1),(2558,513431,'昭觉县',513400,1),(2559,513432,'喜德县',513400,1),(2560,513433,'冕宁县',513400,1),(2561,513434,'越西县',513400,1),(2562,513435,'甘洛县',513400,1),(2563,513436,'美姑县',513400,1),(2564,513437,'雷波县',513400,1),(2565,520102,'南明区',520100,1),(2566,520103,'云岩区',520100,1),(2567,520111,'花溪区',520100,1),(2568,520112,'乌当区',520100,1),(2569,520113,'白云区',520100,1),(2570,520114,'观山湖区',520100,1),(2571,520121,'开阳县',520100,1),(2572,520122,'息烽县',520100,1),(2573,520123,'修文县',520100,1),(2574,520181,'清镇市',520100,1),(2575,520201,'钟山区',520200,1),(2576,520203,'六枝特区',520200,1),(2577,520221,'水城县',520200,1),(2578,520222,'盘　县',520200,1),(2579,520302,'红花岗区',520300,1),(2580,520303,'汇川区',520300,1),(2581,520321,'遵义县',520300,1),(2582,520322,'桐梓县',520300,1),(2583,520323,'绥阳县',520300,1),(2584,520324,'正安县',520300,1),(2585,520325,'道真仡佬族苗族自治县',520300,1),(2586,520326,'务川仡佬族苗族自治县',520300,1),(2587,520327,'凤冈县',520300,1),(2588,520328,'湄潭县',520300,1),(2589,520329,'余庆县',520300,1),(2590,520330,'习水县',520300,1),(2591,520381,'赤水市',520300,1),(2592,520382,'仁怀市',520300,1),(2593,520402,'西秀区',520400,1),(2594,520421,'平坝县',520400,1),(2595,520422,'普定县',520400,1),(2596,520423,'镇宁布依族苗族自治县',520400,1),(2597,520424,'关岭布依族苗族自治县',520400,1),(2598,520425,'紫云苗族布依族自治县',520400,1),(2599,522201,'铜仁市',522200,1),(2600,522222,'江口县',522200,1),(2601,522223,'玉屏侗族自治县',522200,1),(2602,522224,'石阡县',522200,1),(2603,522225,'思南县',522200,1),(2604,522226,'印江土家族苗族自治县',522200,1),(2605,522227,'德江县',522200,1),(2606,522228,'沿河土家族自治县',522200,1),(2607,522229,'松桃苗族自治县',522200,1),(2608,522230,'万山特区',522200,1),(2609,522301,'兴义市',522300,1),(2610,522322,'兴仁县',522300,1),(2611,522323,'普安县',522300,1),(2612,522324,'晴隆县',522300,1),(2613,522325,'贞丰县',522300,1),(2614,522326,'望谟县',522300,1),(2615,522327,'册亨县',522300,1),(2616,522328,'安龙县',522300,1),(2617,522401,'毕节市',522400,1),(2618,522422,'大方县',522400,1),(2619,522423,'黔西县',522400,1),(2620,522424,'金沙县',522400,1),(2621,522425,'织金县',522400,1),(2622,522426,'纳雍县',522400,1),(2623,522427,'威宁彝族回族苗族自治县',522400,1),(2624,522428,'赫章县',522400,1),(2625,522601,'凯里市',522600,1),(2626,522622,'黄平县',522600,1),(2627,522623,'施秉县',522600,1),(2628,522624,'三穗县',522600,1),(2629,522625,'镇远县',522600,1),(2630,522626,'岑巩县',522600,1),(2631,522627,'天柱县',522600,1),(2632,522628,'锦屏县',522600,1),(2633,522629,'剑河县',522600,1),(2634,522630,'台江县',522600,1),(2635,522631,'黎平县',522600,1),(2636,522632,'榕江县',522600,1),(2637,522633,'从江县',522600,1),(2638,522634,'雷山县',522600,1),(2639,522635,'麻江县',522600,1),(2640,522636,'丹寨县',522600,1),(2641,522701,'都匀市',522700,1),(2642,522702,'福泉市',522700,1),(2643,522722,'荔波县',522700,1),(2644,522723,'贵定县',522700,1),(2645,522725,'瓮安县',522700,1),(2646,522726,'独山县',522700,1),(2647,522727,'平塘县',522700,1),(2648,522728,'罗甸县',522700,1),(2649,522729,'长顺县',522700,1),(2650,522730,'龙里县',522700,1),(2651,522731,'惠水县',522700,1),(2652,522732,'三都水族自治县',522700,1),(2653,530102,'五华区',530100,1),(2654,530103,'盘龙区',530100,1),(2655,530111,'官渡区',530100,1),(2656,530112,'西山区',530100,1),(2657,530113,'东川区',530100,1),(2658,530121,'呈贡县',530100,1),(2659,530122,'晋宁县',530100,1),(2660,530124,'富民县',530100,1),(2661,530125,'宜良县',530100,1),(2662,530126,'石林彝族自治县',530100,1),(2663,530127,'嵩明县',530100,1),(2664,530128,'禄劝彝族苗族自治县',530100,1),(2665,530129,'寻甸回族彝族自治县',530100,1),(2666,530181,'安宁市',530100,1),(2667,530302,'麒麟区',530300,1),(2668,530321,'马龙县',530300,1),(2669,530322,'陆良县',530300,1),(2670,530323,'师宗县',530300,1),(2671,530324,'罗平县',530300,1),(2672,530325,'富源县',530300,1),(2673,530326,'会泽县',530300,1),(2674,530328,'沾益县',530300,1),(2675,530381,'宣威市',530300,1),(2676,530402,'红塔区',530400,1),(2677,530421,'江川县',530400,1),(2678,530422,'澄江县',530400,1),(2679,530423,'通海县',530400,1),(2680,530424,'华宁县',530400,1),(2681,530425,'易门县',530400,1),(2682,530426,'峨山彝族自治县',530400,1),(2683,530427,'新平彝族傣族自治县',530400,1),(2684,530428,'元江哈尼族彝族傣族自治县',530400,1),(2685,530502,'隆阳区',530500,1),(2686,530521,'施甸县',530500,1),(2687,530522,'腾冲县',530500,1),(2688,530523,'龙陵县',530500,1),(2689,530524,'昌宁县',530500,1),(2690,530602,'昭阳区',530600,1),(2691,530621,'鲁甸县',530600,1),(2692,530622,'巧家县',530600,1),(2693,530623,'盐津县',530600,1),(2694,530624,'大关县',530600,1),(2695,530625,'永善县',530600,1),(2696,530626,'绥江县',530600,1),(2697,530627,'镇雄县',530600,1),(2698,530628,'彝良县',530600,1),(2699,530629,'威信县',530600,1),(2700,530630,'水富县',530600,1),(2701,530702,'古城区',530700,1),(2702,530721,'玉龙纳西族自治县',530700,1),(2703,530722,'永胜县',530700,1),(2704,530723,'华坪县',530700,1),(2705,530724,'宁蒗彝族自治县',530700,1),(2706,530802,'翠云区',530800,1),(2707,530821,'普洱哈尼族彝族自治县',530800,1),(2708,530822,'墨江哈尼族自治县',530800,1),(2709,530823,'景东彝族自治县',530800,1),(2710,530824,'景谷傣族彝族自治县',530800,1),(2711,530825,'镇沅彝族哈尼族拉祜族自治县',530800,1),(2712,530826,'江城哈尼族彝族自治县',530800,1),(2713,530827,'孟连傣族拉祜族佤族自治县',530800,1),(2714,530828,'澜沧拉祜族自治县',530800,1),(2715,530829,'西盟佤族自治县',530800,1),(2716,530902,'临翔区',530900,1),(2717,530921,'凤庆县',530900,1),(2718,530922,'云　县',530900,1),(2719,530923,'永德县',530900,1),(2720,530924,'镇康县',530900,1),(2721,530925,'双江拉祜族佤族布朗族傣族自治县',530900,1),(2722,530926,'耿马傣族佤族自治县',530900,1),(2723,530927,'沧源佤族自治县',530900,1),(2724,532301,'楚雄市',532300,1),(2725,532322,'双柏县',532300,1),(2726,532323,'牟定县',532300,1),(2727,532324,'南华县',532300,1),(2728,532325,'姚安县',532300,1),(2729,532326,'大姚县',532300,1),(2730,532327,'永仁县',532300,1),(2731,532328,'元谋县',532300,1),(2732,532329,'武定县',532300,1),(2733,532331,'禄丰县',532300,1),(2734,532501,'个旧市',532500,1),(2735,532502,'开远市',532500,1),(2736,532522,'蒙自县',532500,1),(2737,532523,'屏边苗族自治县',532500,1),(2738,532524,'建水县',532500,1),(2739,532525,'石屏县',532500,1),(2740,532526,'弥勒县',532500,1),(2741,532527,'泸西县',532500,1),(2742,532528,'元阳县',532500,1),(2743,532529,'红河县',532500,1),(2744,532530,'金平苗族瑶族傣族自治县',532500,1),(2745,532531,'绿春县',532500,1),(2746,532532,'河口瑶族自治县',532500,1),(2747,532621,'文山县',532600,1),(2748,532622,'砚山县',532600,1),(2749,532623,'西畴县',532600,1),(2750,532624,'麻栗坡县',532600,1),(2751,532625,'马关县',532600,1),(2752,532626,'丘北县',532600,1),(2753,532627,'广南县',532600,1),(2754,532628,'富宁县',532600,1),(2755,532801,'景洪市',532800,1),(2756,532822,'勐海县',532800,1),(2757,532823,'勐腊县',532800,1),(2758,532901,'大理市',532900,1),(2759,532922,'漾濞彝族自治县',532900,1),(2760,532923,'祥云县',532900,1),(2761,532924,'宾川县',532900,1),(2762,532925,'弥渡县',532900,1),(2763,532926,'南涧彝族自治县',532900,1),(2764,532927,'巍山彝族回族自治县',532900,1),(2765,532928,'永平县',532900,1),(2766,532929,'云龙县',532900,1),(2767,532930,'洱源县',532900,1),(2768,532931,'剑川县',532900,1),(2769,532932,'鹤庆县',532900,1),(2770,533102,'瑞丽市',533100,1),(2771,533103,'潞西市',533100,1),(2772,533122,'梁河县',533100,1),(2773,533123,'盈江县',533100,1),(2774,533124,'陇川县',533100,1),(2775,533321,'泸水县',533300,1),(2776,533323,'福贡县',533300,1),(2777,533324,'贡山独龙族怒族自治县',533300,1),(2778,533325,'兰坪白族普米族自治县',533300,1),(2779,533421,'香格里拉县',533400,1),(2780,533422,'德钦县',533400,1),(2781,533423,'维西傈僳族自治县',533400,1),(2782,540102,'城关区',540100,1),(2783,540121,'林周县',540100,1),(2784,540122,'当雄县',540100,1),(2785,540123,'尼木县',540100,1),(2786,540124,'曲水县',540100,1),(2787,540125,'堆龙德庆县',540100,1),(2788,540126,'达孜县',540100,1),(2789,540127,'墨竹工卡县',540100,1),(2790,542121,'昌都县',542100,1),(2791,542122,'江达县',542100,1),(2792,542123,'贡觉县',542100,1),(2793,542124,'类乌齐县',542100,1),(2794,542125,'丁青县',542100,1),(2795,542126,'察雅县',542100,1),(2796,542127,'八宿县',542100,1),(2797,542128,'左贡县',542100,1),(2798,542129,'芒康县',542100,1),(2799,542132,'洛隆县',542100,1),(2800,542133,'边坝县',542100,1),(2801,542221,'乃东县',542200,1),(2802,542222,'扎囊县',542200,1),(2803,542223,'贡嘎县',542200,1),(2804,542224,'桑日县',542200,1),(2805,542225,'琼结县',542200,1),(2806,542226,'曲松县',542200,1),(2807,542227,'措美县',542200,1),(2808,542228,'洛扎县',542200,1),(2809,542229,'加查县',542200,1),(2810,542231,'隆子县',542200,1),(2811,542232,'错那县',542200,1),(2812,542233,'浪卡子县',542200,1),(2813,542301,'日喀则市',542300,1),(2814,542322,'南木林县',542300,1),(2815,542323,'江孜县',542300,1),(2816,542324,'定日县',542300,1),(2817,542325,'萨迦县',542300,1),(2818,542326,'拉孜县',542300,1),(2819,542327,'昂仁县',542300,1),(2820,542328,'谢通门县',542300,1),(2821,542329,'白朗县',542300,1),(2822,542330,'仁布县',542300,1),(2823,542331,'康马县',542300,1),(2824,542332,'定结县',542300,1),(2825,542333,'仲巴县',542300,1),(2826,542334,'亚东县',542300,1),(2827,542335,'吉隆县',542300,1),(2828,542336,'聂拉木县',542300,1),(2829,542337,'萨嘎县',542300,1),(2830,542338,'岗巴县',542300,1),(2831,542421,'那曲县',542400,1),(2832,542422,'嘉黎县',542400,1),(2833,542423,'比如县',542400,1),(2834,542424,'聂荣县',542400,1),(2835,542425,'安多县',542400,1),(2836,542426,'申扎县',542400,1),(2837,542427,'索　县',542400,1),(2838,542428,'班戈县',542400,1),(2839,542429,'巴青县',542400,1),(2840,542430,'尼玛县',542400,1),(2841,542521,'普兰县',542500,1),(2842,542522,'札达县',542500,1),(2843,542523,'噶尔县',542500,1),(2844,542524,'日土县',542500,1),(2845,542525,'革吉县',542500,1),(2846,542526,'改则县',542500,1),(2847,542527,'措勤县',542500,1),(2848,542621,'林芝县',542600,1),(2849,542622,'工布江达县',542600,1),(2850,542623,'米林县',542600,1),(2851,542624,'墨脱县',542600,1),(2852,542625,'波密县',542600,1),(2853,542626,'察隅县',542600,1),(2854,542627,'朗　县',542600,1),(2855,610102,'新城区',610100,1),(2856,610103,'碑林区',610100,1),(2857,610104,'莲湖区',610100,1),(2858,610111,'灞桥区',610100,1),(2859,610112,'未央区',610100,1),(2860,610113,'雁塔区',610100,1),(2861,610114,'阎良区',610100,1),(2862,610115,'临潼区',610100,1),(2863,610116,'长安区',610100,1),(2864,610122,'蓝田县',610100,1),(2865,610124,'周至县',610100,1),(2866,610125,'户　县',610100,1),(2867,610126,'高陵县',610100,1),(2868,610202,'王益区',610200,1),(2869,610203,'印台区',610200,1),(2870,610204,'耀州区',610200,1),(2871,610222,'宜君县',610200,1),(2872,610302,'渭滨区',610300,1),(2873,610303,'金台区',610300,1),(2874,610304,'陈仓区',610300,1),(2875,610322,'凤翔县',610300,1),(2876,610323,'岐山县',610300,1),(2877,610324,'扶风县',610300,1),(2878,610326,'眉　县',610300,1),(2879,610327,'陇　县',610300,1),(2880,610328,'千阳县',610300,1),(2881,610329,'麟游县',610300,1),(2882,610330,'凤　县',610300,1),(2883,610331,'太白县',610300,1),(2884,610402,'秦都区',610400,1),(2885,610403,'杨凌区',610400,1),(2886,610404,'渭城区',610400,1),(2887,610422,'三原县',610400,1),(2888,610423,'泾阳县',610400,1),(2889,610424,'乾　县',610400,1),(2890,610425,'礼泉县',610400,1),(2891,610426,'永寿县',610400,1),(2892,610427,'彬　县',610400,1),(2893,610428,'长武县',610400,1),(2894,610429,'旬邑县',610400,1),(2895,610430,'淳化县',610400,1),(2896,610431,'武功县',610400,1),(2897,610481,'兴平市',610400,1),(2898,610502,'临渭区',610500,1),(2899,610521,'华　县',610500,1),(2900,610522,'潼关县',610500,1),(2901,610523,'大荔县',610500,1),(2902,610524,'合阳县',610500,1),(2903,610525,'澄城县',610500,1),(2904,610526,'蒲城县',610500,1),(2905,610527,'白水县',610500,1),(2906,610528,'富平县',610500,1),(2907,610581,'韩城市',610500,1),(2908,610582,'华阴市',610500,1),(2909,610602,'宝塔区',610600,1),(2910,610621,'延长县',610600,1),(2911,610622,'延川县',610600,1),(2912,610623,'子长县',610600,1),(2913,610624,'安塞县',610600,1),(2914,610625,'志丹县',610600,1),(2915,610626,'吴旗县',610600,1),(2916,610627,'甘泉县',610600,1),(2917,610628,'富　县',610600,1),(2918,610629,'洛川县',610600,1),(2919,610630,'宜川县',610600,1),(2920,610631,'黄龙县',610600,1),(2921,610632,'黄陵县',610600,1),(2922,610702,'汉台区',610700,1),(2923,610721,'南郑县',610700,1),(2924,610722,'城固县',610700,1),(2925,610723,'洋　县',610700,1),(2926,610724,'西乡县',610700,1),(2927,610725,'勉　县',610700,1),(2928,610726,'宁强县',610700,1),(2929,610727,'略阳县',610700,1),(2930,610728,'镇巴县',610700,1),(2931,610729,'留坝县',610700,1),(2932,610730,'佛坪县',610700,1),(2933,610802,'榆阳区',610800,1),(2934,610821,'神木县',610800,1),(2935,610822,'府谷县',610800,1),(2936,610823,'横山县',610800,1),(2937,610824,'靖边县',610800,1),(2938,610825,'定边县',610800,1),(2939,610826,'绥德县',610800,1),(2940,610827,'米脂县',610800,1),(2941,610828,'佳　县',610800,1),(2942,610829,'吴堡县',610800,1),(2943,610830,'清涧县',610800,1),(2944,610831,'子洲县',610800,1),(2945,610902,'汉滨区',610900,1),(2946,610921,'汉阴县',610900,1),(2947,610922,'石泉县',610900,1),(2948,610923,'宁陕县',610900,1),(2949,610924,'紫阳县',610900,1),(2950,610925,'岚皋县',610900,1),(2951,610926,'平利县',610900,1),(2952,610927,'镇坪县',610900,1),(2953,610928,'旬阳县',610900,1),(2954,610929,'白河县',610900,1),(2955,611002,'商州区',611000,1),(2956,611021,'洛南县',611000,1),(2957,611022,'丹凤县',611000,1),(2958,611023,'商南县',611000,1),(2959,611024,'山阳县',611000,1),(2960,611025,'镇安县',611000,1),(2961,611026,'柞水县',611000,1),(2962,620102,'城关区',620100,1),(2963,620103,'七里河区',620100,1),(2964,620104,'西固区',620100,1),(2965,620105,'安宁区',620100,1),(2966,620111,'红古区',620100,1),(2967,620121,'永登县',620100,1),(2968,620122,'皋兰县',620100,1),(2969,620123,'榆中县',620100,1),(2970,620302,'金川区',620300,1),(2971,620321,'永昌县',620300,1),(2972,620402,'白银区',620400,1),(2973,620403,'平川区',620400,1),(2974,620421,'靖远县',620400,1),(2975,620422,'会宁县',620400,1),(2976,620423,'景泰县',620400,1),(2977,620502,'秦城区',620500,1),(2978,620503,'北道区',620500,1),(2979,620521,'清水县',620500,1),(2980,620522,'秦安县',620500,1),(2981,620523,'甘谷县',620500,1),(2982,620524,'武山县',620500,1),(2983,620525,'张家川回族自治县',620500,1),(2984,620602,'凉州区',620600,1),(2985,620621,'民勤县',620600,1),(2986,620622,'古浪县',620600,1),(2987,620623,'天祝藏族自治县',620600,1),(2988,620702,'甘州区',620700,1),(2989,620721,'肃南裕固族自治县',620700,1),(2990,620722,'民乐县',620700,1),(2991,620723,'临泽县',620700,1),(2992,620724,'高台县',620700,1),(2993,620725,'山丹县',620700,1),(2994,620802,'崆峒区',620800,1),(2995,620821,'泾川县',620800,1),(2996,620822,'灵台县',620800,1),(2997,620823,'崇信县',620800,1),(2998,620824,'华亭县',620800,1),(2999,620825,'庄浪县',620800,1),(3000,620826,'静宁县',620800,1),(3001,620902,'肃州区',620900,1),(3002,620921,'金塔县',620900,1),(3003,620922,'安西县',620900,1),(3004,620923,'肃北蒙古族自治县',620900,1),(3005,620924,'阿克塞哈萨克族自治县',620900,1),(3006,620981,'玉门市',620900,1),(3007,620982,'敦煌市',620900,1),(3008,621002,'西峰区',621000,1),(3009,621021,'庆城县',621000,1),(3010,621022,'环　县',621000,1),(3011,621023,'华池县',621000,1),(3012,621024,'合水县',621000,1),(3013,621025,'正宁县',621000,1),(3014,621026,'宁　县',621000,1),(3015,621027,'镇原县',621000,1),(3016,621102,'安定区',621100,1),(3017,621121,'通渭县',621100,1),(3018,621122,'陇西县',621100,1),(3019,621123,'渭源县',621100,1),(3020,621124,'临洮县',621100,1),(3021,621125,'漳　县',621100,1),(3022,621126,'岷　县',621100,1),(3023,621202,'武都区',621200,1),(3024,621221,'成　县',621200,1),(3025,621222,'文　县',621200,1),(3026,621223,'宕昌县',621200,1),(3027,621224,'康　县',621200,1),(3028,621225,'西和县',621200,1),(3029,621226,'礼　县',621200,1),(3030,621227,'徽　县',621200,1),(3031,621228,'两当县',621200,1),(3032,622901,'临夏市',622900,1),(3033,622921,'临夏县',622900,1),(3034,622922,'康乐县',622900,1),(3035,622923,'永靖县',622900,1),(3036,622924,'广河县',622900,1),(3037,622925,'和政县',622900,1),(3038,622926,'东乡族自治县',622900,1),(3039,622927,'积石山保安族东乡族撒拉族自治县',622900,1),(3040,623001,'合作市',623000,1),(3041,623021,'临潭县',623000,1),(3042,623022,'卓尼县',623000,1),(3043,623023,'舟曲县',623000,1),(3044,623024,'迭部县',623000,1),(3045,623025,'玛曲县',623000,1),(3046,623026,'碌曲县',623000,1),(3047,623027,'夏河县',623000,1),(3048,630102,'城东区',630100,1),(3049,630103,'城中区',630100,1),(3050,630104,'城西区',630100,1),(3051,630105,'城北区',630100,1),(3052,630121,'大通回族土族自治县',630100,1),(3053,630122,'湟中县',630100,1),(3054,630123,'湟源县',630100,1),(3055,632121,'平安县',632100,1),(3056,632122,'民和回族土族自治县',632100,1),(3057,632123,'乐都县',632100,1),(3058,632126,'互助土族自治县',632100,1),(3059,632127,'化隆回族自治县',632100,1),(3060,632128,'循化撒拉族自治县',632100,1),(3061,632221,'门源回族自治县',632200,1),(3062,632222,'祁连县',632200,1),(3063,632223,'海晏县',632200,1),(3064,632224,'刚察县',632200,1),(3065,632321,'同仁县',632300,1),(3066,632322,'尖扎县',632300,1),(3067,632323,'泽库县',632300,1),(3068,632324,'河南蒙古族自治县',632300,1),(3069,632521,'共和县',632500,1),(3070,632522,'同德县',632500,1),(3071,632523,'贵德县',632500,1),(3072,632524,'兴海县',632500,1),(3073,632525,'贵南县',632500,1),(3074,632621,'玛沁县',632600,1),(3075,632622,'班玛县',632600,1),(3076,632623,'甘德县',632600,1),(3077,632624,'达日县',632600,1),(3078,632625,'久治县',632600,1),(3079,632626,'玛多县',632600,1),(3080,632721,'玉树县',632700,1),(3081,632722,'杂多县',632700,1),(3082,632723,'称多县',632700,1),(3083,632724,'治多县',632700,1),(3084,632725,'囊谦县',632700,1),(3085,632726,'曲麻莱县',632700,1),(3086,632801,'格尔木市',632800,1),(3087,632802,'德令哈市',632800,1),(3088,632821,'乌兰县',632800,1),(3089,632822,'都兰县',632800,1),(3090,632823,'天峻县',632800,1),(3091,640104,'兴庆区',640100,1),(3092,640105,'西夏区',640100,1),(3093,640106,'金凤区',640100,1),(3094,640121,'永宁县',640100,1),(3095,640122,'贺兰县',640100,1),(3096,640181,'灵武市',640100,1),(3097,640202,'大武口区',640200,1),(3098,640205,'惠农区',640200,1),(3099,640221,'平罗县',640200,1),(3100,640302,'利通区',640300,1),(3101,640323,'盐池县',640300,1),(3102,640324,'同心县',640300,1),(3103,640381,'青铜峡市',640300,1),(3104,640402,'原州区',640400,1),(3105,640422,'西吉县',640400,1),(3106,640423,'隆德县',640400,1),(3107,640424,'泾源县',640400,1),(3108,640425,'彭阳县',640400,1),(3109,640502,'沙坡头区',640500,1),(3110,640521,'中宁县',640500,1),(3111,640522,'海原县',640500,1),(3112,650102,'天山区',650100,1),(3113,650103,'沙依巴克区',650100,1),(3114,650104,'新市区',650100,1),(3115,650105,'水磨沟区',650100,1),(3116,650106,'头屯河区',650100,1),(3117,650107,'达坂城区',650100,1),(3118,650108,'东山区',650100,1),(3119,650121,'乌鲁木齐县',650100,1),(3120,650202,'独山子区',650200,1),(3121,650203,'克拉玛依区',650200,1),(3122,650204,'白碱滩区',650200,1),(3123,650205,'乌尔禾区',650200,1),(3124,652101,'吐鲁番市',652100,1),(3125,652122,'鄯善县',652100,1),(3126,652123,'托克逊县',652100,1),(3127,652201,'哈密市',652200,1),(3128,652222,'巴里坤哈萨克自治县',652200,1),(3129,652223,'伊吾县',652200,1),(3130,652301,'昌吉市',652300,1),(3131,652302,'阜康市',652300,1),(3132,652303,'米泉市',652300,1),(3133,652323,'呼图壁县',652300,1),(3134,652324,'玛纳斯县',652300,1),(3135,652325,'奇台县',652300,1),(3136,652327,'吉木萨尔县',652300,1),(3137,652328,'木垒哈萨克自治县',652300,1),(3138,652701,'博乐市',652700,1),(3139,652722,'精河县',652700,1),(3140,652723,'温泉县',652700,1),(3141,652801,'库尔勒市',652800,1),(3142,652822,'轮台县',652800,1),(3143,652823,'尉犁县',652800,1),(3144,652824,'若羌县',652800,1),(3145,652825,'且末县',652800,1),(3146,652826,'焉耆回族自治县',652800,1),(3147,652827,'和静县',652800,1),(3148,652828,'和硕县',652800,1),(3149,652829,'博湖县',652800,1),(3150,652901,'阿克苏市',652900,1),(3151,652922,'温宿县',652900,1),(3152,652923,'库车县',652900,1),(3153,652924,'沙雅县',652900,1),(3154,652925,'新和县',652900,1),(3155,652926,'拜城县',652900,1),(3156,652927,'乌什县',652900,1),(3157,652928,'阿瓦提县',652900,1),(3158,652929,'柯坪县',652900,1),(3159,653001,'阿图什市',653000,1),(3160,653022,'阿克陶县',653000,1),(3161,653023,'阿合奇县',653000,1),(3162,653024,'乌恰县',653000,1),(3163,653101,'喀什市',653100,1),(3164,653121,'疏附县',653100,1),(3165,653122,'疏勒县',653100,1),(3166,653123,'英吉沙县',653100,1),(3167,653124,'泽普县',653100,1),(3168,653125,'莎车县',653100,1),(3169,653126,'叶城县',653100,1),(3170,653127,'麦盖提县',653100,1),(3171,653128,'岳普湖县',653100,1),(3172,653129,'伽师县',653100,1),(3173,653130,'巴楚县',653100,1),(3174,653131,'塔什库尔干塔吉克自治县',653100,1),(3175,653201,'和田市',653200,1),(3176,653221,'和田县',653200,1),(3177,653222,'墨玉县',653200,1),(3178,653223,'皮山县',653200,1),(3179,653224,'洛浦县',653200,1),(3180,653225,'策勒县',653200,1),(3181,653226,'于田县',653200,1),(3182,653227,'民丰县',653200,1),(3183,654002,'伊宁市',654000,1),(3184,654003,'奎屯市',654000,1),(3185,654021,'伊宁县',654000,1),(3186,654022,'察布查尔锡伯自治县',654000,1),(3187,654023,'霍城县',654000,1),(3188,654024,'巩留县',654000,1),(3189,654025,'新源县',654000,1),(3190,654026,'昭苏县',654000,1),(3191,654027,'特克斯县',654000,1),(3192,654028,'尼勒克县',654000,1),(3193,654201,'塔城市',654200,1),(3194,654202,'乌苏市',654200,1),(3195,654221,'额敏县',654200,1),(3196,654223,'沙湾县',654200,1),(3197,654224,'托里县',654200,1),(3198,654225,'裕民县',654200,1),(3199,654226,'和布克赛尔蒙古自治县',654200,1),(3200,654301,'阿勒泰市',654300,1),(3201,654321,'布尔津县',654300,1),(3202,654322,'富蕴县',654300,1),(3203,654323,'福海县',654300,1),(3204,654324,'哈巴河县',654300,1),(3205,654325,'青河县',654300,1),(3206,654326,'吉木乃县',654300,1),(3207,659001,'石河子市',659000,1),(3208,659002,'阿拉尔市',659000,1),(3209,659003,'图木舒克市',659000,1),(3210,659004,'五家渠市',659000,1);
/*!40000 ALTER TABLE `dict_city_area_copy` ENABLE KEYS */;
UNLOCK TABLES;

--
-- Table structure for table `dict_province`
--

DROP TABLE IF EXISTS `dict_province`;
/*!40101 SET @saved_cs_client     = @@character_set_client */;
/*!40101 SET character_set_client = utf8 */;
CREATE TABLE `dict_province` (
  `id` int(11) NOT NULL auto_increment,
  `code` int(6) default NULL,
  `name` varchar(40) default NULL,
  `enable` tinyint(4) default NULL,
  PRIMARY KEY  (`id`),
  UNIQUE KEY `dic_province_ix1` (`id`),
  KEY `dic_province_ix2` (`code`)
) ENGINE=InnoDB AUTO_INCREMENT=35 DEFAULT CHARSET=utf8;
/*!40101 SET character_set_client = @saved_cs_client */;

--
-- Dumping data for table `dict_province`
--

LOCK TABLES `dict_province` WRITE;
/*!40000 ALTER TABLE `dict_province` DISABLE KEYS */;
INSERT INTO `dict_province` VALUES (1,110000,'北京市',NULL),(2,120000,'天津市',NULL),(3,130000,'河北省',NULL),(4,140000,'山西省',NULL),(5,150000,'内蒙古自治区',NULL),(6,210000,'辽宁省',NULL),(7,220000,'吉林省',NULL),(8,230000,'黑龙江省',NULL),(9,310000,'上海市',NULL),(10,320000,'江苏省',NULL),(11,330000,'浙江省',NULL),(12,340000,'安徽省',NULL),(13,350000,'福建省',NULL),(14,360000,'江西省',NULL),(15,370000,'山东省',NULL),(16,410000,'河南省',NULL),(17,420000,'湖北省',NULL),(18,430000,'湖南省',NULL),(19,440000,'广东省',NULL),(20,450000,'广西壮族自治区',NULL),(21,460000,'海南省',NULL),(22,500000,'重庆市',NULL),(23,510000,'四川省',NULL),(24,520000,'贵州省',NULL),(25,530000,'云南省',NULL),(26,540000,'西藏自治区',NULL),(27,610000,'陕西省',NULL),(28,620000,'甘肃省',NULL),(29,630000,'青海省',NULL),(30,640000,'宁夏回族自治区',NULL),(31,650000,'新疆维吾尔自治区',NULL),(32,710000,'台湾省',NULL),(33,810000,'香港特别行政区',NULL),(34,820000,'澳门特别行政区',NULL);
/*!40000 ALTER TABLE `dict_province` ENABLE KEYS */;
UNLOCK TABLES;

--
-- Table structure for table `question_score`
--

DROP TABLE IF EXISTS `question_score`;
/*!40101 SET @saved_cs_client     = @@character_set_client */;
/*!40101 SET character_set_client = utf8 */;
CREATE TABLE `question_score` (
  `standardizeId` varchar(45) NOT NULL default '',
  `questionId` int(11) NOT NULL,
  `standardizeScore` float default NULL,
  `surveyId` varchar(45) NOT NULL,
  `questionTypeId` varchar(45) default NULL,
  `date` date default NULL,
  `region` int(45) default NULL,
  PRIMARY KEY  (`standardizeId`)
) ENGINE=InnoDB DEFAULT CHARSET=utf8;
/*!40101 SET character_set_client = @saved_cs_client */;

--
-- Dumping data for table `question_score`
--

LOCK TABLES `question_score` WRITE;
/*!40000 ALTER TABLE `question_score` DISABLE KEYS */;
INSERT INTO `question_score` VALUES ('0009459c6a6a4a7e8eeb12aa29c95180',18,156,'1','1','2014-01-01',520123),('001fe8eb3fd14f62a5d96b37a06867f3',6,78,'2','2','2014-01-01',520123),('005ab65e7a5141fbb1e13fcca0a163d8',4,76,'2','1','2014-01-01',520123),('008af9c5eec34a81af2255a2729cd46b',14,215,'1','1','2014-01-01',520123),('009a99ef7fb446a1b02223e1268df7c4',18,156,'1','1','2014-01-01',520123),('00a28fb5b7234fe4a4145644d9d47c4f',7,87,'2','3','2014-01-01',520123),('00aab547a5534e54844e995f4042f34f',19,255,'1','2','2014-01-01',520123),('00c04bfd0bda46e4b3b206cd6d515cbb',15,215,'1','1','2014-01-01',520123),('00ccd3e70f964c7993e58ba8fc0fe83f',1,90,'2','1','2014-01-01',520123),('00dcef48d7ce47d4bce12a19b2d13fb2',11,73,'2','1','2014-01-01',520123),('00e0887106c04289a758fa4871b888f3',4,76,'2','1','2014-01-01',520123),('00ed9ee23fec45cb9ec7c514769e3075',3,137,'2','1','2014-01-01',520123),('00f2d556b3af427382aa7fc83247cade',2,100,'2','1','2014-01-01',520123),('00f9e4a4f4b74defbf6a965e42f3d907',10,70,'2','1','2014-01-01',520123),('0105955c2c884e97951a4512cef8151f',11,73,'2','1','2014-01-01',520123),('01156d0a24fb4421a37eb5facd6a66d3',16,100,'1','1','2014-01-01',520123),('014eeb37a87a45f9a3b87c59f2fb32fc',1,90,'2','1','2014-01-01',520123),('01a585be7d1a464295f722611dbdb90e',11,73,'2','1','2014-01-01',520123),('01b8d673de3e43f888c5d89954ca6e38',19,92,'1','2','2014-01-01',520123),('01d606d5759642ee9aa15ac58cb50e17',9,83,'2','1','2014-01-01',520123),('01d992d813214df8aa36b47915d65642',5,90,'2','2','2014-01-01',520123),('01dddb8545094dbfbfcb85697b14d3a2',17,215,'1','1','2014-01-01',520123),('01dfb0f0bf8e4e6aac7c04098ea6e9d7',14,60,'1','1','2014-01-01',520123),('01f97c9bfd8146cb8610ad065c35b68b',3,137,'2','1','2014-01-01',520123),('022fbb8e890546d09f3e69dd7f0fad69',5,90,'2','2','2014-01-01',520123),('0247dd3a4f39453aa3ceafb263afbe13',19,255,'1','2','2014-01-01',520123),('02907c003fc74ab7b57374d32bbc7428',7,113,'2','3','2014-01-01',520123),('02a32b6c235749258ea10a15b34d205c',12,100,'1','1','2014-01-01',520123),('02ba0f10615c46b09ccbb9cc5b019d59',4,76,'2','1','2014-01-01',520123),('02da051bfe72417fba98fac69dc6c492',4,76,'2','1','2014-01-01',520123),('02e5897635d04f0a86796297c271e5c1',8,63,'2','3','2014-01-01',520123),('032043a28e5e40e6b73bcfd577bf2203',18,72,'1','1','2014-01-01',520123),('0343b228fe974269b3cafe374e02c96a',16,255,'1','1','2014-01-01',520123),('0347239c82d64491af37c6e41740690d',1,90,'2','1','2014-01-01',520123),('03b563f237f24b0da3aaa6f169312705',19,255,'1','2','2014-01-01',520123),('0432e35c56384f51a102221d088ef257',9,177,'2','1','2014-01-01',520123),('04922260173840a595f72469aa643596',13,126,'1','3','2014-01-01',520123),('04b1f589bb2142b18dabdb453c1c29e4',8,58,'2','3','2014-01-01',520123),('04cbbef735494a6381f93f55b7e50554',13,87,'1','3','2014-01-01',520123),('04ccfa3daffd4332aa193e54a3e2d447',12,255,'1','1','2014-01-01',520123),('05012bd0f0334af3b672e414ce81e4f8',9,83,'2','1','2014-01-01',520123),('051589237d484d40a910b0e457e14e8d',4,76,'2','1','2014-01-01',520123),('05349dba2adc4210b2aee52dda4c9b3f',17,72,'1','1','2014-01-01',520123),('053d4c0421384601a6c6de3b0e59b97e',12,100,'1','1','2014-01-01',520123),('054457a79355447fb748f0339a227635',3,63,'2','1','2014-01-01',520123),('054dda0d72f441d086337bb73eae4a45',3,63,'2','1','2014-01-01',520123),('055954a070ff49729ca8cb73b39277d8',7,113,'2','3','2014-01-01',520123),('0562a09ff1534ca2a93c1aaaaed75a55',15,60,'1','1','2014-01-01',520123),('05741ca1f7e24a31be2ba8546527bd49',4,83,'2','1','2014-01-01',522229),('05d257a521824fd4a359e2627477c01f',14,60,'1','1','2014-01-01',520123),('05d28cab45384682b55943a576d956f5',3,63,'2','1','2014-01-01',520123),('0615e74a17fd4dacb8926211da078864',3,63,'2','1','2014-01-01',520123),('064633b42d76453ba204c0201bed8daa',10,70,'2','1','2014-01-01',520123),('0652affe0667442a9e59a60ca8cf43a0',19,92,'1','2','2014-01-01',520123),('065dfdb6c184416caa4fd469f74a7818',5,128,'2','2','2014-01-01',520123),('0673e56d53c64b828ec8f0febfef333f',17,72,'1','1','2014-01-01',520123),('06818d24fa4a46b895fce655a9e0252b',12,255,'1','1','2014-01-01',520123),('06a04e0ea70543fc97283a1c1c1af19c',1,90,'2','1','2014-01-01',520123),('06b796c2116649acad1c0c003fc369f2',5,128,'2','2','2014-01-01',520123),('06f2f7d2f0c34c7fac6701c50c23b543',8,58,'2','3','2014-01-01',520123),('06fecbc13eb34d608a9add96858c283c',17,72,'1','1','2014-01-01',520123),('0700fe5574d54291be8a8833335a2e73',2,177,'2','1','2014-01-01',520123),('0709ddc08f4e4f98bdab0acac723d8e0',9,83,'2','1','2014-01-01',520123),('0721852c03a84707923c8d6bf67ec452',10,132,'2','1','2014-01-01',520123),('075565eb16234c49a3caa4796a6d5899',16,255,'1','1','2014-01-01',520123),('076802d12ff04b2c9479ea72188f28af',11,73,'2','1','2014-01-01',520123),('0775db95ed35491290ce1a771ddbe19c',19,92,'1','2','2014-01-01',520123),('0777c920200849088644a74d7ebec169',5,90,'2','2','2014-01-01',520123),('07a4d5a57a4e4839a145299d6ed42c42',17,72,'1','1','2014-01-01',520123),('07b592a32af34c63af1f1cdbe489f037',6,78,'2','2','2014-01-01',520123),('07c364d29ef7401f9d7cfa91d17ea6bf',13,87,'1','3','2014-01-01',520123),('07dca460b370460ab3dbacb2087dea2a',13,87,'1','3','2014-01-01',520123),('07e5a2a810464a3ab6bed51314df2c04',19,92,'1','2','2014-01-01',520123),('07e63cf0f5184ea38babf702f5891442',7,113,'2','3','2014-01-01',520123),('08108a6be48649f9bc7fcb857a667857',19,255,'1','2','2014-01-01',520123),('0817defe377e4f5484492b4c74edd934',14,215,'1','1','2014-01-01',520123),('08205040dc444e878ab39386b1d3ccbc',3,137,'2','1','2014-01-01',520123),('084565813f9c4f6590884d0ace503c70',15,215,'1','1','2014-01-01',520123),('0880a797fde4446297d75f34f79755eb',10,70,'2','1','2014-01-01',520123),('089846b0cd994a0386116be17ffc1cd8',2,100,'2','1','2014-01-01',520123),('08a4522624ca42978c9a6169e0e47fb5',16,75,'1','1','2014-01-01',520123),('08a78aa5282142019572a45f9695f6bf',11,73,'2','1','2014-01-01',520123),('08ad7c08e82f4011aa53afab7a0eb46f',2,100,'2','1','2014-01-01',520123),('08bcb6636dc34c84a4aa685360789b1c',3,137,'2','1','2014-01-01',520123),('09592e1d1d3c4b468bf9ffcae7518493',3,63,'2','1','2014-01-01',520123),('095e94e797044d60a577d869f0f3088f',14,215,'1','1','2014-01-01',520123),('09713b77193c437faadb8716b53fe04b',13,126,'1','3','2014-01-01',520123),('0998770fce044d8da3a9cfd716aa6737',7,113,'2','3','2014-01-01',520123),('09b38094a3eb49fab8d67e863cbd795e',4,108,'2','1','2014-01-01',520123),('09e8b7f722b644f38e71a8f5fda15a9c',11,128,'2','1','2014-01-01',520123),('09fbe9d169624932acd1f44f321362df',14,215,'1','1','2014-01-01',520123),('0a03e270a50e49af93ae768e1a61fef1',5,90,'2','2','2014-01-01',520123),('0a5277ed20894043995678a49968ac77',12,100,'1','1','2014-01-01',520123),('0a6447d2340e484594ad1fa2a0c35323',10,70,'2','1','2014-01-01',520123),('0a66b927d5a4411a91c0a3ffceaccbb4',5,90,'2','2','2014-01-01',520123),('0a856efd4dcc40208ee1f0ff7a505fbd',6,78,'2','2','2014-01-01',520123),('0aac439fed1444959251ef739cbfe872',19,255,'1','2','2014-01-01',520123),('0b071fe99c604af78a7b5b21a698dd1e',12,100,'1','1','2014-01-01',520123),('0b278d75ca45406393eae7d26204e645',1,90,'2','1','2014-01-01',520123),('0b27a7a11f804a7384153086b52206ec',16,255,'1','1','2014-01-01',520123),('0b3f4242da724319ad51d2422993bafa',14,60,'1','1','2014-01-01',520123),('0b73157167e540d59152290bf205d632',10,132,'2','1','2014-01-01',520123),('0bba738f7d3946858724971264d8804e',17,72,'1','1','2014-01-01',520123),('0be4152f26c84666aa492fb708104757',14,215,'1','1','2014-01-01',520123),('0be448034c2a4077b281fdd105289622',12,100,'1','1','2014-01-01',520123),('0c47466af3764b28a0e882e01afca592',13,126,'1','3','2014-01-01',520123),('0c5a2717df3141dfab2468fd2a6af38f',16,100,'1','1','2014-01-01',520123),('0c906d48dec44f5bb0a487ae0b895475',1,78,'2','1','2014-01-01',520123),('0c979424458a4152b24f2a5ad387ece2',17,215,'1','1','2014-01-01',520123),('0c9fada1561b4415a41d3f239294d61e',17,72,'1','1','2014-01-01',520123),('0ca0ab180d814f339fa4849d60c567c7',18,85,'1','1','2014-01-01',520123),('0cc2c891550a4582bac98b62da03dcc7',6,78,'2','2','2014-01-01',520123),('0cee218d446243c49d1921ffb0eb99e7',16,255,'1','1','2014-01-01',520123),('0d2a2f300c40479d9b17618c69d050ea',13,126,'1','3','2014-01-01',520123),('0d880dc8b3a64a5bb1b2dc21816d18b0',4,65,'2','1','2014-01-01',520123),('0d956de3fdc6414099254b16b84f383d',1,90,'2','1','2014-01-01',520123),('0d969cd6867f44a99e1be7d711c92e3a',16,75,'1','1','2014-01-01',520123),('0da7a0bd90c94f82943a9e5af2e07faf',17,72,'1','1','2014-01-01',520123),('0dabafca2084438bb1e90224a5267c4d',2,100,'2','1','2014-01-01',520123),('0db8c9e6d15047c3975ec3b207fdd1a0',18,72,'1','1','2014-01-01',520123),('0dc42703dea44ad38a9cccc9530ba1b0',6,78,'2','2','2014-01-01',520123),('0dde58f031d84f8eba9e53f87b3b14b8',12,255,'1','1','2014-01-01',520123),('0ddf1e518d944b10a7299d5e199585b9',14,60,'1','1','2014-01-01',520123),('0e50a5632fde411cbb890ba92d2b2dbf',1,78,'2','1','2014-01-01',520123),('0e7939257e904e2f9ac704b4f9d09885',14,215,'1','1','2014-01-01',520123),('0e8424e127f7404c9671640391bf1c64',7,113,'2','3','2014-01-01',520123),('0eeeac0843dc413ba2efb3bc034a950b',15,72,'1','1','2014-01-01',520123),('0ef05bca06af4be0938de42aa21a062d',15,72,'1','1','2014-01-01',520123),('0efe3db7e95e4a18a8d7d6d61d7b0838',16,255,'1','1','2014-01-01',520123),('0f002ec9b62746e198bb2933a5ccd922',12,100,'1','1','2014-01-01',520123),('0f0050ea8eff46e98a6c6cdc3f5f0baf',17,215,'1','1','2014-01-01',520123),('0f686aff66204efa97a72e75d9cf77bc',3,137,'2','1','2014-01-01',520123),('0f68c29167ed47d5bd5a3ae93f5d770f',17,215,'1','1','2014-01-01',520123),('101ab07166f34401874d94ebed232a80',8,63,'2','3','2014-01-01',520123),('10282865043540268797cc3afa0de6c5',18,156,'1','1','2014-01-01',520123),('1059d9fa48234962bdae46e3e5c261d0',1,90,'2','1','2014-01-01',520123),('10651a099d5a4bddb022ccf3e3c9f3a8',4,108,'2','1','2014-01-01',520123),('10ad6821dba34e0ea4f6d44127760914',3,137,'2','1','2014-01-01',520123),('10cb654dc3324bcc867bd9b958f56cc7',10,70,'2','1','2014-01-01',520123),('10d4a16973b64e998e0ecb7583d4beda',9,177,'2','1','2014-01-01',520123),('113535821c514ae995a75df873ddedb7',11,128,'2','1','2014-01-01',520123),('11591ca7b2ca4c91b2fbe71874109b37',17,72,'1','1','2014-01-01',520123),('116a44c8569649ad883a073ef72eef70',2,177,'2','1','2014-01-01',520123),('11a095e4802c44d291f0698683a80b9c',5,90,'2','2','2014-01-01',520123),('11c31d9b5f8a46329793db6b2157523b',8,58,'2','3','2014-01-01',520123),('11c975a55ec142a49e55b215f91cccaa',2,100,'2','1','2014-01-01',520123),('120f1ea917d74f4fa9fca3d7b5700ff1',13,126,'1','3','2014-01-01',520123),('121504e5d53147cf9c7844ff3bb1b950',4,108,'2','1','2014-01-01',520123),('1218212a55f54dc384f07f5503f6db6d',7,113,'2','3','2014-01-01',520123),('12192e7f7ce24c77a7020003db6a2415',12,255,'1','1','2014-01-01',520123),('12229a8ce7a54351a1559fafa6a43212',15,72,'1','1','2014-01-01',520123),('1223a5f17fa243878f692aaada86ef9d',9,177,'2','1','2014-01-01',520123),('12489680e48342759769ef64b656f898',13,126,'1','3','2014-01-01',520123),('125a14d945b046d7830553318622e1c1',3,63,'2','1','2014-01-01',520123),('125dd0f0f5ef4a27b3950b7ecba92ebe',6,103,'2','2','2014-01-01',520123),('1264d57310fc4953a2ec8bb6ed717f2c',4,108,'2','1','2014-01-01',520123),('128986b24d3a424c81be9cfbe4756eb5',10,132,'2','1','2014-01-01',520123),('12b3c8b1db104d1ca338b234b66c6486',1,90,'2','1','2014-01-01',520123),('12c5b78b1cde4ffa8dbb2603870cb574',4,76,'2','1','2014-01-01',520123),('12ca9675a3ce4e58bb44a7f08105a48d',5,90,'2','2','2014-01-01',520123),('12ff932d5c6c4ea08a99b701823485ea',1,90,'2','1','2014-01-01',520123),('130aaeac411c4272adf15b4d77a593de',7,113,'2','3','2014-01-01',520123),('130d014d4ff64ff789a48cd99581bbf7',12,100,'1','1','2014-01-01',520123),('131eb4ba62034a95ba065aaf2c6bd5ee',19,92,'1','2','2014-01-01',520123),('1338ef6e2e3349db966b452b7f4acb4b',6,78,'2','2','2014-01-01',520123),('133a09f290904cd6a18f29fb556de33d',17,72,'1','1','2014-01-01',520123),('1396b88daf1b42acbaaadd73d1c3ef33',6,103,'2','2','2014-01-01',520123),('13a6ea678e754a65a90731d98f26e73c',17,60,'1','1','2014-01-01',520123),('13aaf36796264ef4b758381b1a6b8fd2',2,100,'2','1','2014-01-01',520123),('13afd051e136456a9f05c91d47588c9d',18,72,'1','1','2014-01-01',520123),('13b2be3121b9440a821df30313e23fcd',7,75,'2','3','2014-01-01',520123),('13bbe05abbd8454a9c742459d37b0e50',14,60,'1','1','2014-01-01',520123),('13ce490d76e14b8e87ae0058aa756824',1,78,'2','1','2014-01-01',520123),('13e495270d874647bdf4f99658908482',11,73,'2','1','2014-01-01',520123),('14016a6a2b364869a9e660237d4e2309',8,58,'2','3','2014-01-01',520123),('141134522f3b440687f7b1c5d789811b',6,78,'2','2','2014-01-01',520123),('141d670cfea7486c88d575645e7f7208',11,73,'2','1','2014-01-01',520123),('1457029f84034038a8b0ed84c3b51713',19,255,'1','2','2014-01-01',520123),('1457d0901cc640f59e3582448b46343d',2,100,'2','1','2014-01-01',520123),('1474789a72384b53b7f2ea62e2b7e3b7',19,255,'1','2','2014-01-01',520123),('147e015192f94853b78309918c7cb201',12,255,'1','1','2014-01-01',520123),('1483c608297f45d6a4ab1dfac723315a',13,87,'1','3','2014-01-01',520123),('148d593beceb4cacabdfe0fd13c14591',6,78,'2','2','2014-01-01',520123),('1490d7ffaad4408d93fbbdc8fbec5127',15,72,'1','1','2014-01-01',520123),('14969cb22f10452e8287a873f29d927e',16,75,'1','1','2014-01-01',520123),('14a9e9a418ac4ab18f5750eec6f524dc',19,92,'1','2','2014-01-01',520123),('14ba98aeec3048f789fef5c86e9ace14',11,70,'2','1','2014-01-01',522229),('14c58904bd0e437eba7f21feee02fd56',12,255,'1','1','2014-01-01',520123),('1503dcee58c24ed897f4ed282b338146',8,58,'2','3','2014-01-01',520123),('151fb7a8a1024fa48652ae65a86b8b78',18,72,'1','1','2014-01-01',520123),('153c8d14877e46328637a4877326a98d',13,126,'1','3','2014-01-01',520123),('15486b9e24cd417c9ee4c50ced2b4e03',10,132,'2','1','2014-01-01',520123),('15500faca1fa45e7be015d667f5a9e8f',13,126,'1','3','2014-01-01',520123),('15569e67cc8d401f92e0dba5115bb356',4,76,'2','1','2014-01-01',520123),('156d185914d54cbda7f5e215a7650d0b',8,58,'2','3','2014-01-01',520123),('1580b346b5324e4c80f60e2d84e4b4a1',3,63,'2','1','2014-01-01',520123),('15842d1db96e47738ffd95500c75575f',18,72,'1','1','2014-01-01',520123),('1590e131b74a458aa51654378d3ab339',14,215,'1','1','2014-01-01',520123),('15c6374ae8b8492b876744888af430af',17,215,'1','1','2014-01-01',520123),('15eaa5260c644a7182a536ab4f7f0d8e',8,58,'2','3','2014-01-01',520123),('1608d8292e93495f8e0a43e4ca0b450f',19,255,'1','2','2014-01-01',520123),('16138089c25543f58b217a181020b656',16,255,'1','1','2014-01-01',520123),('1625197110ef4fdfb84722e46dd9e262',4,76,'2','1','2014-01-01',520123),('164492a6bd994ce68ec02bf03aeade98',18,156,'1','1','2014-01-01',520123),('1685b3ce1c2e4ecea5c2241b11dfbf14',10,70,'2','1','2014-01-01',520123),('169c350860d64015bb3b4cb8519f205c',9,83,'2','1','2014-01-01',520123),('16a15ab3b7884746aa9ab22f68297292',16,75,'1','1','2014-01-01',520123),('16ce24f7baa04c1c8399c2e14fce38d8',16,255,'1','1','2014-01-01',520123),('16e69e9ab7424d1ab51c049282365e48',10,70,'2','1','2014-01-01',520123),('16eda28941b7444e87b27d4d00ebe181',19,92,'1','2','2014-01-01',520123),('17036aede4154bf294afea4f30ae9c27',8,63,'2','3','2014-01-01',520123),('171d01978b724aca919c5aeb29a63ac5',6,103,'2','2','2014-01-01',520123),('1742e81b5ece4313adf99e666fe76999',19,92,'1','2','2014-01-01',520123),('1745a8bd896f4824bc745c7cf18d7132',5,90,'2','2','2014-01-01',520123),('176fd8505cf244149f21265e26ae9ed8',4,108,'2','1','2014-01-01',520123),('1794b5a6a17b488d8af2fdf0a0132277',7,75,'2','3','2014-01-01',520123),('179b7daa67384299a15899f9ef51c14d',4,108,'2','1','2014-01-01',520123),('17be4d0e6e364a2893369eb97f4e97ed',16,100,'1','1','2014-01-01',520123),('17c09ba949fb4793aaf57aa49c9b692e',16,75,'1','1','2014-01-01',520123),('17c16531f11f466b893215c86314dba8',10,70,'2','1','2014-01-01',520123),('17d6d51a400648309c1ea5ed9812de4e',4,76,'2','1','2014-01-01',520123),('17f22d9a876940b18af46fd88b8e0c8f',17,72,'1','1','2014-01-01',520123),('17f3ee50440c46969ab6d01d12427b5c',4,108,'2','1','2014-01-01',520123),('18440421c06c4cf6967048711eb54ab0',9,83,'2','1','2014-01-01',520123),('1849917b147f467eb0c371ee13969b9d',12,100,'1','1','2014-01-01',520123),('184cb0fea34c4c19a57bce5025962fbd',12,255,'1','1','2014-01-01',520123),('186e75a1cfb5422ab70a448851b037fb',10,70,'2','1','2014-01-01',520123),('1898b21fb653494296a93ddd49d09586',10,70,'2','1','2014-01-01',520123),('18b9790066034103833bce49bb1f9c85',1,90,'2','1','2014-01-01',520123),('18c58861acf04d139d3c2c7aa1912dcd',9,177,'2','1','2014-01-01',520123),('18d180ae41844ff08cf7fb82e55f4a95',17,72,'1','1','2014-01-01',520123),('193302027af6415eb12e3b58a5ad0ce7',7,113,'2','3','2014-01-01',520123),('1964f7fd7e504685b4f94bad4c8cf4e6',8,58,'2','3','2014-01-01',520123),('196ffd5c1c6045cea761d4f3934931a9',19,92,'1','2','2014-01-01',520123),('198a288431444033830be8ed112752d9',11,128,'2','1','2014-01-01',520123),('19d6ee1640e348659729b060a61319c2',19,92,'1','2','2014-01-01',520123),('19e999ad00f04d67b1e42b7296e639ae',19,92,'1','2','2014-01-01',520123),('19f658c00b37444bb5489210cd6681ee',2,100,'2','1','2014-01-01',520123),('1a043a7307464243b400228c33e00bd9',13,87,'1','3','2014-01-01',520123),('1a069e4327f241bb8e33dd9823f7aacf',19,92,'1','2','2014-01-01',520123),('1a1679d9a32047219793197301c9bb0b',10,70,'2','1','2014-01-01',520123),('1a3d4c5b16fc487a992907ab51913418',11,73,'2','1','2014-01-01',520123),('1a477197394640bc9f7c6a4c45173053',6,78,'2','2','2014-01-01',520123),('1a5e28cd25f94693bdb64f8486e4d9fb',13,87,'1','3','2014-01-01',520123),('1a5f04a8b8b04b0892a829481367f4e7',14,215,'1','1','2014-01-01',520123),('1a7dcf1faff14728a121610f5fee6ca8',13,126,'1','3','2014-01-01',520123),('1ab942abec184b36be6379b5bf780f5f',13,87,'1','3','2014-01-01',520123),('1abfa9ffdc904c69acddd700b96ec267',7,75,'2','3','2014-01-01',520123),('1ad72780d2a64a0d9ad381f8429fa9b9',5,90,'2','2','2014-01-01',520123),('1af07a774a334fcb94a92088ac96bf38',9,177,'2','1','2014-01-01',520123),('1b19737f3554419f9e85a5dc3a60528b',3,137,'2','1','2014-01-01',520123),('1b33c5e9f2094b80a01acfec43355c6d',19,92,'1','2','2014-01-01',520123),('1b545cf364df4c37bd182c77190a0d9d',7,113,'2','3','2014-01-01',520123),('1b609a6b98314e8f9b864da0c692fa62',8,58,'2','3','2014-01-01',520123),('1b71ab2de83b4b3f8a774b4780660999',4,76,'2','1','2014-01-01',520123),('1bb36f8b4dd24732a8cd966715a9fd50',1,78,'2','1','2014-01-01',520123),('1bbf4f2245cf41e290ae041e659b50be',4,76,'2','1','2014-01-01',520123),('1bc6ffcee1e74ca7a44e5a119f0d0403',18,72,'1','1','2014-01-01',520123),('1bf6ec156a66454ca676036116c2e908',12,100,'1','1','2014-01-01',520123),('1c2bc8cf290f492494dd8543dad95859',11,128,'2','1','2014-01-01',520123),('1c4a2242aac54b48b00ebd59c1e36c94',13,126,'1','3','2014-01-01',520123),('1c53274005dc46d69a9c8534d0f9531a',18,72,'1','1','2014-01-01',520123),('1c53d85a2cd445718f95c691110c40f9',18,72,'1','1','2014-01-01',520123),('1c75097ae9284a6290103be571280542',8,63,'2','3','2014-01-01',520123),('1ca9553940fc435a918e044c29707c3d',19,92,'1','2','2014-01-01',520123),('1cb86d9dcdb54963ba0b2eccbbc71e12',12,100,'1','1','2014-01-01',520123),('1cbe8cece8294addb024f0de289cd6f6',8,58,'2','3','2014-01-01',520123),('1ccd689db55049d58138f263479d6897',8,63,'2','3','2014-01-01',520123),('1d0b1624458c4f75b8191e86eeeb9f4a',7,113,'2','3','2014-01-01',520123),('1d5fe805ae8147b486b7282445ce7a46',8,58,'2','3','2014-01-01',520123),('1d6ac70ec0a64149a7a51b9de881c8cd',5,90,'2','2','2014-01-01',520123),('1d74975220f5400ba3d98690d8073739',12,100,'1','1','2014-01-01',520123),('1d975534014e409da831737e9b43631b',4,76,'2','1','2014-01-01',520123),('1dab14b6abdc41debf47c7caa85543ff',5,90,'2','2','2014-01-01',520123),('1dd75bb0860943fc9496fbce2c0b2e87',8,58,'2','3','2014-01-01',520123),('1de32af4ef6a4aa6bdefcd1915bdfa57',13,87,'1','3','2014-01-01',520123),('1dfb5a8b77cb40ebb8187aab98c69dd9',1,78,'2','1','2014-01-01',520123),('1e515dac86724e7abb620fa0b5caa56b',12,255,'1','1','2014-01-01',520123),('1ea40aa961104238a0f16e112c2b632b',16,75,'1','1','2014-01-01',520123),('1eaded2b77e44f0399bd88a9157c7f8e',14,60,'1','1','2014-01-01',520123),('1ed35a8fb38b4407a8b75e74702ab8e3',13,126,'1','3','2014-01-01',520123),('1ee5ec321d9a40babd61934796ec36e7',17,72,'1','1','2014-01-01',520123),('1ef4120d27364b078edd35d89c7b2fc5',3,63,'2','1','2014-01-01',520123),('1ef4d0e1f5464fbc99d79cd450fa9f47',11,128,'2','1','2014-01-01',520123),('1f06d13b66d849dcb5d503d0ce79a0ab',14,60,'1','1','2014-01-01',520123),('1f38c88c11d84a169357ed147acfe3a7',17,72,'1','1','2014-01-01',520123),('1f49ff9e1b4646b18f9ac2f3a5a8138d',11,73,'2','1','2014-01-01',520123),('1f73fbb833b84b92a44a7b34868641df',2,100,'2','1','2014-01-01',520123),('1fac946acb7d42758106f0fed9c328f2',9,177,'2','1','2014-01-01',520123),('1fc9eb990e2c400f8dc90bb2ba08ecab',17,72,'1','1','2014-01-01',520123),('1fcb7a01261d42328bc55206b8029c72',13,87,'1','3','2014-01-01',520123),('1fcd70bcacf646c983bd5a1801d7c48e',12,100,'1','1','2014-01-01',520123),('1fdf4e8f1b2f439389c403f833729aa4',16,255,'1','1','2014-01-01',520123),('1fe448819c954cb6bc052aeb5b942a2d',15,72,'1','1','2014-01-01',520123),('1fe51b08b8aa492da54cae17630022cf',4,76,'2','1','2014-01-01',520123),('1fea51b25bdb40d8a828e01e06ad4aab',5,92,'2','2','2014-01-01',520123),('20048847ec0548319ec2f86e9a29d49f',12,100,'1','1','2014-01-01',520123),('2030d1c62b0a44d991c287df687be00b',6,78,'2','2','2014-01-01',520123),('2030df4dd9134be2bef09ea34b09e630',17,215,'1','1','2014-01-01',520123),('2052ae91ef3c486d92790f92e00656da',5,128,'2','2','2014-01-01',520123),('20575494816d4c07be56b329723ec280',11,73,'2','1','2014-01-01',520123),('2093afaa45124d71a41e92376f78b6b9',5,128,'2','2','2014-01-01',520123),('20afc9ae41964236bceca00952b33298',2,97,'2','1','2014-01-01',522229),('20e6e3b1adc44ec0b682b94ba54f72eb',10,132,'2','1','2014-01-01',520123),('2111646d22fa4eb5959844de550f43e9',12,100,'1','1','2014-01-01',520123),('211570661ca74382b472e96a7190eadf',18,156,'1','1','2014-01-01',520123),('2192800cfd794b4d8e61fc53aabdd2a4',12,255,'1','1','2014-01-01',520123),('2195c2351e9d42aaa4bed19f0bb8d923',18,156,'1','1','2014-01-01',520123),('21961cec65e1429dbe21f9fafa86b707',13,87,'1','3','2014-01-01',520123),('219d7c52ffce48dea4fe5412dcc450ae',17,215,'1','1','2014-01-01',520123),('21b102aca6c845eb9fa6b02efec68c12',14,60,'1','1','2014-01-01',520123),('21b7211fbe00422eb6e46f7011a7a228',2,100,'2','1','2014-01-01',520123),('21cd56224db84446b8abe4a026d74fc9',16,255,'1','1','2014-01-01',520123),('21d0ca29ba1749e8b22d26bbd5da6203',17,215,'1','1','2014-01-01',520123),('220bc430774945d28659892134c4de16',16,75,'1','1','2014-01-01',520123),('2234d22570324c69ba28e7ecd8f5ea5a',9,83,'2','1','2014-01-01',520123),('224d947cb2344afbbc259e816d5fe7d6',17,72,'1','1','2014-01-01',520123),('227a53d30749485abd5b1a37285b4594',19,255,'1','2','2014-01-01',520123),('22932071f98b4894a1fdd9cebfd0a169',13,87,'1','3','2014-01-01',520123),('22e801a31b51414b8fce7a46b40a048f',16,75,'1','1','2014-01-01',520123),('22e93e31c78d405592663ae5bd7f36c0',5,128,'2','2','2014-01-01',520123),('22efce0533764dbfb869082435fc5fa4',1,90,'2','1','2014-01-01',520123),('22f1d4dc60c347cd838cd3982fdad523',2,177,'2','1','2014-01-01',520123),('231b96a2ea254cfabc2c13a4cbdd8064',2,100,'2','1','2014-01-01',520123),('2332b81d854a421c860f1d09c67233c8',16,255,'1','1','2014-01-01',520123),('236061b5a4f141b1a68f48919f5c895b',8,58,'2','3','2014-01-01',520123),('23637ae2b25b4421b35cae50039d88c4',1,85,'2','1','2014-01-01',520123),('23aa3d9c00a34de2884e53fa0fde81e7',1,90,'2','1','2014-01-01',520123),('23cb870581a34a5088a95df05ea849b0',12,100,'1','1','2014-01-01',520123),('240d8989566f4bd19bf2f9492d46b58b',11,73,'2','1','2014-01-01',520123),('244a507deae64d28a7e2399160d2431e',9,83,'2','1','2014-01-01',520123),('245bc2e702ae49adacc662d7ffce1077',3,63,'2','1','2014-01-01',520123),('24616e429c31449dba072a92581bd398',6,78,'2','2','2014-01-01',520123),('24647629eae3495ca7157b6f9c285416',4,76,'2','1','2014-01-01',520123),('246c447930d2424c9d89ab40e919ec78',13,87,'1','3','2014-01-01',520123),('24938a1acece4dde8e42bc96445dd84c',10,132,'2','1','2014-01-01',520123),('24b74036c1104ae49b49fb6a239a979d',4,76,'2','1','2014-01-01',520123),('24e07008286444378a81c15c630783c1',2,177,'2','1','2014-01-01',520123),('2509708560c5451b8d091ad6e9b21d47',14,60,'1','1','2014-01-01',520123),('25356ec3e09846d9af88bf446337e74d',3,63,'2','1','2014-01-01',520123),('25766c0fe9d045f6ae9a43b9b2efa8f0',18,72,'1','1','2014-01-01',520123),('25dba9f7693341c2ae82856dafcf0688',15,72,'1','1','2014-01-01',520123),('25e32ca2d12b450187ae6035b1c25b71',19,92,'1','2','2014-01-01',520123),('260ef40529f64f40b71aebec86bbc6f0',16,75,'1','1','2014-01-01',520123),('264c7ccbf6ce4b46a24e485e71a2bc2e',10,132,'2','1','2014-01-01',520123),('2653ca9341ac42a587ebe8a3724fb572',3,63,'2','1','2014-01-01',520123),('265b32bc12e444a2b6c2400f7fe9b9ff',1,90,'2','1','2014-01-01',520123),('2663538171da4f8db3e395e2b39ed92b',6,103,'2','2','2014-01-01',520123),('268d35cc1c9042359ce20fdb57cca673',3,63,'2','1','2014-01-01',520123),('26b18c026ced4876934b834aff0de905',1,90,'2','1','2014-01-01',520123),('26df25bbf20f45cd8a8cc42fde35bbde',7,113,'2','3','2014-01-01',520123),('26e39b1e285e49e7be59889301b7f335',8,63,'2','3','2014-01-01',520123),('26e70c12870b4ffe8d6399c0d606ba95',9,177,'2','1','2014-01-01',520123),('26e9a231f84845fb82a9e4e110331dd1',12,100,'1','1','2014-01-01',520123),('270316534704483a8d565868aeba6ab4',3,63,'2','1','2014-01-01',520123),('2704fd614e404995acd32f0328be1db1',14,215,'1','1','2014-01-01',520123),('271a4189a7de42e38ae2f80bf85f58e9',17,215,'1','1','2014-01-01',520123),('2722ff2939e84c8d956b64a32e6cee5f',4,108,'2','1','2014-01-01',520123),('273e0ea187454515b351fc0c746ebcb3',4,108,'2','1','2014-01-01',520123),('2741d70408674c789af761877d9485ce',17,72,'1','1','2014-01-01',520123),('2744ef42ae93451dbf025325c2b17d01',14,60,'1','1','2014-01-01',520123),('276cbff2cc494cb387376b61b0f3942e',17,215,'1','1','2014-01-01',520123),('2775952cd0a640a9a9437888436819cd',17,72,'1','1','2014-01-01',520123),('279294cfc19f4bbbbdcdbb99f6925a3c',2,100,'2','1','2014-01-01',520123),('27b2176315244d20a86098f93eac79c5',15,215,'1','1','2014-01-01',520123),('27b734aabd784aabbb76a1a28e012693',9,73,'2','1','2014-01-01',522229),('27bf86a14fa44bf49804efa65b727445',6,103,'2','2','2014-01-01',520123),('2801526841664634930e080ab5316530',7,75,'2','3','2014-01-01',520123),('2810afb24a5848fd935257cf19ca9fb6',11,73,'2','1','2014-01-01',520123),('282ee964ba2946a9994e29ce9f504cc6',2,100,'2','1','2014-01-01',520123),('2847b8cfd17741439798d9d0e5ae2e88',4,76,'2','1','2014-01-01',520123),('286480c304724157a001cf660268c782',6,78,'2','2','2014-01-01',520123),('28f42a23433046829ff355040cfb6391',7,75,'2','3','2014-01-01',520123),('29082d38a57f4a2e82e2da556115b100',2,100,'2','1','2014-01-01',520123),('291bcabe5a1f41bf90cde34cedf535a8',5,90,'2','2','2014-01-01',520123),('291dbbde12b94558aba0c5bc230fca62',12,100,'1','1','2014-01-01',520123),('292addb1b74b43ffb597db5db8c1269d',16,255,'1','1','2014-01-01',520123),('292ca953f27b45098da98175ce9eccc5',1,90,'2','1','2014-01-01',520123),('29694bb11e274529b0297522a8515785',2,177,'2','1','2014-01-01',520123),('297290de3e984f06ae2b17f67e1349a6',17,78,'1','1','2014-01-01',522229),('297b3b39aecd4458a8f1732df5235ffb',3,63,'2','1','2014-01-01',520123),('29a4c24b5c9d4db385de560e114de787',16,75,'1','1','2014-01-01',520123),('29b23ea8653f4cfab20e3863c802871e',13,87,'1','3','2014-01-01',520123),('29c7a483359c43f39b5cd2f2d5107278',18,156,'1','1','2014-01-01',520123),('2a09c462b8f942a7854991b1730d7c67',8,58,'2','3','2014-01-01',520123),('2a121c8bd0a9485b90f51e836ebcf112',15,215,'1','1','2014-01-01',520123),('2a1b1e3243a441ca887d5b1896515683',6,67,'2','2','2014-01-01',520123),('2a200462ac0e4d85b655698d0dc36640',1,90,'2','1','2014-01-01',520123),('2a36c5ce5f0249e6a1d815f374fb71a5',11,73,'2','1','2014-01-01',520123),('2a65da4d7cf4441cb00d62cbaaaa4cb9',1,90,'2','1','2014-01-01',520123),('2a7fc417b8b84bf28c9cb6a6d1875a7c',9,83,'2','1','2014-01-01',520123),('2abea44bb4b74585909b7a6b86399050',2,100,'2','1','2014-01-01',520123),('2aec794b863c49bd9c4ebd78b297313f',18,156,'1','1','2014-01-01',520123),('2b05a3725e6543b48a96b2cfa6e902de',1,90,'2','1','2014-01-01',520123),('2b33c7dc8fc6491fb34fe3482c0bf7c2',18,156,'1','1','2014-01-01',520123),('2b4a2c3790e34b29b1c8ded0cb34b6e2',7,75,'2','3','2014-01-01',520123),('2b9a19fd2ffc4c3eb1a150033a97d92a',11,73,'2','1','2014-01-01',520123),('2b9ca49f22a343c6926a14b866cc5626',4,76,'2','1','2014-01-01',520123),('2ba98947354343af8e3765ac1e4d9770',5,90,'2','2','2014-01-01',520123),('2bd878336d484a1b8371f8ccc3c31250',8,62,'2','3','2014-01-01',520123),('2bdc4e31dea1408b96ba5f524fd592c3',5,128,'2','2','2014-01-01',520123),('2bf6fe5eea064ade91f14aced58623ec',10,70,'2','1','2014-01-01',520123),('2c09a0b33fb146ca82e23a0c4a0f16fd',8,58,'2','3','2014-01-01',520123),('2c11f360f7bb4d768a058ef69da50d2b',19,92,'1','2','2014-01-01',520123),('2c16e91baa434f41841758a513d6b8b0',8,58,'2','3','2014-01-01',520123),('2c1bb6a0ea5440f4aff4e2ff97186978',16,255,'1','1','2014-01-01',520123),('2c8b3b0f82654bd0a029f5a5b5606ad5',3,137,'2','1','2014-01-01',520123),('2c9ec4ed72d44ae8a18bcbb3990f4bc0',6,78,'2','2','2014-01-01',520123),('2ca8c85935464f759ef0a93a8d9fb6ce',19,92,'1','2','2014-01-01',520123),('2cc0912cb1f54ed88b58ee0885fd159f',15,215,'1','1','2014-01-01',520123),('2cd955f36b374bcfa58429b4e488cca4',1,90,'2','1','2014-01-01',520123),('2cf6eca18ca14e08ba6967e9f8fea93a',6,103,'2','2','2014-01-01',520123),('2d01ca5bba8a46399de369ebcc569e4b',2,100,'2','1','2014-01-01',520123),('2daa0b9a829b430783a416bd882aecdd',7,113,'2','3','2014-01-01',520123),('2def8f1afe184587adb6111b7aae8da8',18,72,'1','1','2014-01-01',520123),('2dfba4ffc8064512a87d30c47f16af68',16,71,'1','1','2014-01-01',522229),('2e08bff314f143cc99fb66d886a55b67',4,108,'2','1','2014-01-01',520123),('2e1fff316a5b410f8530ffb7d02c0f35',3,137,'2','1','2014-01-01',520123),('2e860976bac04515944d65de12bb9e6d',4,76,'2','1','2014-01-01',520123),('2e9a3a2a91ec415f80cd0ba0c0a7b7e1',16,255,'1','1','2014-01-01',520123),('2e9dcf55bbd443ecb089a23916460f44',13,126,'1','3','2014-01-01',520123),('2ee45ce4cac849f28aaafce81bd3ab6c',9,83,'2','1','2014-01-01',520123),('2ef93bd49d98431b9b82ccd35141bc66',18,72,'1','1','2014-01-01',520123),('2f2ccef65b934fe094f3afeea7cb2ef5',4,108,'2','1','2014-01-01',520123),('2f2cd87685cd446388b70a0986165123',1,90,'2','1','2014-01-01',520123),('2f59e993b873479f8b741295d0c8a72b',7,113,'2','3','2014-01-01',520123),('2f9a12a6acf443bdbda223015460db34',15,72,'1','1','2014-01-01',520123),('2fabf60e95cd4402a01a165cb111da6c',1,90,'2','1','2014-01-01',520123),('2fd16cb19744427ba2b70a80669072ad',2,100,'2','1','2014-01-01',520123),('2feb171ad5e246178c0fdcea6dafd227',19,92,'1','2','2014-01-01',520123),('2ff719543ccd4da9a84d697c17b2c81a',3,63,'2','1','2014-01-01',520123),('30003adb015342c48ae3fb4d05c0cc50',9,177,'2','1','2014-01-01',520123),('301ea3d251cf4cd1becf6eafb2a0d8de',13,87,'1','3','2014-01-01',520123),('306178d89e004a16a940ff60802b312e',18,156,'1','1','2014-01-01',520123),('3061999b247d4319b4e91087e68719d5',15,72,'1','1','2014-01-01',520123),('3079ddc3f312410d80a96a9f1338b29c',11,128,'2','1','2014-01-01',520123),('3093a036072845ee89150d215097fc78',17,72,'1','1','2014-01-01',520123),('309808a2775b4c519cc43d897cba8638',5,90,'2','2','2014-01-01',520123),('309cc155dc3a4591a13aa2b13fea00f2',17,215,'1','1','2014-01-01',520123),('30be8dec72d44d79b83888c5c728e80d',3,63,'2','1','2014-01-01',520123),('30fee3c5c1dd47d49f278a55a5d472e6',11,73,'2','1','2014-01-01',520123),('31010afda83a44258632979d762473fa',14,60,'1','1','2014-01-01',520123),('3109b9961b4b4ee7a27c5120dab32152',9,177,'2','1','2014-01-01',520123),('311f70dbf0c14dddbdcf9ff9a96c56b8',11,128,'2','1','2014-01-01',520123),('31241a16c5664f0b91bbe94b8a703cfd',5,128,'2','2','2014-01-01',520123),('317d8c0096d4483fb4301841fdcae149',15,72,'1','1','2014-01-01',520123),('317e8f6a6b7c43059c32c0194051153a',1,90,'2','1','2014-01-01',520123),('318d15b584fa487ea68af4e3a228810f',1,90,'2','1','2014-01-01',520123),('31a201c2426844e9baeec83d037a7a25',1,78,'2','1','2014-01-01',520123),('31ded796dc9448669302169e9fc16916',5,128,'2','2','2014-01-01',520123),('31f1af5473594dae97d38005826e3027',1,90,'2','1','2014-01-01',520123),('320bf13c183b4384b6ef779f56ff21e7',14,60,'1','1','2014-01-01',520123),('321af7bfb29b4e1597ee804aaba59cb9',1,78,'2','1','2014-01-01',520123),('32409b38841f4e7cb8f04f436c108f48',10,70,'2','1','2014-01-01',520123),('32590ccb0d4f4d3caa7b21faf81a2f6f',12,255,'1','1','2014-01-01',520123),('326f8b6e74164d98988e7f13a7254bfd',13,87,'1','3','2014-01-01',520123),('3278359a3a94499892925fd261a38292',19,92,'1','2','2014-01-01',520123),('32ad163875384e15849aad46d82eaccb',9,83,'2','1','2014-01-01',520123),('32b4d45a5e954677ba88e1fef576d85f',19,92,'1','2','2014-01-01',520123),('32d3755868e740cca817972738759481',17,78,'1','1','2014-01-01',522229),('32d4b63cdaff4410ad62e12bc53c9e5e',4,76,'2','1','2014-01-01',520123),('32f9b6399e4746d698f5568d43862782',5,128,'2','2','2014-01-01',520123),('32feccea89c04e1889833e76d09f023e',8,58,'2','3','2014-01-01',520123),('3318aa38a599433d8e10170a8454c6fe',12,255,'1','1','2014-01-01',520123),('332ec4a4847b4c06bcc06d8935bdfddd',2,100,'2','1','2014-01-01',520123),('336f27a45fa14de7ada3398b26b4af62',13,87,'1','3','2014-01-01',520123),('337afc371460454d891674c17e38ec45',2,100,'2','1','2014-01-01',520123),('338fbacbe4ca4ddf8cb723759e42d325',13,87,'1','3','2014-01-01',520123),('339e9bce9483493f8d990bb9444acdc0',14,215,'1','1','2014-01-01',520123),('33c50041ae224d9b887666164b2bb387',5,90,'2','2','2014-01-01',520123),('33cb834e3c934ad6959ec440f9ab21c9',4,108,'2','1','2014-01-01',520123),('33dfade58d824babb5516368940372d0',7,75,'2','3','2014-01-01',520123),('3402e697a22a49fcb6092ef1421d4c11',16,255,'1','1','2014-01-01',520123),('34143f5533e6414d815c34d119b50d28',9,177,'2','1','2014-01-01',520123),('3421d28ce23e4cf0911ee78f1552afac',5,128,'2','2','2014-01-01',520123),('34365707cf4d430d8e3dcff5d900d2d4',15,215,'1','1','2014-01-01',520123),('34367a15de6444ddbaa4d97ad387862a',14,60,'1','1','2014-01-01',520123),('343bc2c720014b9db5ea52fed08ba115',1,90,'2','1','2014-01-01',520123),('343fb76c0da5490b8a60f8800364587c',16,75,'1','1','2014-01-01',520123),('34788773de574737b6e5edb353e98dcb',9,83,'2','1','2014-01-01',520123),('347ce47216ce47b1b874da68d7b5f47f',19,92,'1','2','2014-01-01',520123),('34b22c5737344d78b9bbc28c2d97510d',4,76,'2','1','2014-01-01',520123),('34bca170407e452590e79250dffbb022',6,78,'2','2','2014-01-01',520123),('34dfab8f90f441138c0ff333b9e8d241',5,92,'2','2','2014-01-01',520123),('34f5f2ecd8b44fc4a954eca297161770',5,90,'2','2','2014-01-01',520123),('35088d7b71a449e6beee4209107fb487',12,255,'1','1','2014-01-01',520123),('352854f80cc7418c96e1569e9fd352b9',19,255,'1','2','2014-01-01',520123),('353cb9a9db214824af61b0217990623e',2,100,'2','1','2014-01-01',520123),('35401018c7e54e9c874bba00a07fde2d',14,60,'1','1','2014-01-01',520123),('354aa4ae60154452bb1f1bbbc3dd1970',2,100,'2','1','2014-01-01',520123),('35b511d23fa04ad8a20370b154265050',6,78,'2','2','2014-01-01',520123),('35cc272ca71e40f38df3ff9892fd0761',13,87,'1','3','2014-01-01',520123),('35ceaa2733ab4d07a113299b4d743533',4,108,'2','1','2014-01-01',520123),('3605d686b1cc42d29caa591efbd2294f',10,70,'2','1','2014-01-01',520123),('3608a646344e4eafb76ee1e2ef89be50',11,73,'2','1','2014-01-01',520123),('361dbd54d5864496a6051fad33fe5dc5',19,92,'1','2','2014-01-01',520123),('3653b973993748b483a728f7dc59ebc3',3,63,'2','1','2014-01-01',520123),('365c477efb5f4354a645a9428bb45ace',12,255,'1','1','2014-01-01',520123),('367db021421948a9b3253a4bc259ccdf',11,73,'2','1','2014-01-01',520123),('36a55e9bdf6f4931b054e5f3d887245b',3,137,'2','1','2014-01-01',520123),('36afd1f5f9e74d3287b0f64e84958a0a',13,87,'1','3','2014-01-01',520123),('36f5137f1a2a4508914112b7480a6b1e',1,90,'2','1','2014-01-01',520123),('36fadeb6255c49d099b755d1260fc1f5',10,70,'2','1','2014-01-01',520123),('36fc3bfcb8834720b97fd2b3e3f666e1',2,100,'2','1','2014-01-01',520123),('370d3a1aa2b7404e9fdb639984165ade',14,215,'1','1','2014-01-01',520123),('371ed07b8b9943839d58fc9852713cdb',11,128,'2','1','2014-01-01',520123),('373bf57dbb8c45a5bede85e62d059407',18,72,'1','1','2014-01-01',520123),('37528865ab614736aad5961cfa893980',9,83,'2','1','2014-01-01',520123),('37546be7340d45b79c94008366e757dd',14,60,'1','1','2014-01-01',520123),('37656b7efa1a4ed7899f3f6047556b38',1,78,'2','1','2014-01-01',520123),('378ebc83ffdf425c8fc81650bafde2d5',3,63,'2','1','2014-01-01',520123),('379b0361e77c43c6a830b537c3d324dc',11,128,'2','1','2014-01-01',520123),('37a4ecdbe0df4edc929889f698bc049b',13,126,'1','3','2014-01-01',520123),('37bc1e66b76949f0a60eb277bb3a6fcf',10,70,'2','1','2014-01-01',520123),('37ca72b6529648f58d61ab27dbe0893b',13,126,'1','3','2014-01-01',520123),('38167046df5440af921b36e467617743',2,177,'2','1','2014-01-01',520123),('383388f9da874cce82cbca3edbd9e727',17,72,'1','1','2014-01-01',520123),('38445d083fed4a3889fa903f5ac5ca63',7,75,'2','3','2014-01-01',520123),('3872c80e97e441a1849b6ed8cf2af654',9,177,'2','1','2014-01-01',520123),('38a983f294a64d10a2f9193975122298',8,58,'2','3','2014-01-01',520123),('38ae5860f70a4aadb2a9f106ecebb659',2,177,'2','1','2014-01-01',520123),('38d59da3a6b1486ea842cb4feb396ce7',1,90,'2','1','2014-01-01',520123),('38e7c825da1d45e2a360190c18fad497',11,128,'2','1','2014-01-01',520123),('38f858b369554e36b26d9551e6945bb6',14,60,'1','1','2014-01-01',520123),('39110d48bbae4e27a15b3881e0c5684d',13,87,'1','3','2014-01-01',520123),('392a3943bbcb4bbaaab7919bd10f4f46',9,83,'2','1','2014-01-01',520123),('396ab23cdee049428111123f51ec5f93',18,156,'1','1','2014-01-01',520123),('398e6a8e430144d8b717053262a6bae2',15,215,'1','1','2014-01-01',520123),('39ab450f5bef48cf99ed1a44a70482cc',16,255,'1','1','2014-01-01',520123),('39e43524d60a47aeb0f52d056db94889',8,58,'2','3','2014-01-01',520123),('39eb1aefe807411e8b004f05d7a042b5',18,72,'1','1','2014-01-01',520123),('3a02d4364fee4f66a464e73319373f99',1,78,'2','1','2014-01-01',520123),('3a120e7772064fb2980b447fc336bc0f',7,75,'2','3','2014-01-01',520123),('3a359dcedc4e4194874fb71bbfae0314',3,63,'2','1','2014-01-01',520123),('3a4852d9793f41e59f018e647731530a',11,73,'2','1','2014-01-01',520123),('3a5590e9c8e743c7a41e4017b229f836',16,75,'1','1','2014-01-01',520123),('3a7f9c1e2b7745eca5d1f44462742916',9,177,'2','1','2014-01-01',520123),('3a85a14f0f96433c82dcb93fb4441e03',7,75,'2','3','2014-01-01',520123),('3a92f41ae0074389bc662f1cd5caa17c',12,255,'1','1','2014-01-01',520123),('3a975fe6f0d5481994960484a097ac6a',15,72,'1','1','2014-01-01',520123),('3aa08d837f974ef49928382a258a253b',14,60,'1','1','2014-01-01',520123),('3ad0f58e5c5542cf89e65b8b18e89776',7,75,'2','3','2014-01-01',520123),('3ae5f1121e3a4e958ac78bfcf922eec2',17,72,'1','1','2014-01-01',520123),('3b44fef24d9d457da15d23373ca41475',11,128,'2','1','2014-01-01',520123),('3b99fe40c44047abb84e5e6a1c5f92ac',2,177,'2','1','2014-01-01',520123),('3b9b099b4a6d484bb8253a5042115100',6,78,'2','2','2014-01-01',520123),('3ba6cc6e92a94d61801cce0dafa77982',12,100,'1','1','2014-01-01',520123),('3bbb00534af2434db3b302b25a61280a',1,90,'2','1','2014-01-01',520123),('3bc7a5a0813349e3adff82edf4173643',10,132,'2','1','2014-01-01',520123),('3bfa21baa63f4b118c96b72d2053f0a1',18,72,'1','1','2014-01-01',520123),('3c1eacd6869b4ed8bae29ba9549bf431',10,70,'2','1','2014-01-01',520123),('3c24cac687424a7b8db9fd05c48e3bab',12,255,'1','1','2014-01-01',520123),('3c941fb158b745d68898b974c70ddf1f',10,70,'2','1','2014-01-01',520123),('3c9ecc54c3d24518becf557cc55ce55d',19,255,'1','2','2014-01-01',520123),('3c9fcc985c684f71b4196cd7279f97c3',4,76,'2','1','2014-01-01',520123),('3cb57443faab4f8e94a5e11b8d469c2a',16,75,'1','1','2014-01-01',520123),('3d1b89378bc54fc288402123d721a6fc',9,83,'2','1','2014-01-01',520123),('3d207d82617f4195b006bbe209561e79',6,78,'2','2','2014-01-01',520123),('3d22b8e2c88e4d4f8bbde5df0f77cbf2',15,72,'1','1','2014-01-01',520123),('3d3934978a1c42eaa0d26a27c571fa18',17,60,'1','1','2014-01-01',520123),('3d4d07e6f7c744eea6922ec4110621f9',3,63,'2','1','2014-01-01',520123),('3d709ff2e71d48febc430dac21432074',15,215,'1','1','2014-01-01',520123),('3ddeecaec9a3460fbb8604acfe123542',16,255,'1','1','2014-01-01',520123),('3de02d16832f41cb911d7cad336add80',1,78,'2','1','2014-01-01',520123),('3de494e9f121404687463789d091fe61',6,103,'2','2','2014-01-01',520123),('3df6c1b02c13424888a32bf2b1309eb3',5,90,'2','2','2014-01-01',520123),('3e392810bf7842aab34d107248cd73cd',3,137,'2','1','2014-01-01',520123),('3e58defd0be84aa8ab0c8d0cb8089c8f',11,73,'2','1','2014-01-01',520123),('3e9bba5695144155a3684db15991fe13',5,90,'2','2','2014-01-01',520123),('3f0af8043f574a3aba684e4d9476633b',19,255,'1','2','2014-01-01',520123),('3f208a1f392e4638842f8f8bb440e0f9',19,92,'1','2','2014-01-01',520123),('3f3797889c1c407b901239df1ea8d748',3,63,'2','1','2014-01-01',520123),('3f43d719f5fc438c922ebb22af771ba8',16,75,'1','1','2014-01-01',520123),('3fb2e0ac92b9404a809e93a2e640bbca',1,90,'2','1','2014-01-01',520123),('3fd7ee85a64a4bb687a169dd4d61fadc',10,70,'2','1','2014-01-01',520123),('401d92e639e840b9ab7e5620ab5525d7',13,87,'1','3','2014-01-01',520123),('4048675c19624db3b5a5f86a991b1756',10,70,'2','1','2014-01-01',520123),('40976bb6e32f4018863e664f5019c978',16,75,'1','1','2014-01-01',520123),('409fe4dbac0e4a0f9f9a25dd2e9f3972',14,60,'1','1','2014-01-01',520123),('4101e48ce984424187cb16ceee1dd025',15,72,'1','1','2014-01-01',520123),('41021d9d95304062a87f56a381cbec3d',6,103,'2','2','2014-01-01',520123),('413d059dae5e4e28ac81c635084cb6ad',12,255,'1','1','2014-01-01',520123),('41444c73c1e047afa90dd76aec5a44f5',4,108,'2','1','2014-01-01',520123),('41893440dab442da8ca6986db6e126f7',9,177,'2','1','2014-01-01',520123),('418f829a399e4d25bc5e07fbb2057b79',1,90,'2','1','2014-01-01',520123),('41a0d581722041f0b411386ef9998490',6,103,'2','2','2014-01-01',520123),('41a83fd5424b4077a3dc419bd1e1b7f3',9,83,'2','1','2014-01-01',520123),('41ca3f8e1045417ba032a14ebd723299',3,137,'2','1','2014-01-01',520123),('41dda184263441a2bc172a035a77b670',16,75,'1','1','2014-01-01',520123),('4219c7cf458c491eb44a71e16553c73a',17,72,'1','1','2014-01-01',520123),('421f45b5cc4c490abc4b69fbd8d92d04',6,78,'2','2','2014-01-01',520123),('4267a872ae694a159d3a6a96cbca9058',17,72,'1','1','2014-01-01',520123),('428a4c08997940ec9cbff6e9e5b1b567',4,65,'2','1','2014-01-01',520123),('428be0d817f741819dc4076c028f021d',6,103,'2','2','2014-01-01',520123),('42b4339446b84f7a968f5d1041305bcf',16,75,'1','1','2014-01-01',520123),('42eb6f63f0044641b9cd76ebf5fdd83d',16,255,'1','1','2014-01-01',520123),('42fac20dd1894669a8328376c097905d',15,60,'1','1','2014-01-01',520123),('430174b1d3304027b117fb4d4972b8f8',8,63,'2','3','2014-01-01',520123),('430a4bc474be4a9facf42e38d7608e47',1,90,'2','1','2014-01-01',520123),('4334af65812e4be9b17461b2b340d301',11,73,'2','1','2014-01-01',520123),('4354bb93e1af4113b9d69c645649f4e1',9,177,'2','1','2014-01-01',520123),('43602b3a51b24a679b680eb6c98a4240',15,72,'1','1','2014-01-01',520123),('4376ea12d96e4ef281538df65607b01f',15,68,'1','1','2014-01-01',522229),('437e538dd29e4a39a9887e01e0b6805c',14,60,'1','1','2014-01-01',520123),('437ffb89488e49569df1914feac324ca',19,92,'1','2','2014-01-01',520123),('438deb94d0434390a45a37e3bafd3f52',7,75,'2','3','2014-01-01',520123),('4392125cf95d46299fa7d52b93ee4727',15,215,'1','1','2014-01-01',520123),('4396a485b7a64ca3a8b6de2411a2c112',14,215,'1','1','2014-01-01',520123),('439748f268e94538973cf3e04f4b7be9',16,75,'1','1','2014-01-01',520123),('439f63e74bc7469eb19abc9ec942af5c',2,177,'2','1','2014-01-01',520123),('43cd4868ad3e4711b2fc968a778a6a45',2,100,'2','1','2014-01-01',520123),('43efa1e3f31446d8a40713c6ddb48eaa',17,215,'1','1','2014-01-01',520123),('441518a7ac3b48e481a5ddee4b63cb1f',17,215,'1','1','2014-01-01',520123),('445ba80fc6fa4f23ad38a4cad6fdc47c',1,90,'2','1','2014-01-01',520123),('445cb15214294973add07ecc12ded66c',18,156,'1','1','2014-01-01',520123),('448fc8668bdf41e0b51f84cd55129189',1,78,'2','1','2014-01-01',520123),('44aa1025d35d4405832493e11f26b45f',19,92,'1','2','2014-01-01',520123),('44b8d88208dd401cb20fe2b06d63bb3b',10,132,'2','1','2014-01-01',520123),('44c9b7d9e0f447bd8b5a75cbcb7730e2',19,92,'1','2','2014-01-01',520123),('44ca0ddb9f5547a8ba4875f2360a3fb1',1,78,'2','1','2014-01-01',520123),('44dde0d6a33d4ff1b58ac6f459ec7d4c',11,73,'2','1','2014-01-01',520123),('450088d20b7a4283a08e30a65e7c7759',7,113,'2','3','2014-01-01',520123),('4504dcfd6e184db884aed1215f4f900a',19,255,'1','2','2014-01-01',520123),('452f4004822c47c6b8b1de640491d35d',4,108,'2','1','2014-01-01',520123),('4535b4866f124b8fb8aa4939350f6492',7,75,'2','3','2014-01-01',520123),('4535e3beeb4449fd9c813ba6d6d596f2',16,255,'1','1','2014-01-01',520123),('457a7a96a0014b10812bbe15aa8fab18',16,75,'1','1','2014-01-01',520123),('459b4b8d66c043df972eb214d9cd31db',17,72,'1','1','2014-01-01',520123),('45b1190f165d430288ecd8eec9494709',8,58,'2','3','2014-01-01',520123),('45bae13b8f634e40b5f564a078bc8a4b',12,100,'1','1','2014-01-01',520123),('45c0f18e344442d5af4c616f880ad22d',4,76,'2','1','2014-01-01',520123),('45c2c346555e4360b4d24e54fe652ecf',2,100,'2','1','2014-01-01',520123),('45e2247fa0674a4b90d1368463dd9946',4,76,'2','1','2014-01-01',520123),('45f9ef9931e34ade8c079d964bf32402',19,76,'1','2','2014-01-01',522229),('46923c7c4f904e02bd3c2026d83fef7b',8,63,'2','3','2014-01-01',520123),('46a6016785bb44ac87f8b659e95a736d',11,128,'2','1','2014-01-01',520123),('46e08d1233af421693fef40b43c53c79',10,70,'2','1','2014-01-01',520123),('47101abdbb9c40fdb23df097d6427c91',1,90,'2','1','2014-01-01',520123),('471544a0dead45b49ab1e1422bda42fc',10,132,'2','1','2014-01-01',520123),('474318aaeff94e179dd348f0ab2dee3d',19,92,'1','2','2014-01-01',520123),('4757267350da491397a60ea076462a0a',13,87,'1','3','2014-01-01',520123),('476162d675494d26a8c416ee527e92b4',5,90,'2','2','2014-01-01',520123),('476329fe6e2b460d8fad16cac9bd5542',9,83,'2','1','2014-01-01',520123),('47b1766ed7024420978a16b8021ff661',19,255,'1','2','2014-01-01',520123),('47ff31869b43482993767b36e41ff2e4',13,87,'1','3','2014-01-01',520123),('48151b6bb57b4f5098ee184e1aebd832',4,76,'2','1','2014-01-01',520123),('4855287023e040fb9a593a9c7a5e1f96',2,177,'2','1','2014-01-01',520123),('485548b5703646e4abb1061c3071fa55',9,83,'2','1','2014-01-01',520123),('486561c0b1e74021b7252e39ec372229',19,92,'1','2','2014-01-01',520123),('48822b7b756b4266b9ede5cce73342eb',9,177,'2','1','2014-01-01',520123),('48c4ce358e454817826b2290f5ed2aee',3,63,'2','1','2014-01-01',520123),('48ca2ec31e48474c849f27f5b5f8393e',1,90,'2','1','2014-01-01',520123),('48d82fa79def4faa8dad7d8092b3f122',3,63,'2','1','2014-01-01',520123),('48e93b0669104634a76cc77c06d5c04e',17,215,'1','1','2014-01-01',520123),('48f7d24254464960bf87745e1d3b77e2',15,72,'1','1','2014-01-01',520123),('49006b2b4ca347d5a971ad00ec125ac6',11,73,'2','1','2014-01-01',520123),('4909caaab59b44e4ba2ba73a7d114118',4,108,'2','1','2014-01-01',520123),('493cfe277e9c4dda96a4a71192c0ad4e',4,108,'2','1','2014-01-01',520123),('493d8760fa604e989541fd9eb8fa7152',16,255,'1','1','2014-01-01',520123),('4942e1f7a15d4a24b9526ad977cabf52',13,87,'1','3','2014-01-01',520123),('494306b48f9343b2a203e924d8d07ab0',6,78,'2','2','2014-01-01',520123),('494c71224f75406686fe020b03dc0090',15,60,'1','1','2014-01-01',520123),('4966d220835942fbba5fa3619623df00',15,72,'1','1','2014-01-01',520123),('496989a8235f4a98a614892e758844e9',4,76,'2','1','2014-01-01',520123),('49a2656d9e214cfcba32f5e12a1da457',11,73,'2','1','2014-01-01',520123),('49c2ca725037422089cd0878f5c6e8a3',2,100,'2','1','2014-01-01',520123),('49da1e5caefb4e56aa8f8bfda2241dfc',13,87,'1','3','2014-01-01',520123),('49ff22429eb041de85d3f6933effced2',5,90,'2','2','2014-01-01',520123),('4a0c40e390814675b6906e61d30b8f0b',19,92,'1','2','2014-01-01',520123),('4a380b809058442dbf1730538268ac34',13,87,'1','3','2014-01-01',520123),('4a3e212f3e2c4ccaaaa49ebbaabb5245',1,90,'2','1','2014-01-01',520123),('4a4173fe0d0f419e99ecace5ce51f197',17,72,'1','1','2014-01-01',520123),('4a49f62a619f4a899bdd2cea5d410110',11,73,'2','1','2014-01-01',520123),('4aa4553216534753b9a224f2d199349c',3,63,'2','1','2014-01-01',520123),('4ab32b0e8fdf44f5ac1840867e40560b',19,92,'1','2','2014-01-01',520123),('4ae12d633bbf43ccba33d31e96f51e02',18,156,'1','1','2014-01-01',520123),('4b1e5e1f4bf24b75b3e94b7854179bd8',4,108,'2','1','2014-01-01',520123),('4b31c161587f42619912037c90345255',12,100,'1','1','2014-01-01',520123),('4b43e96371ed471081fee6c1cf13f2e8',6,78,'2','2','2014-01-01',520123),('4b489b2da21347fb843c5b420e6a580d',6,67,'2','2','2014-01-01',520123),('4b4e1bd6b120473dbac6afc102a9d029',9,177,'2','1','2014-01-01',520123),('4b66a0ab23c64648b1e3909c513fa739',2,100,'2','1','2014-01-01',520123),('4b7a21bab28e41f0814bc80092fa1910',13,126,'1','3','2014-01-01',520123),('4b7e5abc954e4ac79af10330df8678f9',4,108,'2','1','2014-01-01',520123),('4b8fe3cdae204e88a4dc6b171725c204',16,255,'1','1','2014-01-01',520123),('4b932881d4d44c54a694206860fc9aba',15,72,'1','1','2014-01-01',520123),('4bb4773910fb4bad98f39b63333714de',18,156,'1','1','2014-01-01',520123),('4bb6becc48094b2b8d2ba885453591fa',4,76,'2','1','2014-01-01',520123),('4bbbd80d1f724956b5d81e1e14318dff',8,63,'2','3','2014-01-01',520123),('4bcbc8d0cd034a3e90739967f30a5c0a',15,72,'1','1','2014-01-01',520123),('4becd61c013b487eb248533d972e4adb',19,92,'1','2','2014-01-01',520123),('4c0237e9d23b47beb35d11a5d7c5e1e1',5,90,'2','2','2014-01-01',520123),('4c0a10a5d7b64b3ca9f57ca980737e3a',15,72,'1','1','2014-01-01',520123),('4c175a09e6064ecb88525117a00af72a',15,72,'1','1','2014-01-01',520123),('4c182322d82e40b6bb37d36f4f3c7a9f',7,113,'2','3','2014-01-01',520123),('4c40758c3fb84d53bb2ebfb806276597',14,60,'1','1','2014-01-01',520123),('4c5d4dcaa44744bf8d33efb16bc366d3',18,156,'1','1','2014-01-01',520123),('4c704cf88e4549ff9835704c98068b1c',16,75,'1','1','2014-01-01',520123),('4c71d8013a85422bb3921f2a728d5d59',15,72,'1','1','2014-01-01',520123),('4c8159de629a4ab5b7ac37bb8aa8f4b3',3,63,'2','1','2014-01-01',520123),('4c95fe8e3801464da47c28010487763b',9,73,'2','1','2014-01-01',522229),('4cc9284c086344869e0fa30abc79579b',7,75,'2','3','2014-01-01',520123),('4ce0228d72ba496887f4363ec9f64d46',13,87,'1','3','2014-01-01',520123),('4ce5252a9a604d18b1fc8b6988ccf7e5',9,83,'2','1','2014-01-01',520123),('4ce817a067764a82a7a7839b8ec90d44',14,60,'1','1','2014-01-01',520123),('4ced9c64e8ec49928ea00596eeb1a1e1',2,100,'2','1','2014-01-01',520123),('4d08a77efe984b32b842eed3bc2a66ad',10,132,'2','1','2014-01-01',520123),('4d1a4217845d4c11961bc5329af96c4c',13,87,'1','3','2014-01-01',520123),('4d9cd6c9999f4af190acaa075b6430b2',14,60,'1','1','2014-01-01',520123),('4d9fc498f12b4173bbcf3c156aba9a43',5,128,'2','2','2014-01-01',520123),('4db3b706415d43028f6d64f1878a775a',8,63,'2','3','2014-01-01',520123),('4df7d27f8b3d4e0eb78b64d85bd9f23a',2,100,'2','1','2014-01-01',520123),('4e49101b12624acc856018971cdd9a18',18,156,'1','1','2014-01-01',520123),('4e8a069b771d4772b13bf04fcd26d60b',2,100,'2','1','2014-01-01',520123),('4eb8f3b8f65f4fb88e5b0730aab1f3d3',14,60,'1','1','2014-01-01',520123),('4eebdcd379ec44d0b6b1ab3a3e70534e',13,87,'1','3','2014-01-01',520123),('4eff404af85a4afb8fa30a5afe21b349',8,63,'2','3','2014-01-01',520123),('4f24ab9f05a748548011ed0b6e9510f8',8,58,'2','3','2014-01-01',520123),('4f267fce73de4d65826bfb65996284c5',16,75,'1','1','2014-01-01',520123),('4f5d444fc73a49a988ecee0db9d57c20',6,103,'2','2','2014-01-01',520123),('4f70b3d234754e059f1e5dc826991e6a',19,255,'1','2','2014-01-01',520123),('4f74995ac61047e993e191e43b051d4f',16,75,'1','1','2014-01-01',520123),('4fa0bc9f5b9a4003a0fafb02b1c56133',17,72,'1','1','2014-01-01',520123),('4fb418b8c19a44beb64eb827412e16cf',2,100,'2','1','2014-01-01',520123),('4fc69b83f2284811861381c26d549c11',8,63,'2','3','2014-01-01',520123),('4fca14d9eda44ef09f1d6230c11883ce',5,90,'2','2','2014-01-01',520123),('4ffe0ac59e5f45bc83b88114121220ce',6,78,'2','2','2014-01-01',520123),('501959c7288d425c978486fa25bc90ce',4,108,'2','1','2014-01-01',520123),('5043e4e58ae6423c9f91b7e07c470b68',15,72,'1','1','2014-01-01',520123),('504a7344a9bc46cc90cac8850e519e96',9,83,'2','1','2014-01-01',520123),('506c62ad694e491c8571c520f4b97779',9,83,'2','1','2014-01-01',520123),('50767c562dc44085bd6e2ace31b8ccb7',5,90,'2','2','2014-01-01',520123),('508fadea58ac48ff89e31755fc2be857',11,128,'2','1','2014-01-01',520123),('50a988866fa8406ead8f780524b5b3bb',16,255,'1','1','2014-01-01',520123),('50da3613d5484bd7b87f25e5502faa85',2,100,'2','1','2014-01-01',520123),('50f6b1d12f574cb59bd62b86a0ca6968',1,90,'2','1','2014-01-01',520123),('511ca2011e694b77988fffb45f0e1712',8,58,'2','3','2014-01-01',520123),('5129698fc00045c0bbe72cc7a25c3900',19,255,'1','2','2014-01-01',520123),('513f0de017dd4d3e8590c0d6be3e663c',7,62,'2','3','2014-01-01',522229),('515136121a8640c39d67ce181afe9a26',6,103,'2','2','2014-01-01',520123),('515ad0eaa07940f2a1041abab8088107',12,255,'1','1','2014-01-01',520123),('5184a63f588d49bf9dc9ca381a15ab44',4,76,'2','1','2014-01-01',520123),('5190b5ab1ac04f799cdab3851b230581',7,75,'2','3','2014-01-01',520123),('51aa510eb6b444ba848ed81502ff0039',6,103,'2','2','2014-01-01',520123),('51c82e33ee3f4190839556d0d89b526e',9,83,'2','1','2014-01-01',520123),('51d62f858eab401c9e0ee8fe7f352027',2,100,'2','1','2014-01-01',520123),('51f235ae426f46c9aaeb371dcd1f6cf5',8,63,'2','3','2014-01-01',520123),('51f3c72495e849808b35f7fb4fac708b',17,215,'1','1','2014-01-01',520123),('522e65f6bcad4016a8c1d4ee18cd9928',4,76,'2','1','2014-01-01',520123),('52326fb2046d4dceb31692af08589fc0',15,72,'1','1','2014-01-01',520123),('524db943dc0e4516bbd4db27f9d4711f',18,72,'1','1','2014-01-01',520123),('525cdcc6828048098fd4f8676588a97f',5,90,'2','2','2014-01-01',520123),('5273a8655ceb45f2a03ef753f2ba6c16',4,83,'2','1','2014-01-01',522229),('529b2885d79e43fab6881215792296c8',1,90,'2','1','2014-01-01',520123),('52a584d787ec4e139f0e9eb216e75b70',8,58,'2','3','2014-01-01',520123),('52a8d30fb88746f2ae905ce94c04ee90',14,60,'1','1','2014-01-01',520123),('52d0bd9362eb4e1eac16b9dc5f845f8b',5,128,'2','2','2014-01-01',520123),('52f334c5515a4fe4b8d459ecd63297ff',15,72,'1','1','2014-01-01',520123),('530634af431949c8984c9110ae409d23',13,126,'1','3','2014-01-01',520123),('532cb147b5094de492dd870c615fb2a0',9,83,'2','1','2014-01-01',520123),('536f259c60a34317a9e6a6e23c74ff65',16,75,'1','1','2014-01-01',520123),('5372dd27e5504686997510fe97162a04',15,72,'1','1','2014-01-01',520123),('538c90bea4f441d4970461981c8d5322',13,75,'1','3','2014-01-01',520123),('53b934822881481799b8181e958a302a',16,255,'1','1','2014-01-01',520123),('540d31dfc5b04121a54ae524f9cce64f',14,60,'1','1','2014-01-01',520123),('5425c17364fd460197762636857d0728',17,215,'1','1','2014-01-01',520123),('543924f083ad48bd93017a18ea49f100',8,58,'2','3','2014-01-01',520123),('544404b1be204d0884cdbc1b0a1cfe0a',9,83,'2','1','2014-01-01',520123),('54604a1ab64847889d858d115aefaade',6,78,'2','2','2014-01-01',520123),('5478a06df70745b5b00d8ee8329effbb',4,108,'2','1','2014-01-01',520123),('547ab2b3f1de44ed8faa1855bb92cbb0',7,75,'2','3','2014-01-01',520123),('547f3b29f73947daafeb6bd56ed319da',17,72,'1','1','2014-01-01',520123),('54911a59eea940738c42b435219a9629',10,70,'2','1','2014-01-01',520123),('549b0bd8298547469f63eeb2bbc58b2f',14,215,'1','1','2014-01-01',520123),('549c7871a73740bbb7a00bc4ac54a4a2',14,60,'1','1','2014-01-01',520123),('54bc3cddcbb3457e8cd33b117abcc8a4',7,75,'2','3','2014-01-01',520123),('54f23abb5e1344cb9568702d645fe196',8,63,'2','3','2014-01-01',520123),('5542ec3c8bc94a5991bd8278c7e99dfe',19,92,'1','2','2014-01-01',520123),('558b655581944fed86d78672eb352405',12,100,'1','1','2014-01-01',520123),('55a99212ac8046a3a346e59d9af9dd3b',2,100,'2','1','2014-01-01',520123),('55c0a1dd3ab944fb93d7a20acd9d2922',8,63,'2','3','2014-01-01',520123),('55e6f30ede0d495dba329342a7fe38f3',10,85,'2','1','2014-01-01',522229),('55edb3d166924ae1bbc18a5f8845a1ad',1,90,'2','1','2014-01-01',520123),('55faf390b46b428285c1a2c113956a37',12,255,'1','1','2014-01-01',520123),('562d49b67b5a4d10998b61df1231b557',14,60,'1','1','2014-01-01',520123),('564117d8eac84f17b5b2b279c3f3bf97',13,93,'1','3','2014-01-01',522229),('564b83bee9bc40a59b32e11b862d53f0',19,255,'1','2','2014-01-01',520123),('56531d3bd621435fae9b55692fc133cb',7,113,'2','3','2014-01-01',520123),('566b712ec63e4167b10ecb82bec5bab9',6,103,'2','2','2014-01-01',520123),('566fc5481c024aa3923c553b3ec55222',3,137,'2','1','2014-01-01',520123),('5671bc17bd614466b0ab5985f40a648c',19,92,'1','2','2014-01-01',520123),('5676e3a48dc04c9abcdcd501d84ab071',10,132,'2','1','2014-01-01',520123),('56924f0bef8a41878251fa8111879fdc',10,132,'2','1','2014-01-01',520123),('56a90f3add1d43cbbdb3717df42c204b',16,75,'1','1','2014-01-01',520123),('56ab792aa9a04022a4c82e495fc36732',11,73,'2','1','2014-01-01',520123),('56c09c17626d4016a201023ebb1c2769',15,72,'1','1','2014-01-01',520123),('5714cab839f34aae8e507bc7c810e923',8,63,'2','3','2014-01-01',520123),('5718f2534eb2441f9556632d2b91c68a',5,90,'2','2','2014-01-01',520123),('573305bf05aa48efb60fc9b984c963f9',2,100,'2','1','2014-01-01',520123),('57695e270193453b96bdd04726b283a1',2,177,'2','1','2014-01-01',520123),('576bf17aff434584b008b91e32676c35',19,92,'1','2','2014-01-01',520123),('577beaaee8ea4f01ba6f641c4be54c97',4,108,'2','1','2014-01-01',520123),('57e3994e344e4fa399bc7d75732b0af2',14,60,'1','1','2014-01-01',520123),('58031079c3c84207837460adf4ba68d5',16,255,'1','1','2014-01-01',520123),('5826da7fd0104c958acaf7a497f891c9',19,255,'1','2','2014-01-01',520123),('5834e105bc8d4d46a67bc676e982023d',5,90,'2','2','2014-01-01',520123),('5844fd7277494859963ea860aeb997f6',13,126,'1','3','2014-01-01',520123),('585321882f1244a6910fc9a1b1163615',5,90,'2','2','2014-01-01',520123),('588c4b6fd1e74943ad7ab6867422cff1',7,75,'2','3','2014-01-01',520123),('58941a2888f7446a8c979e28b6815b9a',1,90,'2','1','2014-01-01',520123),('5895bcd195a54262953f5b5f080318a4',7,75,'2','3','2014-01-01',520123),('58bcedd599e84c15ad890a038b288072',3,137,'2','1','2014-01-01',520123),('58c4f59faf2f4eb39b5bf268e1d95585',1,90,'2','1','2014-01-01',520123),('58f46b79fd0249b8af6603cb1b60cf0b',1,78,'2','1','2014-01-01',520123),('5928cc20401c4653a8a6d8f10abb70f5',5,90,'2','2','2014-01-01',520123),('5932dcd4fc834b7393484f4ba3dd4302',15,72,'1','1','2014-01-01',520123),('59545995bb2b477d808f85c9063dd09d',1,78,'2','1','2014-01-01',520123),('5965fb88ee154fefa02d74fb3eab898b',10,70,'2','1','2014-01-01',520123),('596a9be466234e6caf82d670c048f267',17,215,'1','1','2014-01-01',520123),('599827669d134356b0146f8b9ef81bcf',13,126,'1','3','2014-01-01',520123),('5998feadcfc44b5383d6ff898dd268aa',1,78,'2','1','2014-01-01',520123),('5a11ce6c7e334a7490fb3890656cf8fc',14,60,'1','1','2014-01-01',520123),('5a1eacd13d6b49a59a0e088546ac2e39',2,100,'2','1','2014-01-01',520123),('5a4664fe16734673842fe004997ab92b',9,177,'2','1','2014-01-01',520123),('5a6c432a35f344a5a9b78e0b99f4bbb1',9,83,'2','1','2014-01-01',520123),('5a7d0beaf7694bee87547f943bbd9c0d',7,75,'2','3','2014-01-01',520123),('5aa8789fa4fb476dab93cdb35f77f24e',8,58,'2','3','2014-01-01',520123),('5ab2238cd8cd4c2699d5d92fea84b713',15,215,'1','1','2014-01-01',520123),('5abf747bac544bd3ad129d56148372ba',15,215,'1','1','2014-01-01',520123),('5b0414d5a25547feadce9c9da65d392b',9,100,'2','1','2014-01-01',520123),('5b2e5af83ee44fb7a3bb22f0445633bb',11,128,'2','1','2014-01-01',520123),('5b43b964bbe649699a3243788075a6e6',2,177,'2','1','2014-01-01',520123),('5b53a8954ade4c05ae910f2b3173e42e',15,72,'1','1','2014-01-01',520123),('5b6e7828bc674d7480c8f5964d808f09',8,63,'2','3','2014-01-01',520123),('5b885d51eaff4e4a83e52d9a79f9e27e',1,90,'2','1','2014-01-01',520123),('5b9c43061229445ebdc61850d983caa5',13,87,'1','3','2014-01-01',520123),('5b9cf13374704cfc979652eb0c5e8694',5,90,'2','2','2014-01-01',520123),('5bade7ce7a6e439984cd6dcaca8a58d2',3,137,'2','1','2014-01-01',520123),('5bb041350b6241f29df2d47aa3816663',5,90,'2','2','2014-01-01',520123),('5bcacb8d778b431fa7e0cbd38043eae7',15,215,'1','1','2014-01-01',520123),('5be50a126a8944bea7dcf81ad3775b97',19,92,'1','2','2014-01-01',520123),('5c1512c89224408f921a4689adc74bff',17,72,'1','1','2014-01-01',520123),('5c1c120174614419a19db7ee3987f784',18,72,'1','1','2014-01-01',520123),('5c53bebf0065465b96ecb8387456a559',16,75,'1','1','2014-01-01',520123),('5c60b43d7c9a4af8b03e4dc0a8530c7b',6,78,'2','2','2014-01-01',520123),('5caac7fbb81a499d810f89c5d6023e4c',14,215,'1','1','2014-01-01',520123),('5cb99eeaacbf4c65afefbfabd48cd651',17,215,'1','1','2014-01-01',520123),('5cd9aadd1bc944a984e856fb6b31bfbd',19,255,'1','2','2014-01-01',520123),('5d0e959617cc4d8699c84162b6eb9fd8',18,72,'1','1','2014-01-01',520123),('5d1167dc80414d5cbd36f94501722718',2,100,'2','1','2014-01-01',520123),('5d139af091824ba7a13daf5762730aa0',5,128,'2','2','2014-01-01',520123),('5d1d800253b243e1a41e8387297b5e48',10,132,'2','1','2014-01-01',520123),('5d4ddd8b6fac4bc8ac74ee54ed9bd890',11,73,'2','1','2014-01-01',520123),('5d588e22a4a440e8a00ecde2fe90bc7c',4,108,'2','1','2014-01-01',520123),('5d8c60cf3a274b67b5a4c902828d786f',3,66,'2','1','2014-01-01',522229),('5da9d5439d064266921375a2ce77b635',14,215,'1','1','2014-01-01',520123),('5db2ab2df1594cd697277eea043c1ceb',17,72,'1','1','2014-01-01',520123),('5dc1cbd65932452b9d6d7d42313d620c',2,177,'2','1','2014-01-01',520123),('5dc92e6e6bf14f57b852c0f43f44d894',15,72,'1','1','2014-01-01',520123),('5dd43b68bb544056a802e6c28302800f',12,100,'1','1','2014-01-01',520123),('5de8bb19e8374e7c97b2818b7b6afbbc',12,82,'1','1','2014-01-01',522229),('5defa96202fc48909a0617c325cede18',1,78,'2','1','2014-01-01',520123),('5e01d8f66351423d864a7b265661b35f',11,128,'2','1','2014-01-01',520123),('5e2363efae8e4fc999036a6c0deca4a8',2,177,'2','1','2014-01-01',520123),('5e5368bd90944fe3bf876fe13deb2a20',13,126,'1','3','2014-01-01',520123),('5e7efaa01ca1498d9d019e3b0a0f39a9',7,75,'2','3','2014-01-01',520123),('5eda40f3a3c6471293fa7a45848cd31a',6,103,'2','2','2014-01-01',520123),('5f197716ad3e48c887d465090b0bf346',7,113,'2','3','2014-01-01',520123),('5f1daf34b31840cda39ae7c2ddef4af7',17,72,'1','1','2014-01-01',520123),('5f232346f6cb454a844d017c0291c5cf',18,156,'1','1','2014-01-01',520123),('5f25aabeaa89450084c55af0e112b402',3,63,'2','1','2014-01-01',520123),('5f3bc0dc635a484c84c4790d10ccd023',3,137,'2','1','2014-01-01',520123),('5f461dec7a8b4b97a4a358f5ff3da318',17,72,'1','1','2014-01-01',520123),('5fa7e62ae063493c86045490ade94814',14,60,'1','1','2014-01-01',520123),('5fb4734df725405b89e388f919b5d046',14,215,'1','1','2014-01-01',520123),('5fbb27731f874412b2d9ffe96f6749ce',3,63,'2','1','2014-01-01',520123),('5ff127b05d3e43be935403d93b22e31d',16,255,'1','1','2014-01-01',520123),('5ff66f5970a9408095717d07ca0792ef',7,113,'2','3','2014-01-01',520123),('6026c799731942ad8507d326cf64e7b2',12,100,'1','1','2014-01-01',520123),('605574bd174f45938ee543121e0b573f',1,90,'2','1','2014-01-01',520123),('605faa846ded47df93e28510c74ad2de',10,55,'2','1','2014-01-01',520123),('608128624975469699b3eed2458f93b7',2,100,'2','1','2014-01-01',520123),('608bb5a0c2fa4617ab9b7181f33f6fcf',4,76,'2','1','2014-01-01',520123),('609a944ec8164de8aa0ed40c140371d8',7,75,'2','3','2014-01-01',520123),('60bbb64f23264a9bb648543a9dfed1ba',1,78,'2','1','2014-01-01',520123),('60eb0ff4544749f7b54bd121fbfec12a',1,90,'2','1','2014-01-01',520123),('60ff6f8c292248b69ddcc8931f1fc9d0',6,103,'2','2','2014-01-01',520123),('61406daf15ac45e38129800521405b9e',13,126,'1','3','2014-01-01',520123),('617f30e06af14940a58fdb74cc8dfbf8',9,83,'2','1','2014-01-01',520123),('6191db0c6dca41db8b71384ca4821cf4',19,92,'1','2','2014-01-01',520123),('61c26eaf7a74418a8c70fadcb9905063',7,75,'2','3','2014-01-01',520123),('621b5c6690a04aa7b643e884fae46fd8',17,215,'1','1','2014-01-01',520123),('6237528c49154500a9cd93bd2e79ecd6',16,75,'1','1','2014-01-01',520123),('623ec799c82c40dd8f4f4b55c77bbc48',19,255,'1','2','2014-01-01',520123),('624130a95e204af5afe6990453528f81',6,78,'2','2','2014-01-01',520123),('62a40dd9628c49b1a0518d5d7e867ca6',5,90,'2','2','2014-01-01',520123),('62c0179f44b946cb9411934eb3ed5a3b',18,156,'1','1','2014-01-01',520123),('62daf3f51cdf4981bf12fbf09d41fdb1',13,126,'1','3','2014-01-01',520123),('62ed22374acb4d37aa48f820654a1590',13,87,'1','3','2014-01-01',520123),('6324a07f2a1d4140860c244491279ed8',2,177,'2','1','2014-01-01',520123),('6340eb89ffd2492cb00b14b2392ed7ad',13,87,'1','3','2014-01-01',520123),('636e6233f51a441b94ba96488edfed51',5,90,'2','2','2014-01-01',520123),('6386424e19314c8db34ad0e3ea9d4aea',14,60,'1','1','2014-01-01',520123),('63b826faa1194111a276c7300c567133',15,72,'1','1','2014-01-01',520123),('63c4cc1bc7ff4e3eaf9faf06b28bcc53',1,78,'2','1','2014-01-01',520123),('63e570b990ac4d099d857b7d245432f6',17,72,'1','1','2014-01-01',520123),('64033202dcbd431fb361dd45e173a012',11,73,'2','1','2014-01-01',520123),('646df1b33a0e41ddac26f33def9b1406',16,75,'1','1','2014-01-01',520123),('6476e3dfc71040689144a3ea7b90b3e2',3,137,'2','1','2014-01-01',520123),('64be124bcfda4ddc91ef34b73c2deb44',10,70,'2','1','2014-01-01',520123),('65019693a1f749d1b04b766e9b90eb41',18,72,'1','1','2014-01-01',520123),('650b35ac7b0e42f7b2acd718466cb320',15,215,'1','1','2014-01-01',520123),('652308eda4f94ae6bbce9546cccd8d86',18,156,'1','1','2014-01-01',520123),('65301948c7b5406f8c5fa5854e2e9860',6,78,'2','2','2014-01-01',520123),('6537eabdd6dd4c1fb657c285ad27dcf5',1,90,'2','1','2014-01-01',520123),('653ac7dec57a46f989420a875bb2a06c',3,63,'2','1','2014-01-01',520123),('655247e9b85944cdb586423bc6c29a2b',17,72,'1','1','2014-01-01',520123),('65573f95d92048e6b6a29b80bc92bd4f',2,177,'2','1','2014-01-01',520123),('655e76c1f2ce44eea7c7fa9c4da44b10',2,177,'2','1','2014-01-01',520123),('65a5498972394400b4c6582b1dbb68b9',6,84,'2','2','2014-01-01',522229),('65be422953984de1825e3ab414f04f3e',13,87,'1','3','2014-01-01',520123),('65c9b726721f40cea17ffd2982465220',12,100,'1','1','2014-01-01',520123),('65e8947162334d98862a4c073245ca59',2,177,'2','1','2014-01-01',520123),('65ee8472b993447e8933f3410f3da0ea',9,83,'2','1','2014-01-01',520123),('6606132111104c50af24360367965f7a',18,72,'1','1','2014-01-01',520123),('66204ff878c647c0b5ba54434c55b9ab',12,255,'1','1','2014-01-01',520123),('66553d40b5a44a7c8b9568c567897ddf',14,60,'1','1','2014-01-01',520123),('665da248a7ee46a3999932548f8f92b6',11,85,'2','1','2014-01-01',520123),('66b363753dac4634b2cc3530d70d4a6e',3,63,'2','1','2014-01-01',520123),('66ea436e67c84637a31dd4ee22c7b403',1,78,'2','1','2014-01-01',520123),('66f8835fcef342db9d96b1cce7a34446',11,73,'2','1','2014-01-01',520123),('66fd86d131bc4c50a37ff7becc3f4c2c',10,55,'2','1','2014-01-01',520123),('671e5b19a1f948cdbe9b3f34b8cce27f',3,63,'2','1','2014-01-01',520123),('673778453b4742ab826f89ef319f7b64',3,63,'2','1','2014-01-01',520123),('674038fc52aa489ca4b8bb92fd5b15e9',5,90,'2','2','2014-01-01',520123),('674243d3a2484e54928ac67d155605eb',11,128,'2','1','2014-01-01',520123),('6759aa082cbc49a9b8ab8a1bddf6f06e',8,63,'2','3','2014-01-01',520123),('675fda78eeb54879bd643049188c4af6',6,78,'2','2','2014-01-01',520123),('6767c3fd61b1442d98cdc11b4f91a1aa',6,78,'2','2','2014-01-01',520123),('678f2f5bd9324725b687589b399b98cf',16,75,'1','1','2014-01-01',520123),('67999818310748f08c6dc598b6bb9308',16,75,'1','1','2014-01-01',520123),('67ddee7089aa433083875b9a3f8e17b3',3,137,'2','1','2014-01-01',520123),('67e952dbd96b47b69478f350e33d15b9',15,72,'1','1','2014-01-01',520123),('67efc605be044dfdb5711c699f77506c',9,83,'2','1','2014-01-01',520123),('680ea7670a1f4f008a1847a852aaf140',6,67,'2','2','2014-01-01',520123),('6816854a20374641bfa85ca3a2057e82',1,85,'2','1','2014-01-01',520123),('6876a6f801db4977a05f3e4b9abd1dc2',3,63,'2','1','2014-01-01',520123),('6883d9b976da4aba85ca05fb3f9bd8cb',4,108,'2','1','2014-01-01',520123),('68d1cf5e16504f46aba4bb031d5887f9',9,83,'2','1','2014-01-01',520123),('68ee973248804c53b119f156cd559c9d',10,70,'2','1','2014-01-01',520123),('68f8b89f9cb8490497019098c7ef2324',1,90,'2','1','2014-01-01',520123),('690b00ac57fb4482ad7b1b90f3e7a797',7,113,'2','3','2014-01-01',520123),('6930b41b84d64430902e9b7ab352138b',15,215,'1','1','2014-01-01',520123),('694d5d2d87ba4b3f898b0167443d6d93',4,76,'2','1','2014-01-01',520123),('69b3f226d7dc482d9b669d5c592d31d6',11,73,'2','1','2014-01-01',520123),('69c4e9bf43e64bec961ef3b635691dbf',13,126,'1','3','2014-01-01',520123),('69dfc9c7496b4f8196395a93da199d1d',8,58,'2','3','2014-01-01',520123),('69fa2be7802e4c24a579684a958f47ac',14,215,'1','1','2014-01-01',520123),('6a4eb13f3c02412887684db24af10551',3,60,'2','1','2014-01-01',520123),('6a6f5b802f2e41958976c5e652c20a9c',13,87,'1','3','2014-01-01',520123),('6a9109e51e854f9e83090aed32bccc4e',9,83,'2','1','2014-01-01',520123),('6aa1fdedf997423f9701f08314a6e0b1',15,72,'1','1','2014-01-01',520123),('6ab8a17a1a084fd4bd8054b7989f3e50',10,70,'2','1','2014-01-01',520123),('6ac44b9220cc412b9a70d6968c0ff5ce',8,58,'2','3','2014-01-01',520123),('6ad2101416b54c43976e993303eb3353',2,100,'2','1','2014-01-01',520123),('6af6d64f0e744c1db5c17b3fc0888343',12,100,'1','1','2014-01-01',520123),('6b0bd36416314654a8537a38422784b8',5,128,'2','2','2014-01-01',520123),('6b487f5eb08248b08e081177791afe77',6,78,'2','2','2014-01-01',520123),('6b4ca5b4e166475ab747a7d2f5c6d07d',2,177,'2','1','2014-01-01',520123),('6b79656b52d14a7f971059ed94cfe4b0',10,70,'2','1','2014-01-01',520123),('6b9d8a32c01d45be85a5b7ca225b1f29',10,70,'2','1','2014-01-01',520123),('6baeaa5d6053496a88aeac682fe97b7a',13,87,'1','3','2014-01-01',520123),('6bb3dbe8e8cb4d2eb7e728aa4af0b35e',1,78,'2','1','2014-01-01',520123),('6bb8e94551aa45ac9cbea65534ac912c',12,100,'1','1','2014-01-01',520123),('6be6fbf0738946d28ed95672f8cf6cb8',16,75,'1','1','2014-01-01',520123),('6c05d13c916c44768c3e9176ae641fd0',9,177,'2','1','2014-01-01',520123),('6c57e42f8b4d461da18e12f0042ab1bc',19,255,'1','2','2014-01-01',520123),('6c7b2151370a447fb155ae1f9a215534',12,255,'1','1','2014-01-01',520123),('6c82c6b6c8c7442aa89a34a37bf361ec',3,137,'2','1','2014-01-01',520123),('6cd10e43f38045ae82bfb13531877cee',14,215,'1','1','2014-01-01',520123),('6d03d09e453740bb924730abca3aaeda',15,215,'1','1','2014-01-01',520123),('6d05957768ef4465b5de19184debd320',15,215,'1','1','2014-01-01',520123),('6d0b438fe3c0463a92222b1a8992cab1',14,60,'1','1','2014-01-01',520123),('6d49329310ff4b1ebc0f6000691f5cbd',3,137,'2','1','2014-01-01',520123),('6d517509a9e245aa80f0c036f819939e',1,90,'2','1','2014-01-01',520123),('6d62681ea5fe4991a9ae99ef4200d883',11,73,'2','1','2014-01-01',520123),('6d677387692a47c7adbf0a6b70f70d0b',17,72,'1','1','2014-01-01',520123),('6d6b944f923a43d1b3a160439abaf74a',7,75,'2','3','2014-01-01',520123),('6dccc401a3f84e37b2b36a85b05582d3',16,255,'1','1','2014-01-01',520123),('6dd6fdab6c85407c906cadb76b9e9ccd',16,255,'1','1','2014-01-01',520123),('6e25b91856384ca6b6d1388b00e10bc0',18,72,'1','1','2014-01-01',520123),('6e5f9fb10cfe474c816f26acd3aae90d',1,90,'2','1','2014-01-01',520123),('6e6efe1f62e94517b7d0695cdb27a81d',11,73,'2','1','2014-01-01',520123),('6e7815d6c6af4c298b185bf14aca323f',14,60,'1','1','2014-01-01',520123),('6e953a813ced419b871472b0284aadab',15,72,'1','1','2014-01-01',520123),('6ea53e3f611c4d45ae07a9a8e4172fb3',19,255,'1','2','2014-01-01',520123),('6eb506d360514ebfbbc95702d1d376c4',2,100,'2','1','2014-01-01',520123),('6eb580118fa143478cfe9c5f547116a1',14,215,'1','1','2014-01-01',520123),('6ec9fa0e875d4f948ec9597b173e0332',17,215,'1','1','2014-01-01',520123),('6eea50e758c448a8bfafd278f574c733',5,90,'2','2','2014-01-01',520123),('6ef27893de264fd0b87a7a90430d7d42',8,63,'2','3','2014-01-01',520123),('6ef91325b20c41b3a058d08816813fd9',6,78,'2','2','2014-01-01',520123),('6efbf63f33554a01ace458c973922cbf',6,103,'2','2','2014-01-01',520123),('6efdb1da5498479585862a2b41360574',17,215,'1','1','2014-01-01',520123),('6f0bbbd1790d4f8ca49ab86fa704623f',1,78,'2','1','2014-01-01',520123),('6f3303a84f4646d7a804b7874d3e9e3b',18,156,'1','1','2014-01-01',520123),('6f3bd18ab846424186067b3f761550e2',12,100,'1','1','2014-01-01',520123),('6f4052e615e34cba97f6ec3f388a6803',19,92,'1','2','2014-01-01',520123),('6f5cff20b0ff42dba7c1ed03c3a7ad44',9,177,'2','1','2014-01-01',520123),('6f66f380eabd4e13acdd8a250ae4e59e',8,58,'2','3','2014-01-01',520123),('6f9ccda33435432a97b6412967a9de38',7,75,'2','3','2014-01-01',520123),('6fac1d8b563547379c0a2981695fa9f9',13,87,'1','3','2014-01-01',520123),('70653fb21179422d9554d7052acd0578',3,63,'2','1','2014-01-01',520123),('70bd7becf8b14590b6e4c061325adb7c',14,215,'1','1','2014-01-01',520123),('70c108b526134c589e11b11bba42041a',10,70,'2','1','2014-01-01',520123),('70ce8397bfb5451faa4daf8243ce1239',7,113,'2','3','2014-01-01',520123),('70d38a7b67af4ea9a90cf140d6317dec',17,72,'1','1','2014-01-01',520123),('70f435013f8248d48d27d9d56a9adc2d',15,215,'1','1','2014-01-01',520123),('70fcbe33b45a432bb8cd185f4ecd2744',10,70,'2','1','2014-01-01',520123),('7100ae29cf344339836a3f708ef81668',6,78,'2','2','2014-01-01',520123),('710caf68c4754ed3a2ed4563c1b9ccd5',5,90,'2','2','2014-01-01',520123),('7127f81c577b4e148d89cdeb16905fce',17,215,'1','1','2014-01-01',520123),('712ad27348044a40b508c43a95c44daa',12,100,'1','1','2014-01-01',520123),('7144793077e247bc8c4f993c6660a928',2,100,'2','1','2014-01-01',520123),('71582d9c60844935b21a1e290e275372',12,100,'1','1','2014-01-01',520123),('715f9d0f63a54282b7b54f267eb01d73',19,92,'1','2','2014-01-01',520123),('7170b1691d0f4de4a017b357c5582553',8,58,'2','3','2014-01-01',520123),('7185562f47614f61bf1dda978a57aa81',14,57,'1','1','2014-01-01',522229),('718c1effb7164fcc9801d6327f401fa1',2,100,'2','1','2014-01-01',520123),('71b2d0960a794f5aa8dec0ca96b0ff15',15,72,'1','1','2014-01-01',520123),('720292e4322242d5b307c47c094242af',9,83,'2','1','2014-01-01',520123),('720b0429aade479db87368d2c8c05695',8,63,'2','3','2014-01-01',520123),('721102056f5e4b8cb38e6c8b8ed24a00',2,177,'2','1','2014-01-01',520123),('72699cea37f44678a316ac8363228626',4,108,'2','1','2014-01-01',520123),('726bb455a13b4b2697dbb869e6856df5',14,60,'1','1','2014-01-01',520123),('7271e0b55ee44b88a00ef54bb2920491',7,113,'2','3','2014-01-01',520123),('72a272faf2ba4063b7b1d22dffbf0c50',18,72,'1','1','2014-01-01',520123),('72a498df273b48188f8a91268d3a89c6',15,215,'1','1','2014-01-01',520123),('72ae2c3bedb64649a3c2f9ea287697ba',5,90,'2','2','2014-01-01',520123),('72bdb7e7b12b4503b1670db1d23b6ccf',16,255,'1','1','2014-01-01',520123),('72dc96881c764983b99cfc78727a8d46',19,92,'1','2','2014-01-01',520123),('72f0e0adcb734b94a802ccd94a2f0d94',15,72,'1','1','2014-01-01',520123),('72fcee0ab6c54a4c9c14cce3ec7ec896',11,73,'2','1','2014-01-01',520123),('735fe0bf03544800acfcad876cddc109',1,90,'2','1','2014-01-01',520123),('73bba44b0e4c4c1b830630f85161a20a',9,177,'2','1','2014-01-01',520123),('73efe58c021a407ca7d517cc1a2d2805',9,177,'2','1','2014-01-01',520123),('73f30d385ba14641aa4e1a77bdfc465d',13,75,'1','3','2014-01-01',520123),('74286bc0bb7b4a84ac026b572c104cec',11,73,'2','1','2014-01-01',520123),('7451996ed3da43f6a788123caef8444e',7,75,'2','3','2014-01-01',520123),('745d2f0e1a3a4b32abe9d5ea0a9a60b4',1,78,'2','1','2014-01-01',520123),('74676376ec4d49efa9df933d4aa879b0',10,55,'2','1','2014-01-01',520123),('7478cd0f670a4229b34ad39e0fc860bb',18,156,'1','1','2014-01-01',520123),('74a0c8d616734941a1853dc4f3206c65',9,83,'2','1','2014-01-01',520123),('74ad752f3e294373a44b783dacaa1489',19,255,'1','2','2014-01-01',520123),('74cd74fb546144cca0c342fca7776e72',16,75,'1','1','2014-01-01',520123),('74efd811f24d4e9da60c87c05f9a50f6',16,75,'1','1','2014-01-01',520123),('750bb9d517fe4dbeb10de3dc8f76b6c8',8,63,'2','3','2014-01-01',520123),('75459ae5f8004de8a2069d225e7c2a55',17,72,'1','1','2014-01-01',520123),('75856d7bea504884b064c18f6d6d7c4e',6,78,'2','2','2014-01-01',520123),('7590995e6d0c4c8a84eba574b303c5ac',1,78,'2','1','2014-01-01',520123),('75989ec46d0842d0a79f0bfa5b0b4cf1',15,72,'1','1','2014-01-01',520123),('75c350a8568e4c86afddd2bb165ff09c',11,128,'2','1','2014-01-01',520123),('75ca0dc6b852476db8129468d2a18d1a',7,75,'2','3','2014-01-01',520123),('75cc1dc31de5410385e501408e085c65',17,72,'1','1','2014-01-01',520123),('75e790f885684b85bab066b93e2d3fb9',12,255,'1','1','2014-01-01',520123),('75ed3fb7a4474f289c9d3b31db321f51',5,90,'2','2','2014-01-01',520123),('75f8076fef44482a99bd7cfdd9220ce4',12,100,'1','1','2014-01-01',520123),('7615a5a06d3a4927a29078e9fb895b8e',19,92,'1','2','2014-01-01',520123),('761752791e2141e5818eb225605d6ea9',10,70,'2','1','2014-01-01',520123),('7621bc63ca72401fa7e2c692dc1d1da3',17,215,'1','1','2014-01-01',520123),('76424142d0c44248ba07c3c69c8e4cfd',11,73,'2','1','2014-01-01',520123),('764a93fdeba94ed8891ce6a3b76cdb0b',8,58,'2','3','2014-01-01',520123),('76613855428d4f07a94cc334ceaaa1d2',14,215,'1','1','2014-01-01',520123),('767553a3455b43028c49058652f7cbf3',5,90,'2','2','2014-01-01',520123),('768fcc7bbaab44d09f4e4ab81218b57a',2,100,'2','1','2014-01-01',520123),('76946ec2c7cc4b1facfeb56db46dea78',3,63,'2','1','2014-01-01',520123),('769ae55437a5444eb47e66d38f2f431a',19,92,'1','2','2014-01-01',520123),('76c91a153aca41099da6790b32cfe773',17,72,'1','1','2014-01-01',520123),('76ea8162e523480097bc54b3702cf89d',5,128,'2','2','2014-01-01',520123),('76ea88d9e7e949ae93eeeea0dd8b2c0f',12,100,'1','1','2014-01-01',520123),('7702bdb061fb434aa1e2365c959fbf16',13,126,'1','3','2014-01-01',520123),('770af771c848406e9e1b8e6c200c385f',10,70,'2','1','2014-01-01',520123),('770df319bac54e5ea1b85005b1e8f4f6',10,70,'2','1','2014-01-01',520123),('7728d4359c5049fa84546a805e97eb9e',17,72,'1','1','2014-01-01',520123),('77315cc4d30e469f86da6d8d538658d4',8,58,'2','3','2014-01-01',520123),('7757fe094e9a4be28a49a7ef21d8e0f4',4,108,'2','1','2014-01-01',520123),('7758111f14cb44d0a358fd87104e0576',7,75,'2','3','2014-01-01',520123),('77a0b5b1399d4204a6254a79fea442a6',18,72,'1','1','2014-01-01',520123),('77bd48a523594d6bb5e660487744f8e7',16,255,'1','1','2014-01-01',520123),('77eba45fca504f79a1bad79089ff9021',6,103,'2','2','2014-01-01',520123),('7802604dd6754ec9b5a6080fefe2e3b6',15,72,'1','1','2014-01-01',520123),('7802f74418124fbbb302d7a745804cf6',2,100,'2','1','2014-01-01',520123),('78065c2143f24e27a86f62a9497f4d0f',12,100,'1','1','2014-01-01',520123),('781aa01cd6f44d96b5593129ef13a357',14,215,'1','1','2014-01-01',520123),('7829bf1cc5f54b1a827b985c8db695e8',16,75,'1','1','2014-01-01',520123),('7843c53b8edf4177833e2e6258b76282',1,90,'2','1','2014-01-01',520123),('786ab8df81e2424a8c7410399ffd3cea',18,72,'1','1','2014-01-01',520123),('786e74b2af7f480e884166989d89ef8d',9,83,'2','1','2014-01-01',520123),('787a001746f84b3f94b05fcf7be57654',7,75,'2','3','2014-01-01',520123),('787c50e9202a460ba20548c26cbaba70',8,58,'2','3','2014-01-01',520123),('788339c5388e4223a34ff5f87b6cf80d',8,58,'2','3','2014-01-01',520123),('78883e4a26e54e30a765ccef195bc19d',10,70,'2','1','2014-01-01',520123),('788dfcd48e684aaa8ee1879d783025ee',4,76,'2','1','2014-01-01',520123),('78bd2e7c72b54c7aa782a7c559bd4016',17,72,'1','1','2014-01-01',520123),('78c2d07f4fd04ae1a4471ca6c5501716',15,72,'1','1','2014-01-01',520123),('78e027ac73064d00a66d0b5ec753d046',14,60,'1','1','2014-01-01',520123),('790369f4774f45c3855848ad5a0665c7',19,92,'1','2','2014-01-01',520123),('79039f0c6fbe4e09bd217f0cbe21e543',3,63,'2','1','2014-01-01',520123),('792eb134c0934cb0a8957b5ef065b668',12,255,'1','1','2014-01-01',520123),('7954196d80fa44d0b4d9b58cf6526bda',8,58,'2','3','2014-01-01',520123),('795827db4b8d4da7b22a52cc1f939345',14,215,'1','1','2014-01-01',520123),('7976360171a5402bb0071cc5b3153a1f',3,137,'2','1','2014-01-01',520123),('79a70d41284c41c3860566df1a072c97',1,78,'2','1','2014-01-01',520123),('79ab6881481743bd8ea7574ffae67b7b',1,90,'2','1','2014-01-01',520123),('79ad4b5999104534b6d79ce08246af61',1,78,'2','1','2014-01-01',520123),('79bbe2de2ee24e23ab87321b6e23b840',9,83,'2','1','2014-01-01',520123),('79d9fabf96a5426d9c056246ebe9af45',11,73,'2','1','2014-01-01',520123),('79df11829d3247b1b2e455fc83f80265',19,92,'1','2','2014-01-01',520123),('79fb5a0b845b4f5d935d70cc8751e31b',3,63,'2','1','2014-01-01',520123),('7a4942f16edf42cebbfa0bd5591bf9bd',12,82,'1','1','2014-01-01',522229),('7a4c5196d8ad423eb3c9c4c0177c913d',4,108,'2','1','2014-01-01',520123),('7a645b3a1e2541e0b9d9609a74a68811',6,78,'2','2','2014-01-01',520123),('7a8cb4faa73e4b0eb6ada4ba5bd5e309',9,83,'2','1','2014-01-01',520123),('7a8ce180a73b47439cf0fac718af04de',8,58,'2','3','2014-01-01',520123),('7a973bc029d542f8a4e6dbdfa692faf1',4,76,'2','1','2014-01-01',520123),('7ac7b96e32ef45d8aa493d1e50193e29',2,177,'2','1','2014-01-01',520123),('7aca092ef2f74c59aa9b3d259123ee26',5,90,'2','2','2014-01-01',520123),('7b8baa1dba0d4d0980b4e9a6303ad9bc',12,100,'1','1','2014-01-01',520123),('7bb599307b554f08afd35ceca0d45601',3,137,'2','1','2014-01-01',520123),('7bb69c00cf7949c380516b49c5f3bf0f',7,113,'2','3','2014-01-01',520123),('7bc6746a54354f2d9d98f17885ba7431',6,78,'2','2','2014-01-01',520123),('7bdd1f3a321541fa9c2dc46b193205e8',11,73,'2','1','2014-01-01',520123),('7c1977ffecb448ddaab62f60e3a7736d',12,100,'1','1','2014-01-01',520123),('7c25e6c9865c44199e3aa657df0ff3c0',1,78,'2','1','2014-01-01',520123),('7c304a1b6ec4493cbe501e0bdf74a20d',5,128,'2','2','2014-01-01',520123),('7c34734eb4514b5db81273c3e33a30c8',6,67,'2','2','2014-01-01',520123),('7c39681386ef4263a7dbcbc68319f8c7',4,76,'2','1','2014-01-01',520123),('7c585ebfc4384bc690eb6bb95e02eb07',9,83,'2','1','2014-01-01',520123),('7c680054a4d94a83a3d9203d04266cc4',8,58,'2','3','2014-01-01',520123),('7c6f394edddb476a8ce201e369dfe475',15,72,'1','1','2014-01-01',520123),('7c7aed5d27df48348d850a91b1961166',11,128,'2','1','2014-01-01',520123),('7cc1d17a7fa042dab907baa0adf4421f',2,100,'2','1','2014-01-01',520123),('7ccf2838e9fd416e81a64879ce443eae',13,126,'1','3','2014-01-01',520123),('7cef4d967eab452bb8f39baf8c2ca91c',10,70,'2','1','2014-01-01',520123),('7d2628450d83441f880082f1440d7f00',11,73,'2','1','2014-01-01',520123),('7d3333f7fa0145ffa199c2a368293d17',12,100,'1','1','2014-01-01',520123),('7d8a4bb8fb884086a04aedbf6656e1a3',2,100,'2','1','2014-01-01',520123),('7d8af073f0744a83b68d8b8efe45caeb',1,90,'2','1','2014-01-01',520123),('7dd83c96697248219aebfbcde8d0ba99',8,58,'2','3','2014-01-01',520123),('7df3a0913cc64dffbd1c434909a75df8',12,100,'1','1','2014-01-01',520123),('7e6375f2b37f453fba9a2b6eafea4765',12,255,'1','1','2014-01-01',520123),('7e71f91660c94365a53600190991d12f',10,70,'2','1','2014-01-01',520123),('7e791471398e4541adf06c53c3fb2f5e',6,78,'2','2','2014-01-01',520123),('7e7c8bef83624bf7b4e37d124b7d6b21',16,75,'1','1','2014-01-01',520123),('7e9a5294512844e097e36e4b731a979c',12,100,'1','1','2014-01-01',520123),('7ec2c79eadf549da9cbda8e706c5f2d6',5,90,'2','2','2014-01-01',520123),('7edc6fe3d64c463687f7303134bed70d',18,72,'1','1','2014-01-01',520123),('7f00eec7c0b1426385054e0238cda7e7',1,78,'2','1','2014-01-01',520123),('7f0fc2aadd204d8f8e26e56d74b32df0',15,72,'1','1','2014-01-01',520123),('7f1ace90ab0e4be4bce0dcf04563b524',6,78,'2','2','2014-01-01',520123),('7f1db4f8624b4c648ebfb3afe04dd08d',13,126,'1','3','2014-01-01',520123),('7f280dff45104e2d8508c47d91910c97',12,100,'1','1','2014-01-01',520123),('7f442ae157fc45118fad0e9d8f8dcfd5',2,177,'2','1','2014-01-01',520123),('7f467906b9f642b696bd39bdcbc49454',9,177,'2','1','2014-01-01',520123),('7f617d57720249e0bc700d63988e2a09',7,75,'2','3','2014-01-01',520123),('7f7cbf68944b4914bb5e91fa751ed3a0',3,63,'2','1','2014-01-01',520123),('7f7f53679a76428b809f1ace1220f1a0',4,76,'2','1','2014-01-01',520123),('7f847338c07e4daab71dd51d878e9def',18,72,'1','1','2014-01-01',520123),('7f9ad306141e4d1bb00e41c44fbd4043',5,90,'2','2','2014-01-01',520123),('7fc1a6d6ba114cf8b76247399da68ecd',9,83,'2','1','2014-01-01',520123),('7ffa8e33abf34b15b8f493a06e23d9cd',1,90,'2','1','2014-01-01',520123),('8004037335e1412989614cb914a7ece0',4,76,'2','1','2014-01-01',520123),('80072b34629640d2a7a53c6284c661f6',18,72,'1','1','2014-01-01',520123),('800b4b9aa1e241418d43011fc9a57c21',3,63,'2','1','2014-01-01',520123),('802c7f63af454317846643d89e62bfdb',1,78,'2','1','2014-01-01',520123),('804f30c5a4d041b891f4497ae7068bd2',10,132,'2','1','2014-01-01',520123),('8065c70d2b124ffdbe63430bfb0bc521',3,137,'2','1','2014-01-01',520123),('806d648cec724d7aa83b3d15e79908e8',9,177,'2','1','2014-01-01',520123),('8082ae3e030d404b88a17b9f30561aba',4,76,'2','1','2014-01-01',520123),('80ac0bbdbe794f85b921f8cf3008b7c8',10,132,'2','1','2014-01-01',520123),('80b953732d224e5184a7144b6a37e93a',10,70,'2','1','2014-01-01',520123),('80caf2c646cc4273b62d07d4212c5b10',17,72,'1','1','2014-01-01',520123),('80cb08c118ec4dd0b7f9fb2f6f8418f0',18,72,'1','1','2014-01-01',520123),('81003093bdec4e4d80558d2cc314251a',7,75,'2','3','2014-01-01',520123),('8109d3dd891741dca49024a8a728d331',17,215,'1','1','2014-01-01',520123),('8122cde2dfca44fe8df236c97790458a',7,75,'2','3','2014-01-01',520123),('8150223984304bf3a33486255f058a5a',5,128,'2','2','2014-01-01',520123),('815426e5501847a2854523ca924cd203',14,215,'1','1','2014-01-01',520123),('8155d4f5551b4215a93e0d46aa7bafc5',4,76,'2','1','2014-01-01',520123),('81a4991673834cd2a77923262a473f8c',18,156,'1','1','2014-01-01',520123),('81a740a47dbc4791a97ffa3906fe03ca',15,215,'1','1','2014-01-01',520123),('81b0afdf934f4dc49001cfe64f4163d8',13,126,'1','3','2014-01-01',520123),('81e1b543a0024a7e99db144789535ea3',1,90,'2','1','2014-01-01',520123),('81f66e84e99b41a0b5cddd407a49e3e0',9,83,'2','1','2014-01-01',520123),('821eed27c0c945b7a9cb3fbb27a70f8e',12,100,'1','1','2014-01-01',520123),('822534a1fd2e4891b25141e635b31107',16,75,'1','1','2014-01-01',520123),('826aa3f22bc942cdb4ff5cbd014adf63',16,75,'1','1','2014-01-01',520123),('8275073d079b469fa258f375316a4b28',12,255,'1','1','2014-01-01',520123),('8294ff9ce011467688feb471cb3a522b',9,83,'2','1','2014-01-01',520123),('82acc8acef5d4b2585c4a070d9b5821b',8,58,'2','3','2014-01-01',520123),('82cfabddfa0348108608d2a2be8605c2',13,126,'1','3','2014-01-01',520123),('82f93d73163e433d90f64a15af696319',6,103,'2','2','2014-01-01',520123),('82fb06821913438e8e9eabdb55dd6dcf',8,58,'2','3','2014-01-01',520123),('832667de7b7e4531b96fb2a9c920a2f0',16,75,'1','1','2014-01-01',520123),('83a12e53bdb34b6090970274984caff3',19,92,'1','2','2014-01-01',520123),('83b0af337b764a05b92412b1e860eae9',8,58,'2','3','2014-01-01',520123),('83ba4aebfb0543beb5b1a8474f64eefa',9,83,'2','1','2014-01-01',520123),('83c433e21cdb451f8b3a84130800d08c',15,215,'1','1','2014-01-01',520123),('83ca1f6f9f784675a5591062f062cdbc',16,75,'1','1','2014-01-01',520123),('83cbf2cd1b2e49f9b646f65463e2eff8',15,72,'1','1','2014-01-01',520123),('83ce6ea459de49958ef54753bb8ed4a8',3,63,'2','1','2014-01-01',520123),('83cfdbc7faf0401893a0126720ecefa2',3,137,'2','1','2014-01-01',520123),('83d116aba02343588afb82736a797d10',11,128,'2','1','2014-01-01',520123),('83d32c260a30470fa92abe09c553561e',18,156,'1','1','2014-01-01',520123),('8414f026495345299df4bc72ebab79fd',16,75,'1','1','2014-01-01',520123),('844ac5f42a7549448f2d34f919d54482',13,126,'1','3','2014-01-01',520123),('845d683d0e964916b6e0e15d1c568076',2,100,'2','1','2014-01-01',520123),('846cea6c7ac34e05854a4bb960df34f5',4,108,'2','1','2014-01-01',520123),('846e4580746e406b96f627f063be4a6e',2,100,'2','1','2014-01-01',520123),('8481a8a376b34beb971f194c2d5c0366',17,215,'1','1','2014-01-01',520123),('849097adc5d54e929a3d2cfb24282740',3,63,'2','1','2014-01-01',520123),('84be0fb5a23847b580a3395cc1a4b291',11,73,'2','1','2014-01-01',520123),('84c35c8259c94a59baa207a7528891fa',12,100,'1','1','2014-01-01',520123),('84e6e4c4694e451d9a66a03258ef87ca',19,255,'1','2','2014-01-01',520123),('852a4ca148ed41d78e99296504f0f745',19,100,'1','2','2014-01-01',520123),('853cd57334894163aa5dc5667e2d51ef',14,60,'1','1','2014-01-01',520123),('854ff52fe4b249778b7cb4d38003524f',10,70,'2','1','2014-01-01',520123),('8552d4faa4ef4535a6bc18279c1221b6',9,83,'2','1','2014-01-01',520123),('8558be316a6b4c319b3fdc1e873bab75',16,75,'1','1','2014-01-01',520123),('856734e0511c45febfdd04e6e88b8b13',6,103,'2','2','2014-01-01',520123),('85678c6b4e03435685ac896866b08177',14,215,'1','1','2014-01-01',520123),('8584373c896f44549f3ba2a514c8a6b0',2,100,'2','1','2014-01-01',520123),('8597adfbaa094335b77f6e365342a65f',10,132,'2','1','2014-01-01',520123),('8599c8c926dc4326ae9574fae04e993e',15,72,'1','1','2014-01-01',520123),('85ab38dffa60473786c8ccd85b420512',12,255,'1','1','2014-01-01',520123),('85b0cb26ea4e430d8d99f56d4c90d6a5',8,63,'2','3','2014-01-01',520123),('85c3a2e3b1134b3dbb62075c32f4221b',6,78,'2','2','2014-01-01',520123),('85d35234ef0c446f922f105f78ff67ed',5,73,'2','2','2014-01-01',522229),('85eeab07b7044296b04d910bad3930d1',4,76,'2','1','2014-01-01',520123),('85fcd632447d4b06a102f0372d209b48',2,177,'2','1','2014-01-01',520123),('862907f1ec4644908fe2ec539bc1d09c',11,73,'2','1','2014-01-01',520123),('862d43a739e041a6837cae7ae82f61df',9,83,'2','1','2014-01-01',520123),('865a3c7eb3f7495ba36dee022619a16f',19,255,'1','2','2014-01-01',520123),('866977df4bfe43ed841a07c0e4357c13',2,177,'2','1','2014-01-01',520123),('867fcb76a3f34ca8b75ef16b4d93d45a',14,60,'1','1','2014-01-01',520123),('86a5a8ae2f404481960a3c09ed617e25',18,72,'1','1','2014-01-01',520123),('86bb8455bd5744b485826d0b990707f4',13,87,'1','3','2014-01-01',520123),('86c5cf6f72ea4e84ac2b760d2c2bd6f3',18,72,'1','1','2014-01-01',520123),('86c606fdab994b3b930d8dcd052bf3fa',3,63,'2','1','2014-01-01',520123),('86d783a5323c42bd9d82190fbf6d97ee',11,73,'2','1','2014-01-01',520123),('870f950a3e3146799791d1c1f1e9feab',5,90,'2','2','2014-01-01',520123),('8710525f962f45b6ac4688c3af19f165',15,72,'1','1','2014-01-01',520123),('872f925b33f54fc2b3ecbdcc40da4d25',3,137,'2','1','2014-01-01',520123),('873a22b7508e4863a3a5adfb6b0633e5',15,72,'1','1','2014-01-01',520123),('873c764e2420409fbb24b8aa7afa1eae',13,126,'1','3','2014-01-01',520123),('8791c6b7d4a448bb9d021003404a0a8b',17,72,'1','1','2014-01-01',520123),('87d4a76722b243b99baf9fcbe18ab3db',15,72,'1','1','2014-01-01',520123),('88358768077447e785107df0e45fdd6c',5,128,'2','2','2014-01-01',520123),('8846dd7ecbb8414e8714f55e66021014',13,87,'1','3','2014-01-01',520123),('8861ad4208e94ad7ab552c225bbf229a',1,78,'2','1','2014-01-01',520123),('8866d56414f847e9aa6575eca859aa60',6,78,'2','2','2014-01-01',520123),('8884a725cb34495fbc04a2482b95f3db',2,177,'2','1','2014-01-01',520123),('889676d797cb4676934c8555f519e69c',15,215,'1','1','2014-01-01',520123),('889b227b14ef4112a690aa438c0fa2fa',6,103,'2','2','2014-01-01',520123),('889fc74771af4b5793fc13e2385bc592',2,100,'2','1','2014-01-01',520123),('88e2a7ebac6d40e48133da7c25ba11c9',5,90,'2','2','2014-01-01',520123),('89052f6b64534656a7de9ffd8332826b',2,100,'2','1','2014-01-01',520123),('89091ccee61941bfb191e2482261ae71',2,177,'2','1','2014-01-01',520123),('8914eb3561794607bfc734b3d6c2ab67',12,255,'1','1','2014-01-01',520123),('89299739cbf349d7941b077f9fa9e903',12,255,'1','1','2014-01-01',520123),('892f4bd4d59546a794cea62b7de294a2',7,113,'2','3','2014-01-01',520123),('8938569e17974f9fa60f00c8b92c313a',19,255,'1','2','2014-01-01',520123),('89430b3ab5fe451f8afe80304cd2e85c',6,78,'2','2','2014-01-01',520123),('89becd79ea35453d9222aa688af46fc7',12,100,'1','1','2014-01-01',520123),('89d6a4ecd77049109c09ded48ceee1bd',13,126,'1','3','2014-01-01',520123),('89dbb9e3875d4f2382d9ef8500a6d3a2',11,128,'2','1','2014-01-01',520123),('89eca6c33c44430b8aee94c157a7f51a',6,78,'2','2','2014-01-01',520123),('89fbfc4c4dab477793679058fd0c897b',16,75,'1','1','2014-01-01',520123),('8a36e7018af04436a3b9847a17901794',3,63,'2','1','2014-01-01',520123),('8a5d8042e6474be1a7a10957621ee3d0',9,177,'2','1','2014-01-01',520123),('8a6a03cb908d4effb3e62424b3d7958f',4,76,'2','1','2014-01-01',520123),('8a793891bee143b2b42f446c3df9a04f',19,100,'1','2','2014-01-01',520123),('8aaadca1541e42ee9cc2ece03da7ed25',7,75,'2','3','2014-01-01',520123),('8ab6f32f1af949119dd9f5727c469041',1,78,'2','1','2014-01-01',520123),('8ab745d077b64c218bd59f34fa17996c',9,83,'2','1','2014-01-01',520123),('8abb0f70e96d4dc2928432c3f21da144',14,60,'1','1','2014-01-01',520123),('8aead211bdc643a8a9ab1b8f25517891',7,75,'2','3','2014-01-01',520123),('8aefddd0001e4af6aff9129eb2983a5d',10,85,'2','1','2014-01-01',522229),('8af9a584e061463daff25cbc8da115a5',8,63,'2','3','2014-01-01',520123),('8b07ea72b4de465592388533c4155805',11,73,'2','1','2014-01-01',520123),('8b516c7d7bde46f0a348cf9701373895',10,132,'2','1','2014-01-01',520123),('8b65e5aabc6c45a88b146e968f39a946',6,103,'2','2','2014-01-01',520123),('8b78c60440364dc893bed748de97a92a',3,137,'2','1','2014-01-01',520123),('8b9b1e427b9a460db6cd787a7b0a671c',12,255,'1','1','2014-01-01',520123),('8bacd53980764a34a6b01d2a23185078',1,78,'2','1','2014-01-01',520123),('8bdbb12f9e6b4463a18fcef26dcce9d2',19,92,'1','2','2014-01-01',520123),('8bedeff1af964efcbb3ae18329bd00c6',7,113,'2','3','2014-01-01',520123),('8c02a219c7334839b70fd77c810e354b',7,87,'2','3','2014-01-01',520123),('8c21cbf9f7a24031a9cc3870fbe3b74c',7,113,'2','3','2014-01-01',520123),('8c2686d4f4e64dd3afad6cc920075639',2,100,'2','1','2014-01-01',520123),('8c2c70dfb002499f8534788163bff56c',3,137,'2','1','2014-01-01',520123),('8c318dbe9bad43b89107ad6392a7b696',6,78,'2','2','2014-01-01',520123),('8c5790f5bdc04f9d83af5aa498398db2',10,70,'2','1','2014-01-01',520123),('8c64f5a3078f4dda80d78bb2459d515c',7,75,'2','3','2014-01-01',520123),('8c8b8e74035e4288a71ad8d8885d0ea9',18,72,'1','1','2014-01-01',520123),('8cca198c9273414296d81cb9bbdb1686',6,103,'2','2','2014-01-01',520123),('8cd41ed1f60c424baef152c7d73ea8b1',6,78,'2','2','2014-01-01',520123),('8cdceb78f8cc400889d32244043998d5',2,100,'2','1','2014-01-01',520123),('8ce066f39ea2434190ba6b57d2d3d129',15,72,'1','1','2014-01-01',520123),('8ceeed347ed247e899b34e964dc0bcc3',16,75,'1','1','2014-01-01',520123),('8d08cbfc9e5e42dca5ada5d6d1b9b1b1',14,60,'1','1','2014-01-01',520123),('8d55dcf969ac4aecb5f5e416eeeb5c42',10,70,'2','1','2014-01-01',520123),('8d8591270b1d4ce98f07dd6413f37e56',17,215,'1','1','2014-01-01',520123),('8d859f78aac04c9ea45499ced6e582a7',3,137,'2','1','2014-01-01',520123),('8d9914c4ed1e4f4e9b02bd74db040a7d',16,75,'1','1','2014-01-01',520123),('8d994073e7cd47cfa798447425100cd9',17,72,'1','1','2014-01-01',520123),('8dfeb04b7c1d46e48c260d91624fec86',4,76,'2','1','2014-01-01',520123),('8e0bda83888f4daab2cf002a022a5513',5,92,'2','2','2014-01-01',520123),('8e18d4f2747d499fad8f96db510eabbe',7,75,'2','3','2014-01-01',520123),('8e2cf7d05f934b2aa8bc36ebbceade38',14,60,'1','1','2014-01-01',520123),('8e412d911d8e464d83f5620305074002',12,255,'1','1','2014-01-01',520123),('8e57c09bedfd4bd594e8642c975850d0',11,128,'2','1','2014-01-01',520123),('8e57d279c790484c8a69a5e13a127de2',12,100,'1','1','2014-01-01',520123),('8e66eca977394b1a92e0ca28d520d807',5,90,'2','2','2014-01-01',520123),('8e7e13069bf743aeaeca8abf84022f38',19,255,'1','2','2014-01-01',520123),('8ee3709193fa4f0a9808afdaa2484884',3,137,'2','1','2014-01-01',520123),('8f63518878154ab98909933b4108866a',3,63,'2','1','2014-01-01',520123),('8f651455388444c09c7970cac3c1e541',18,72,'1','1','2014-01-01',520123),('8f864caa6bb3441fabdd76198920a3e5',10,70,'2','1','2014-01-01',520123),('8f9e6162bdc9451ca580e8b7eeaa93a5',8,58,'2','3','2014-01-01',520123),('8fa90d3a99004a85b6d6db20c84709ef',15,215,'1','1','2014-01-01',520123),('8fb7426dd43b40bd8ebd742bfebb9eaa',12,255,'1','1','2014-01-01',520123),('8fc7ee9f964a4ee489ad825df8dc380e',15,215,'1','1','2014-01-01',520123),('8fde20ecaf5f41f69f25af91a943aa11',1,78,'2','1','2014-01-01',520123),('8fe2e0d254dd4c779c1e581c1b215fff',4,108,'2','1','2014-01-01',520123),('90625f5000bc462ea4c658f1ce0ed8e8',13,87,'1','3','2014-01-01',520123),('90758b7237c947a8a915a5228f3a3762',15,72,'1','1','2014-01-01',520123),('90783b75ea044951a8dc74eaa1a5adf1',19,92,'1','2','2014-01-01',520123),('9079efcb7d2b49f4b8b87239d8ea79e1',16,255,'1','1','2014-01-01',520123),('907b0e6f687b4a1d946c2368178d0350',9,177,'2','1','2014-01-01',520123),('9087f21c6e2848ef9148c66adafe2c80',5,90,'2','2','2014-01-01',520123),('90996053cc174e468d2bfb9fec58731c',18,72,'1','1','2014-01-01',520123),('90a8a567e3674166bfbd585f70a36a95',17,215,'1','1','2014-01-01',520123),('90d698d62b3a410c8f958895f1f2c9d2',5,90,'2','2','2014-01-01',520123),('90ec6440ebf14d71ab67b89a1284c586',14,60,'1','1','2014-01-01',520123),('911815582bc44a64ab5ff3b1c31db7a2',9,83,'2','1','2014-01-01',520123),('911bfa06c8ee44c4aef2f37a6a5fd254',7,75,'2','3','2014-01-01',520123),('911d2a3b0fad4485845e8478e85352ff',2,100,'2','1','2014-01-01',520123),('913c73a99d02429d849b28c7c06e80dc',11,128,'2','1','2014-01-01',520123),('915157024e1647b0abe43d8eb6e73fd1',17,215,'1','1','2014-01-01',520123),('916032f386b14b18aef32668cf383a21',4,76,'2','1','2014-01-01',520123),('91b8abb0b6eb47bdad07bfcca182a300',6,78,'2','2','2014-01-01',520123),('91c6daa260d14f5ebdc2e37408ddefea',13,87,'1','3','2014-01-01',520123),('91d061b8571e4bd1b32722a1d9cc8d39',8,79,'2','3','2014-01-01',522229),('91df52e73bf24da0a1296d3290d57f54',17,72,'1','1','2014-01-01',520123),('91edc99d02b249b5933c48973a0b09dd',6,78,'2','2','2014-01-01',520123),('91f4b571b7c24f798512624c90077809',1,78,'2','1','2014-01-01',520123),('920cf5ce6a674c10b7cdc1a1e90efcbf',13,126,'1','3','2014-01-01',520123),('921a74f1c9ef4d9abb7e0e88156ab270',13,75,'1','3','2014-01-01',520123),('925da0674091476283cde3cec835dc90',11,128,'2','1','2014-01-01',520123),('926e3286d25749e68c5731390500ec01',10,132,'2','1','2014-01-01',520123),('92754fd50c6a48808e0db954e050c1e9',14,60,'1','1','2014-01-01',520123),('92a0a32be00f4a8d914a57d640a48606',12,100,'1','1','2014-01-01',520123),('92c3a241a8ed4842b295e45e459c5e58',16,75,'1','1','2014-01-01',520123),('92c6f27152cf42279e897bdaa485d2b3',6,78,'2','2','2014-01-01',520123),('92d5f04da552406c81a48b0aa1a21eaf',4,76,'2','1','2014-01-01',520123),('92ffb29cc7944db5b3054ec20336ab08',6,78,'2','2','2014-01-01',520123),('930cdc75aa804dcbb522cd3265283928',13,87,'1','3','2014-01-01',520123),('9311cebf2350485daeaa49fb7de9cce4',16,75,'1','1','2014-01-01',520123),('932c631b417e482e9eca54f673717da9',15,215,'1','1','2014-01-01',520123),('934936386ecc4d08937f6f1eaff221ef',10,70,'2','1','2014-01-01',520123),('9349cee7962c445e8e8d6a3a2fd10986',17,72,'1','1','2014-01-01',520123),('93746c7c25c64a2582b43646e56dcd33',18,72,'1','1','2014-01-01',520123),('939b73281378417f89f6a6645c7e25de',8,63,'2','3','2014-01-01',520123),('93b66458ce8743468881d9c7f58a07b4',9,83,'2','1','2014-01-01',520123),('93c2d7bf805f4445b5a02e15fc5bec8a',1,92,'2','1','2014-01-01',522229),('93c59540b82840e2b2cc0c83e706e822',19,92,'1','2','2014-01-01',520123),('93cfc86ab0bc4008828dbfe709356b3f',1,78,'2','1','2014-01-01',520123),('93e8bac3c37c419a939a24d27a63a45b',1,90,'2','1','2014-01-01',520123),('93eb2297e13b483090725c9908f93170',12,100,'1','1','2014-01-01',520123),('9400f726a61049c0a55a83e922f8eec3',12,100,'1','1','2014-01-01',520123),('94138dc4b56c463384ada2e8734995f3',4,76,'2','1','2014-01-01',520123),('9416ae6c96d545f4a2435d3a9e6dfd16',10,70,'2','1','2014-01-01',520123),('941cfbd0a95741a2b32fa842af9783dd',14,60,'1','1','2014-01-01',520123),('9467d5ca91f74fdfa162482aafde284a',9,177,'2','1','2014-01-01',520123),('948f6ec939cf4957913f1e8c642e1206',9,83,'2','1','2014-01-01',520123),('94b6ecd72702401593ce59cfac613b9f',12,100,'1','1','2014-01-01',520123),('94e9de95bf6c420cb9ec3ebdc9fe3015',8,58,'2','3','2014-01-01',520123),('94f41db69fa54fee8faed50dcaa540a2',17,72,'1','1','2014-01-01',520123),('951f87b7e6ba4521b1e6ea733951ee2a',2,100,'2','1','2014-01-01',520123),('955b9deda4a243e4bf1453a1cf819ac0',2,177,'2','1','2014-01-01',520123),('961aba1e97404e5abf838b69fe2c87f9',4,76,'2','1','2014-01-01',520123),('963aea9da6194e55a5a08e5ab597321c',3,63,'2','1','2014-01-01',520123),('964da179b1994ee7a230e8d4f7f82d59',10,70,'2','1','2014-01-01',520123),('9657f1ea60c94c509272fe862f18d2db',10,70,'2','1','2014-01-01',520123),('9669ab821deb4f96bf0fae619c1b6f2c',8,63,'2','3','2014-01-01',520123),('9676b627caec475e92420599b030778b',19,92,'1','2','2014-01-01',520123),('9689e5f587f240c995ddb4d322cf10f5',19,255,'1','2','2014-01-01',520123),('96931c76f177476dbafbfce5a3b4c24e',3,137,'2','1','2014-01-01',520123),('96a52891604b4b54b9ec501380998753',17,72,'1','1','2014-01-01',520123),('96c8c50e84dd4932a1fa555e7a0b9c8d',16,75,'1','1','2014-01-01',520123),('96f11ee2f766428981f5ddba43c6d99c',17,72,'1','1','2014-01-01',520123),('96f6c829f37d48c593b58b079e204c28',6,78,'2','2','2014-01-01',520123),('9711f11358f2472194f7f9fc8739af5f',15,215,'1','1','2014-01-01',520123),('974434cd55324baaaf8bac8df40f6d26',15,215,'1','1','2014-01-01',520123),('97659a58e08b44a8bb35bd9947b5e1b3',1,90,'2','1','2014-01-01',520123),('9765db17bf9e4f79abfe13c3d1d128dc',16,75,'1','1','2014-01-01',520123),('97855b9c748e49bf9a4ffad268cfe647',4,76,'2','1','2014-01-01',520123),('9788dc0016194db2901e4fb55baf0514',11,128,'2','1','2014-01-01',520123),('9794730a55c14567863981fcea9a2f35',6,78,'2','2','2014-01-01',520123),('97e4a74c408d4efd89c9a4a47ade4a8d',8,58,'2','3','2014-01-01',520123),('97f50ab01b484d9caf99bc74ec9191f5',6,78,'2','2','2014-01-01',520123),('980b6dffd62146a9a1dff0d400496132',18,85,'1','1','2014-01-01',520123),('980caedc05af47bb8714391379ea0356',8,58,'2','3','2014-01-01',520123),('9817b735485b44e987bfbe039c618fba',4,76,'2','1','2014-01-01',520123),('9826d7b618964b40b4af99f55853244e',17,72,'1','1','2014-01-01',520123),('9829810a3d7a45cf9f3015ec40ee2776',12,255,'1','1','2014-01-01',520123),('982c2dda90114bac80ad9a985a34ad9a',9,177,'2','1','2014-01-01',520123),('985ef3c6831c40cd868b59bbdcdd803a',19,255,'1','2','2014-01-01',520123),('986715ea6e2f4a37b7dadac1a1d6e3ad',5,90,'2','2','2014-01-01',520123),('988353e731154c5b9217a12046b17f48',17,215,'1','1','2014-01-01',520123),('989c953ad60043f189a6e8ffcafc345d',5,90,'2','2','2014-01-01',520123),('98adb893ab8b45b292f1c31f82aa8def',16,75,'1','1','2014-01-01',520123),('98be28ef924c445c95392eb7d85c5f68',5,128,'2','2','2014-01-01',520123),('98ccbae437b34a72bf7d8915b7b81495',4,76,'2','1','2014-01-01',520123),('98ce1e868dcb45f28d22295eed2e2a07',6,78,'2','2','2014-01-01',520123),('98da9bfe697a45fba2cfde748d9654db',17,60,'1','1','2014-01-01',520123),('98fd91b598ee4e1aab519f85e2126bc9',1,90,'2','1','2014-01-01',520123),('993f5468c48b416cadb965c8ef1ea11a',8,62,'2','3','2014-01-01',520123),('9953e6301bea43faac52a9cbcf588985',16,75,'1','1','2014-01-01',520123),('99782ba498be4f7285e5b0f2679ca735',7,75,'2','3','2014-01-01',520123),('99811e21381140449d058e18072a47f7',11,73,'2','1','2014-01-01',520123),('9997d12a23cd4d758606da7d91af10ed',18,72,'1','1','2014-01-01',520123),('99a60ebf3f0e4de29e87fbbad929e142',18,72,'1','1','2014-01-01',520123),('99b1745245a64e04b9387ba6e2efc4a2',14,215,'1','1','2014-01-01',520123),('99b342d6823b4781b3d38b2e68df088d',14,60,'1','1','2014-01-01',520123),('99f1dd7c4555408a935b821919256847',18,72,'1','1','2014-01-01',520123),('9a05b8b9deff4bfb8903a05b0d3ff1f8',14,60,'1','1','2014-01-01',520123),('9a24981b00f84d26abf7a73fcd38e99a',15,215,'1','1','2014-01-01',520123),('9a27ba9afed746c8a5b9993275863be5',19,255,'1','2','2014-01-01',520123),('9a3f53e178584168a109044ad922c6db',18,63,'1','1','2014-01-01',522229),('9a60325032db461aa941548007f96a29',18,72,'1','1','2014-01-01',520123),('9a6f595460c841038ababc63b05690ef',18,156,'1','1','2014-01-01',520123),('9a91441209a843e6a20f4c4ad020bc7e',17,72,'1','1','2014-01-01',520123),('9acd97e674ef4fa1acd8858700410524',11,73,'2','1','2014-01-01',520123),('9ad9f3151ee84363a3dd58a3c18ea007',10,70,'2','1','2014-01-01',520123),('9adb2790d208489283171bc2885980f8',19,92,'1','2','2014-01-01',520123),('9b33aa7b8bb84f5192afa46211e6cad2',15,215,'1','1','2014-01-01',520123),('9b358447eb7a45c0a2901294e1663439',9,83,'2','1','2014-01-01',520123),('9b475e201cdf40ef861e725ea18a6746',8,58,'2','3','2014-01-01',520123),('9b4763c4379e4392b29fae07830714bf',11,73,'2','1','2014-01-01',520123),('9b59f36c78884f63bc7bf99cbe6f48d5',12,100,'1','1','2014-01-01',520123),('9b655cd7eb7c422b925c6984c485d267',3,63,'2','1','2014-01-01',520123),('9b7e38f3a5f14f539bec4a24312d80f6',9,83,'2','1','2014-01-01',520123),('9ba7a77da9ee4089b9e57ae3b600f0f5',19,255,'1','2','2014-01-01',520123),('9ba893d972be4b33bdbd7bc2cfc7401d',7,113,'2','3','2014-01-01',520123),('9bad4192d1da4666a7fa976a4e64eb9c',2,177,'2','1','2014-01-01',520123),('9bb149708eb34c8192c3110da3ff6399',10,132,'2','1','2014-01-01',520123),('9bcdd475a31f4115a66be837c88c0cd7',9,177,'2','1','2014-01-01',520123),('9bd127d3955e4630a305ee790cd376a7',8,58,'2','3','2014-01-01',520123),('9bdb4fc2e03240a4ae013ba5517327a7',15,215,'1','1','2014-01-01',520123),('9bdd1278bf0a4de5b9f22345c296a8e8',18,156,'1','1','2014-01-01',520123),('9bde8ceb71034ac7a3fe43ae7373b289',5,90,'2','2','2014-01-01',520123),('9bfd8bf98f4f48cdbd2fd1a8da3b8d1c',6,103,'2','2','2014-01-01',520123),('9c31fae422e546188ba49d9f1b193b43',1,90,'2','1','2014-01-01',520123),('9c4f99b6ffd94beaaf573ddb813bee34',7,75,'2','3','2014-01-01',520123),('9c8d30814ae3464eb7cc61ca36e786fb',10,132,'2','1','2014-01-01',520123),('9cb385ef0a74482aa3f4cb22a6484369',17,215,'1','1','2014-01-01',520123),('9cba7a546cc040e7aad68d5d1817f627',15,72,'1','1','2014-01-01',520123),('9cc3f708edb84a648db25e904c6c0288',10,70,'2','1','2014-01-01',520123),('9cdc8061040e4c63af3ad2c94992810a',2,177,'2','1','2014-01-01',520123),('9ce9049a846144bcbe958aedc5cf59a7',12,100,'1','1','2014-01-01',520123),('9cf42fb1d82a4aa886214e6d2ea6315b',9,83,'2','1','2014-01-01',520123),('9d086bcf488247038f8d3ccdba46344b',14,60,'1','1','2014-01-01',520123),('9d1fab1bc40644a483cd629957a2904e',12,255,'1','1','2014-01-01',520123),('9d225d2cbf914f3caf34864eebfbbee0',16,75,'1','1','2014-01-01',520123),('9d6f007e4dc248778994a04cc4a372a5',18,72,'1','1','2014-01-01',520123),('9d8f88bd000040a98d6df74e88718130',16,71,'1','1','2014-01-01',522229),('9d8fb6e5db1f47ceb4bae294da3965bf',6,78,'2','2','2014-01-01',520123),('9da4c288e0394632b26ab34522f5b645',2,100,'2','1','2014-01-01',520123),('9e283c2b43cf4ff5922d2a66d17af347',5,128,'2','2','2014-01-01',520123),('9e2f183bc4a849b68f69f31302f1dcf4',19,255,'1','2','2014-01-01',520123),('9e3f6703d16b4fff94d23e46f3a8070d',14,215,'1','1','2014-01-01',520123),('9e526be638fe4d4bb15775720c7cea1d',14,60,'1','1','2014-01-01',520123),('9e631f76961b4925986d5c196d141d7a',4,108,'2','1','2014-01-01',520123),('9e6830215bd240819c168d24d5335aaf',13,126,'1','3','2014-01-01',520123),('9e70986420f84ed0af03fed6e466c8ff',19,92,'1','2','2014-01-01',520123),('9e826238cb4c4f1d9efaa3cda6508c02',9,83,'2','1','2014-01-01',520123),('9edb29644d834370b1c41da9b3852bcc',13,75,'1','3','2014-01-01',520123),('9edeedd69a744da3be41e71f64df6150',4,108,'2','1','2014-01-01',520123),('9f1f8ff02f3e48c398ca5ea63917ccf8',3,63,'2','1','2014-01-01',520123),('9f2388f19daa4a8188f2ce28b8bc9eec',10,70,'2','1','2014-01-01',520123),('9f330c0b3f9d4cf4af26268e73de6248',8,63,'2','3','2014-01-01',520123),('9f50667594c7456791103b2e279a7552',14,60,'1','1','2014-01-01',520123),('9f565dde2e174f689dfb04d71d939c82',17,60,'1','1','2014-01-01',520123),('9f6674b33bd04eae83ff41e62b138942',12,100,'1','1','2014-01-01',520123),('9f69ee40e9dd4bd397d6ffbc3165d49f',4,76,'2','1','2014-01-01',520123),('9f739f19f5924e059411b6d800258f55',10,132,'2','1','2014-01-01',520123),('9f7a58ee39d441f09fb78be1ca18b05e',11,128,'2','1','2014-01-01',520123),('9f8680b562e6402daee07afa1491d89f',10,132,'2','1','2014-01-01',520123),('9fc793642d1d48a78330813b32a7ca04',13,87,'1','3','2014-01-01',520123),('a00a69bc46b7430a88ca79d8aa685bd0',8,58,'2','3','2014-01-01',520123),('a032b76721e74e9d89593d215fdb928d',18,156,'1','1','2014-01-01',520123),('a052564f721c45909d4030597dfb0ec5',18,156,'1','1','2014-01-01',520123),('a061064b09754f56bec08bbb569eab7a',12,100,'1','1','2014-01-01',520123),('a0c51a935e804785a3c0df81e3da64c6',7,75,'2','3','2014-01-01',520123),('a0cf0abc1dbc46c6adfd5a3e853980ff',4,76,'2','1','2014-01-01',520123),('a0dc5a9cbe5e4f66b8247f91f8e713eb',1,90,'2','1','2014-01-01',520123),('a0f152b61cf8420184c3ca1ea212c9c4',18,156,'1','1','2014-01-01',520123),('a1458e7d30564062b8167330e171df82',5,128,'2','2','2014-01-01',520123),('a15d16fc2b484a5d9fb3868557ca991d',6,103,'2','2','2014-01-01',520123),('a15f51d8415c4dac8ec2fd8446010e65',8,58,'2','3','2014-01-01',520123),('a160f682e591416a9b93ab3a8852263b',3,137,'2','1','2014-01-01',520123),('a18278cc6b2e404ca79e38fdeaf67c11',2,100,'2','1','2014-01-01',520123),('a186a6d439f141d48972be15916da215',7,75,'2','3','2014-01-01',520123),('a187c626242640eaa0789c9b17552288',15,72,'1','1','2014-01-01',520123),('a19772f5ea6c47319d0a37f8d6b8cbe9',2,100,'2','1','2014-01-01',520123),('a1a18bbeb9fd4ced9c6e3d85c52455fe',12,100,'1','1','2014-01-01',520123),('a1aa8c771f1643348626a050c0a10dc4',11,128,'2','1','2014-01-01',520123),('a1d892b2b08e4b62a4fa4d7a616293bc',6,103,'2','2','2014-01-01',520123),('a1e75cf63a3e4037afcfe381a05cc37d',9,177,'2','1','2014-01-01',520123),('a223d813bc914a52808376366253a6ab',5,128,'2','2','2014-01-01',520123),('a2519e262cc54f8e80a86c1ac133aa69',5,128,'2','2','2014-01-01',520123),('a25dfc6863474b0da374c828c4445f6f',3,137,'2','1','2014-01-01',520123),('a264728e8fa74983babb8b2e46adb5e3',7,75,'2','3','2014-01-01',520123),('a2741d402ec9429db7a7387665f4a8fd',6,103,'2','2','2014-01-01',520123),('a2afde6d76e0458185d83e72f26d2187',4,76,'2','1','2014-01-01',520123),('a2d50306bdbe4468be9039151f2c1955',8,58,'2','3','2014-01-01',520123),('a2d858add5b04d64b2a75328f183f17d',1,90,'2','1','2014-01-01',520123),('a2f599e050bc4b34bf7fc6322724022d',18,72,'1','1','2014-01-01',520123),('a326b26628774bf5ad36850286744a37',6,103,'2','2','2014-01-01',520123),('a33117a141fb4a79a3703917ceb0e7e5',1,78,'2','1','2014-01-01',520123),('a3390e550d6248d2a70a09a56fc95c57',10,70,'2','1','2014-01-01',520123),('a33da5e8304143d793817e548b1a0f04',14,60,'1','1','2014-01-01',520123),('a3ac873fb2a94bb59338106db26673ff',18,156,'1','1','2014-01-01',520123),('a3b1e8def91a44c19152c83902761913',8,63,'2','3','2014-01-01',520123),('a3c25710e3b44f85aaa431486c3a53ee',13,87,'1','3','2014-01-01',520123),('a42d3f3c2362485692061322f4db1ad7',8,58,'2','3','2014-01-01',520123),('a43b4c905db64e89a9068fcc88305c47',19,92,'1','2','2014-01-01',520123),('a454021cf28b437fab1ec776c3e1569a',19,100,'1','2','2014-01-01',520123),('a461e92332fd4793b7465a6e94d8c953',6,103,'2','2','2014-01-01',520123),('a47705daf8d943fe9ef8d7dbff8fcd0d',6,78,'2','2','2014-01-01',520123),('a4b67783b5684b6eae1de496e467cf99',3,63,'2','1','2014-01-01',520123),('a4d1e0074f0c48049cc541b9ece75d51',18,72,'1','1','2014-01-01',520123),('a4ef6b2db67f42af9050094b689b5b46',11,73,'2','1','2014-01-01',520123),('a4f03dd5450c4f4ead5057e428cb5137',18,72,'1','1','2014-01-01',520123),('a5178b60eae8402d8f51844645b9dea6',17,72,'1','1','2014-01-01',520123),('a54ad45d85414888bab9ea74081b76e4',14,215,'1','1','2014-01-01',520123),('a54c4c2531c1444cae42cb372be54873',5,90,'2','2','2014-01-01',520123),('a558167079254ecabc8c59fe90a7e66f',11,128,'2','1','2014-01-01',520123),('a5682834569f4302b5d35e692593ef31',15,72,'1','1','2014-01-01',520123),('a575fce71696498791dec5320c707cd7',10,70,'2','1','2014-01-01',520123),('a58bf44b5b6c49109c5ef10533d27ad0',15,215,'1','1','2014-01-01',520123),('a59c2f74a12e4b69910489cc002075ab',8,58,'2','3','2014-01-01',520123),('a5b71ba670ec43078b19369cd7a7433d',3,63,'2','1','2014-01-01',520123),('a5bb86cc31a1494699ccb0d2904f0c30',7,75,'2','3','2014-01-01',520123),('a5e7864254c342b884673dc8c21238b7',4,76,'2','1','2014-01-01',520123),('a5eed677ae6d4651be2d19991211f474',9,177,'2','1','2014-01-01',520123),('a5fa08efc3394d99aae58c090ea412b4',5,90,'2','2','2014-01-01',520123),('a610248a38a34b4e822a28fa792b7ab4',8,58,'2','3','2014-01-01',520123),('a64e7bc4441547e3a1cd57fa40b52ef7',14,215,'1','1','2014-01-01',520123),('a6a0bbd10c51438e9d135d1a91fd48f2',14,215,'1','1','2014-01-01',520123),('a6c27e05d8f94fbaa5371dfc26525d24',18,72,'1','1','2014-01-01',520123),('a6d53d9b521d4f18bce7b7053ee33ba9',11,85,'2','1','2014-01-01',520123),('a6da020a29fb462384ae824dd4232dfa',12,100,'1','1','2014-01-01',520123),('a6e25eefa41b463683e673c3ecc9df5a',14,215,'1','1','2014-01-01',520123),('a715d44590234f69b57718d31c6b689e',18,72,'1','1','2014-01-01',520123),('a71713b150bc47d8b638e028d3c154d9',17,72,'1','1','2014-01-01',520123),('a71750f693004e6d850668b932137624',19,92,'1','2','2014-01-01',520123),('a721605013634564a8a1e446874e2fc5',5,90,'2','2','2014-01-01',520123),('a735a205791643d0a7fc66cea729af41',17,72,'1','1','2014-01-01',520123),('a73d549158604a6aaf3874fcd1cbb881',5,90,'2','2','2014-01-01',520123),('a749c75bb21045399de73cf207402d71',3,63,'2','1','2014-01-01',520123),('a74b383506824d0689b0d41d74db69ea',3,137,'2','1','2014-01-01',520123),('a74e543d86d8478d997e34e098bce1e7',16,255,'1','1','2014-01-01',520123),('a7808b4068c340b89bbb9a5213699d17',11,128,'2','1','2014-01-01',520123),('a7ae4100013d4ace9bfb41233afd725c',3,63,'2','1','2014-01-01',520123),('a7ba93fac55c4b408c7f02260aecd6e9',2,177,'2','1','2014-01-01',520123),('a7bb98fd17764ff899c70263757f6423',5,128,'2','2','2014-01-01',520123),('a7c4433291604764bf2e239eed747667',15,72,'1','1','2014-01-01',520123),('a7ff8957ee9d442d8c28b13b651a4fb7',10,70,'2','1','2014-01-01',520123),('a81117f46d17467d9d74d1dc8a64ef56',6,103,'2','2','2014-01-01',520123),('a813a2c9da7442a38c6f7c1aa1f9da4f',8,58,'2','3','2014-01-01',520123),('a81d3f32651640cb8bee3386a55d01a9',18,72,'1','1','2014-01-01',520123),('a82f8520d535457aa8ad857e8c79dc0b',13,87,'1','3','2014-01-01',520123),('a840a02d47da4ba6a8f588f1c4d4de6c',8,58,'2','3','2014-01-01',520123),('a84588bdaec1467a87a3852da82c4690',19,92,'1','2','2014-01-01',520123),('a85474c31fb04ada9a3d3288a2a8bc44',8,58,'2','3','2014-01-01',520123),('a87d9f5193464678b086686615721964',13,126,'1','3','2014-01-01',520123),('a8bf154eb0b442e9b3c1d5714a733af0',18,156,'1','1','2014-01-01',520123),('a92de258d4ad4905a7a5b2ae318d962a',3,63,'2','1','2014-01-01',520123),('a92e1dfda5d2425b8129115d5cfb3fdb',13,87,'1','3','2014-01-01',520123),('a9752becad6e4048a91ae20979ffa05a',5,128,'2','2','2014-01-01',520123),('a97688dc2bb6435ebf12287c23e501fe',8,63,'2','3','2014-01-01',520123),('a97d9d07f68c4ab194afea1572a11c70',7,75,'2','3','2014-01-01',520123),('a981b29262144a49808d8fae9171539f',9,177,'2','1','2014-01-01',520123),('a98d468dbc0c41f3ba7b7348dfcf28f8',9,83,'2','1','2014-01-01',520123),('a99b0ed10a844e6190f594542350c9fb',2,177,'2','1','2014-01-01',520123),('a99c92e932074072bcb87ff087fa584b',3,137,'2','1','2014-01-01',520123),('a99f32c12fbb4a0e8b58db3942587145',16,255,'1','1','2014-01-01',520123),('a9ec24238853468f853ae7abb7ed2e26',17,72,'1','1','2014-01-01',520123),('aa093ea12c6f4d42bf95ceaf7b0776e9',4,108,'2','1','2014-01-01',520123),('aa17b04f07ab42af99e2354b238a4874',7,75,'2','3','2014-01-01',520123),('aa1900ca52824e729974d6d586540021',12,100,'1','1','2014-01-01',520123),('aa49ec5f7da843efa3cbc5e8b16b3a18',17,215,'1','1','2014-01-01',520123),('aa76638fe35c4df0816b2181720b6348',6,84,'2','2','2014-01-01',522229),('aabac30d685a40e2819ed01b07cc2600',18,156,'1','1','2014-01-01',520123),('aac159cd4d1b4fea841ba87896066ea2',19,92,'1','2','2014-01-01',520123),('aad5c7233697428da870c68f43b68f4c',2,100,'2','1','2014-01-01',520123),('aaded08af44f474aa6132dfaf7be1cb7',18,72,'1','1','2014-01-01',520123),('aaea601856b54d11bc777cdaadfba024',16,75,'1','1','2014-01-01',520123),('ab093464c04d418a9abbdf679666c932',19,92,'1','2','2014-01-01',520123),('ab78dc299a4842b495d76fb94d6f3c47',10,70,'2','1','2014-01-01',520123),('ab879ffd795a4ea7bb0f37eb78af3003',9,177,'2','1','2014-01-01',520123),('ab93549cfb9f446cbe7f587e71ac82d5',5,128,'2','2','2014-01-01',520123),('abc67f8b5d774ea5821f9ed8396c4bea',4,108,'2','1','2014-01-01',520123),('abd5c568053b4c0e95685beae4a5ffe5',17,72,'1','1','2014-01-01',520123),('abd747dce42b412ea928574a42c6e607',17,72,'1','1','2014-01-01',520123),('abf9870b71c3455cb6f6fdd9c96b7932',3,63,'2','1','2014-01-01',520123),('abfe2886cf9b4c9ba2551cc3e040c79b',10,70,'2','1','2014-01-01',520123),('ac109887fd684b3f92c67fa832650fa2',13,87,'1','3','2014-01-01',520123),('ac27129dbb614436b6afd39dbde0dd10',16,75,'1','1','2014-01-01',520123),('ac4dca5e52b64029b16153d8c359e848',2,100,'2','1','2014-01-01',520123),('ac77fcf46eb044dfbf324e1504b99222',13,87,'1','3','2014-01-01',520123),('ac8dd928871a46b5a52212386a92a88b',11,128,'2','1','2014-01-01',520123),('aca2396a0611429493fa06655ab1f06f',13,126,'1','3','2014-01-01',520123),('acb7dd1d472e4f34a8f5c3c28dc8f934',6,103,'2','2','2014-01-01',520123),('acba87de3d9945e082aba6543dd6162e',3,63,'2','1','2014-01-01',520123),('acf8404b33104124bdeb5cec353d2955',5,128,'2','2','2014-01-01',520123),('acfca5c6e24444b2827ccff9d301af26',4,76,'2','1','2014-01-01',520123),('ad0d7a2bbed648c8ae7fa09ba4262b50',7,75,'2','3','2014-01-01',520123),('ad0f1204f45142829675a9bd068ebfb2',9,83,'2','1','2014-01-01',520123),('ad13f567a9b54aaca286a2d70121604d',19,255,'1','2','2014-01-01',520123),('ad4a2d42a6f5408ebad59b03d062e64d',14,60,'1','1','2014-01-01',520123),('ad58c7ceb6164f5e868e8a3b070a9cd4',8,63,'2','3','2014-01-01',520123),('ad5ef40d2c304c84b6a46ba1474067e7',15,72,'1','1','2014-01-01',520123),('ad9e3cfbab5643698a940120b591e93e',5,90,'2','2','2014-01-01',520123),('adb649e0820a448abed355de59c000c4',18,156,'1','1','2014-01-01',520123),('adddaad9c4fe42bdb99c39394f818740',17,72,'1','1','2014-01-01',520123),('ade1ac49e5ba4e8885b96ec6ea6d9097',11,73,'2','1','2014-01-01',520123),('adec3c2f522745ffb421bda1df8c6bc3',9,83,'2','1','2014-01-01',520123),('ae1156acc53b4d0782eb8412d9cf6b8c',18,72,'1','1','2014-01-01',520123),('ae34fe83d6a145729082cb3c8ca37f8a',12,255,'1','1','2014-01-01',520123),('ae52da73cc1e4027adb1e03c1c4a2617',19,92,'1','2','2014-01-01',520123),('ae67bc9016b54f01860352697afbcc38',15,72,'1','1','2014-01-01',520123),('ae6c420f027a477a93ef5c76332054b5',5,128,'2','2','2014-01-01',520123),('ae91edb28bef4dbeb99e282a3bcb9f05',19,92,'1','2','2014-01-01',520123),('ae9dfc4946dc45de8c2decc99311523b',4,76,'2','1','2014-01-01',520123),('aea09e24972a4037a555fbcde90446aa',2,177,'2','1','2014-01-01',520123),('aea3a3c2319b475b955a7f7bca30507d',6,78,'2','2','2014-01-01',520123),('aeb5753855eb47af926f31ee5627ed97',12,255,'1','1','2014-01-01',520123),('aeb703d138d842dd9b575e538b74ab0b',18,72,'1','1','2014-01-01',520123),('aee7b1e128bb49a9bae27853f5bb782b',17,72,'1','1','2014-01-01',520123),('aeee47645bb44b51b4fe01c5673bb185',19,76,'1','2','2014-01-01',522229),('aefa43e0824b43fc9a194eebd3730d61',19,92,'1','2','2014-01-01',520123),('af1ba0eecc3849a293c484614f31ed5b',11,73,'2','1','2014-01-01',520123),('af2fb88ab5ea4ffa9054097e73693957',12,255,'1','1','2014-01-01',520123),('af47ec7125c546fc9d190c3b56d5a330',9,83,'2','1','2014-01-01',520123),('af9288524c784e26bd00df5768abe662',10,70,'2','1','2014-01-01',520123),('afef9a242b4246018b0466e594370095',12,100,'1','1','2014-01-01',520123),('aff8dee3a8bd476688df461d95e72579',2,177,'2','1','2014-01-01',520123),('b011aad368674729a2f4cf8746090737',12,255,'1','1','2014-01-01',520123),('b0174d7b8c6b461e864121984e2b3847',14,215,'1','1','2014-01-01',520123),('b029bb34541343ec8c6f60b6b0509ea7',11,73,'2','1','2014-01-01',520123),('b02fa3d346ab41779f3b3d05d530a2d9',3,63,'2','1','2014-01-01',520123),('b050287b9fdb476caf7282ec3c4e4faa',19,92,'1','2','2014-01-01',520123),('b06e11a860f14221987c87c6c098d2bf',13,87,'1','3','2014-01-01',520123),('b07598d12a93436995dc2cfbe7e97be9',5,90,'2','2','2014-01-01',520123),('b0adf4f376764019bd3d70fe5355a996',7,62,'2','3','2014-01-01',522229),('b0adf83d507d41b49547209e939f5db2',18,156,'1','1','2014-01-01',520123),('b0dc84692b934305b284d49c16536bbb',12,100,'1','1','2014-01-01',520123),('b0f2bb98886549d788803e7d5c839fd5',11,128,'2','1','2014-01-01',520123),('b1298b445da2499da42ab75336122dbd',7,75,'2','3','2014-01-01',520123),('b1582999426a447cb2442a353e16bc32',16,75,'1','1','2014-01-01',520123),('b17531fb15784e52b928b8dff905332e',14,60,'1','1','2014-01-01',520123),('b18c51cba15d40be91f2fba379b72d93',17,72,'1','1','2014-01-01',520123),('b19e87c49f444ce283bfc7202ee936f3',4,76,'2','1','2014-01-01',520123),('b1bbf68c4a14469aaa2e4a46ad2d0c6e',3,63,'2','1','2014-01-01',520123),('b1bca2311e034093a95363fcd4a21360',13,87,'1','3','2014-01-01',520123),('b1e7b26f1e384bc58884295fe1a56b9e',18,85,'1','1','2014-01-01',520123),('b2381cdb41824db08ddfc89be88f2716',6,78,'2','2','2014-01-01',520123),('b25ea8a91d234a85a18d74e5eb638f58',18,72,'1','1','2014-01-01',520123),('b278672ddcef436eb1a222a35cac4306',16,75,'1','1','2014-01-01',520123),('b289c9bf265143c6b55624275d839988',4,76,'2','1','2014-01-01',520123),('b28f904420864c75ab856420528ff0be',4,108,'2','1','2014-01-01',520123),('b2a2cce2bb2d431e88f79e808fc6caa9',8,58,'2','3','2014-01-01',520123),('b2a895957e544bec91ebefac3a7327d0',11,128,'2','1','2014-01-01',520123),('b2bb912ef8b5480c8442c7bbf2f4bf24',16,255,'1','1','2014-01-01',520123),('b31282ac7e2940fcb087d0a36fcce8c2',17,72,'1','1','2014-01-01',520123),('b319b310fa4f405692d7392f8ad1867e',6,103,'2','2','2014-01-01',520123),('b34a460dba7a48bdbdc589a349bfd9af',13,87,'1','3','2014-01-01',520123),('b362386097d74c95ba8c32a6bbefcaf9',12,100,'1','1','2014-01-01',520123),('b3745f460d704ad2befea6fdd4301447',15,72,'1','1','2014-01-01',520123),('b3ad665e60824aa59f8a23d82aa09d49',9,83,'2','1','2014-01-01',520123),('b3b2d01422dd43e8a244e577f7489d03',4,76,'2','1','2014-01-01',520123),('b3e033e2256944aa84e75f42b5787dcb',1,90,'2','1','2014-01-01',520123),('b4314b2c634349a59d79ded007f54ec1',9,177,'2','1','2014-01-01',520123),('b47366a3af854dbc942e03dc29747b60',3,137,'2','1','2014-01-01',520123),('b4c1fe1cf1de4561b85d488db4b84d66',11,128,'2','1','2014-01-01',520123),('b4c543bbd3b34e11b1dda324f7d678a3',14,60,'1','1','2014-01-01',520123),('b4e41535e2d74049967d81ca485144a2',4,108,'2','1','2014-01-01',520123),('b52328a1c11b45c4956a2dd532e600d8',14,60,'1','1','2014-01-01',520123),('b5235ebb757f409982963cecc53cabd0',9,100,'2','1','2014-01-01',520123),('b52c0510c1cb4f449f096f661f74b3ec',1,78,'2','1','2014-01-01',520123),('b5391e4cf1ee4f308f5332d7f6e8860e',10,132,'2','1','2014-01-01',520123),('b53f8832b17d4798be6d532b37f8ed68',12,100,'1','1','2014-01-01',520123),('b556afea9a6f482ea91be6d05fe18200',9,83,'2','1','2014-01-01',520123),('b565dc9a96184ead9ed9b8a5e05ede78',11,73,'2','1','2014-01-01',520123),('b567d775cea2417a869c4c90e499b6ac',13,126,'1','3','2014-01-01',520123),('b57affbc747a4b6fbd9d0be231ad94bb',11,128,'2','1','2014-01-01',520123),('b59f1b023d7c4992b146f574290fcfa2',4,76,'2','1','2014-01-01',520123),('b61b3d2cd52f4a7cb716b9fea7715eb0',18,156,'1','1','2014-01-01',520123),('b63f0fb3177145fb89ca679e3f3e8959',14,60,'1','1','2014-01-01',520123),('b64a6e43b52340299e415798a0204d96',6,103,'2','2','2014-01-01',520123),('b66386eb62ac4f648d2b65d066130810',4,76,'2','1','2014-01-01',520123),('b6a0700051154a58a14547dea9eff791',11,128,'2','1','2014-01-01',520123),('b6a34f59b69f4619a5a3f77deea17e20',8,58,'2','3','2014-01-01',520123),('b6d6f24ccc784c53966ea881b97f3989',15,72,'1','1','2014-01-01',520123),('b6e1e846332c4d89a0d89c5b7d11385b',16,75,'1','1','2014-01-01',520123),('b6ec4ddbf27d47ab85db027cb106ca7a',6,78,'2','2','2014-01-01',520123),('b70a03b078a149ce9166b6e62ad23578',10,132,'2','1','2014-01-01',520123),('b714e4d6b19e4904b47d1518a4c9257f',16,75,'1','1','2014-01-01',520123),('b719895202934389b4276d8991faf6a7',3,63,'2','1','2014-01-01',520123),('b7365e086f824712baec57958accd2eb',1,90,'2','1','2014-01-01',520123),('b77a713f15864a059ff4e42886103b35',7,113,'2','3','2014-01-01',520123),('b77fea825f5c4accb6b25f566095a503',11,73,'2','1','2014-01-01',520123),('b786716656d947b0a18f5e2a72517bf0',3,63,'2','1','2014-01-01',520123),('b79bb4e40b8b4e84b49efe196b4ccd4e',16,255,'1','1','2014-01-01',520123),('b79eb89437b4455aaa44e7d83f1c79a2',19,255,'1','2','2014-01-01',520123),('b7ed62cecb08420baef47171ce35cf49',2,100,'2','1','2014-01-01',520123),('b84aca1f62d341fda465269f18310d7c',7,75,'2','3','2014-01-01',520123),('b86068fa48e9465594a55d52745cc62b',13,87,'1','3','2014-01-01',520123),('b8661f19ee534d3a808c199565ac713d',15,215,'1','1','2014-01-01',520123),('b8a4a754b29541cc86aacb8536de5011',12,100,'1','1','2014-01-01',520123),('b8b4ad03ea2a4e51b71d8b3fbed1c398',17,215,'1','1','2014-01-01',520123),('b8be7d768e9d4e8b90a7a186b3570c7d',15,215,'1','1','2014-01-01',520123),('b8cc04714648436680ed69dd83bfb025',7,75,'2','3','2014-01-01',520123),('b8ea2884b98243edae4a33d296d31634',5,128,'2','2','2014-01-01',520123),('b8f33284155a43b9ababae8ec85e42a5',19,92,'1','2','2014-01-01',520123),('b8fd4db9f9dd4fbab759a444f63e83a1',12,100,'1','1','2014-01-01',520123),('b909d2fe89034f3ca103e2a923bdbdaf',3,137,'2','1','2014-01-01',520123),('b9322b8473d247f08aff1c695a42e1d0',13,87,'1','3','2014-01-01',520123),('b934aa0a14654712bb415cb26aaf2a71',6,78,'2','2','2014-01-01',520123),('b97e37b04a4c48a2b5f34dff0ed7ac5c',7,113,'2','3','2014-01-01',520123),('b99583f413d840988d104bf1e878fb27',15,72,'1','1','2014-01-01',520123),('b9aeeec24f32458485c3295b7582444d',10,132,'2','1','2014-01-01',520123),('b9e024192e3b4157a0647058e3b1726f',18,72,'1','1','2014-01-01',520123),('b9f8adaecb8a477d95179be9871f54fe',11,73,'2','1','2014-01-01',520123),('ba0be406cb984cb784d98f66dca8d410',13,87,'1','3','2014-01-01',520123),('ba1c88ccf56947a191c94102b85e5d99',10,70,'2','1','2014-01-01',520123),('ba4e1b96e4834267892771c7415c8371',10,132,'2','1','2014-01-01',520123),('ba557828ed104b89a3d78475816028a2',19,255,'1','2','2014-01-01',520123),('ba57d258177a4eed9eccc4588c578174',12,100,'1','1','2014-01-01',520123),('ba580491491a4639b8747d852c74355d',13,87,'1','3','2014-01-01',520123),('ba709a91ccdf4ed2b75b5ccf05d35543',4,76,'2','1','2014-01-01',520123),('ba757a5036ce4e7db5e6251d03fbfc1e',5,128,'2','2','2014-01-01',520123),('ba8dd40c82564497aa42beadcadb140a',14,60,'1','1','2014-01-01',520123),('ba8fc2d346b14599ba2768a222b3027f',4,76,'2','1','2014-01-01',520123),('ba97f21bab844c6a88e0a78644782cb7',8,63,'2','3','2014-01-01',520123),('bb30f53ea25f405db8b9fbb906544c15',10,70,'2','1','2014-01-01',520123),('bb4c0c315c614ee2831a567d32cd278d',10,132,'2','1','2014-01-01',520123),('bb4c1635955f4662bc7c5ace2c853bb6',6,103,'2','2','2014-01-01',520123),('bb8b1d1495464903b67b31de32102574',4,108,'2','1','2014-01-01',520123),('bbc010e05d0742e396ac92aa03aa0ca4',19,255,'1','2','2014-01-01',520123),('bbe7755e5a8e4aefacc2593da781388e',7,75,'2','3','2014-01-01',520123),('bbf629de2316494e805c863630da435e',15,72,'1','1','2014-01-01',520123),('bbfe2842ce2747198aecef9b55168611',11,128,'2','1','2014-01-01',520123),('bc04368b7ce8450084e0d3e8f73d004b',10,132,'2','1','2014-01-01',520123),('bc0f98c103ec4872b9fef0ef60362a95',19,255,'1','2','2014-01-01',520123),('bc392540ace648f9accc13d0a436cb72',13,87,'1','3','2014-01-01',520123),('bc3ebbe0464348a083e25e5dbba25a6c',12,255,'1','1','2014-01-01',520123),('bc626c0d8ea746f7bf2b93a92e14e8a9',12,100,'1','1','2014-01-01',520123),('bc686850665745f882de542947a54476',19,255,'1','2','2014-01-01',520123),('bca9970fdeef4136879092ab09e1c6f6',11,73,'2','1','2014-01-01',520123),('bcafdb5c4584456eaf1f7f94e345db2a',14,215,'1','1','2014-01-01',520123),('bcfabac5a9e541048407d89f79a463c3',13,87,'1','3','2014-01-01',520123),('bcfeee402454489d8f62e6705f5da200',10,132,'2','1','2014-01-01',520123),('bd6c4c62572c43ea957d186e67f90101',7,75,'2','3','2014-01-01',520123),('bdb54bdf7b45433c8bed00836540bd73',7,75,'2','3','2014-01-01',520123),('be0e19c1bd6d417cba28a5158bf5e84d',13,87,'1','3','2014-01-01',520123),('be0e6d3cb37d4e259f7b9b4fd571b6ed',2,177,'2','1','2014-01-01',520123),('be1b2008a2b6456da93ecd86ceea680f',17,215,'1','1','2014-01-01',520123),('be1ceb72eb6541998bd01e305d588ed0',17,72,'1','1','2014-01-01',520123),('be2a42401eec47f98ffa005751d7bd7a',7,113,'2','3','2014-01-01',520123),('be305ad26a164ddd9981acddfc876517',14,215,'1','1','2014-01-01',520123),('be67b80b3cc04f70b228b3e1995af27d',4,76,'2','1','2014-01-01',520123),('beb0683a4d4c463fa702cdfacdf50b64',1,78,'2','1','2014-01-01',520123),('bf2451965c1e446eb136eb90b54749a6',2,100,'2','1','2014-01-01',520123),('bf3da7edefd946e59848bca626a4357a',11,128,'2','1','2014-01-01',520123),('bf8ad6e513654baea67b5993053e3598',1,78,'2','1','2014-01-01',520123),('bf8ec25010af4d45aa97328740d2ad33',6,78,'2','2','2014-01-01',520123),('bf9a8cb149fd4654a39258164626c34d',19,92,'1','2','2014-01-01',520123),('bfa9e318bb8840b1bf73398a4869774b',16,75,'1','1','2014-01-01',520123),('bfbe51300a6149c7b4eaa39f80d7005f',3,63,'2','1','2014-01-01',520123),('bfce3825d9f54c97bc9cffbdcea2999a',19,92,'1','2','2014-01-01',520123),('c004874e03e14a2fa9f50dfba9e73164',11,73,'2','1','2014-01-01',520123),('c012d4bcbcc74bc09511510395c14a76',4,108,'2','1','2014-01-01',520123),('c0cd0053e3bc4729aa0aa43ba62fbda5',12,100,'1','1','2014-01-01',520123),('c0e05a615b7849d19f9e630bdb18c809',8,63,'2','3','2014-01-01',520123),('c0efd49d1d8049e68e6372b9abd9703b',8,58,'2','3','2014-01-01',520123),('c0f77aa5aef34d6b8ecdf7e74dba8147',7,113,'2','3','2014-01-01',520123),('c0fbabbba9354a60b24b0e3938914b08',16,75,'1','1','2014-01-01',520123),('c1041f2a0c2448408c7327bfdd140f90',9,83,'2','1','2014-01-01',520123),('c112606bb07340a8a200a8dc24c5ac61',10,132,'2','1','2014-01-01',520123),('c1264ab647084d04975345bf9d424cf7',19,255,'1','2','2014-01-01',520123),('c12b612b562e4916bd045211c8499bbc',3,63,'2','1','2014-01-01',520123),('c1349467dae148bf895d1a9811e81637',9,177,'2','1','2014-01-01',520123),('c137cf63fba24481a9077d29ef288a0d',1,90,'2','1','2014-01-01',520123),('c14812b4cc6f48b3922bd6fac1b3b307',13,126,'1','3','2014-01-01',520123),('c16afab9f9574b948895d0d330d37047',15,72,'1','1','2014-01-01',520123),('c174f60dce314d03b327bbdabe1c55b9',13,126,'1','3','2014-01-01',520123),('c186de5114da4e6e837d395a15edb223',7,113,'2','3','2014-01-01',520123),('c18d5717833e404e95f00d3806e1e4be',10,70,'2','1','2014-01-01',520123),('c1d2591d798f429fa9b79d6084ab1921',5,128,'2','2','2014-01-01',520123),('c1ebb7b0101d454cb19a51c1cf8c8aca',13,87,'1','3','2014-01-01',520123),('c1ed30d3a10a43ccb3aad1ac2ae9c563',6,78,'2','2','2014-01-01',520123),('c201534a17294d77a9dae86626086d3d',11,70,'2','1','2014-01-01',522229),('c22026520ada4afb9d7742e5c2cfacf5',14,60,'1','1','2014-01-01',520123),('c254dfcbbb2d43568f7b62aa8ca52cef',14,215,'1','1','2014-01-01',520123),('c2596eccff8c46fb9d846b472ec4a58f',17,72,'1','1','2014-01-01',520123),('c25f0fc3d33e4648b6682fd5150e5e16',7,113,'2','3','2014-01-01',520123),('c274846a9fcf470b98072f2dfc175bd6',4,108,'2','1','2014-01-01',520123),('c2985d4af5a7459d8130a443545ee40e',5,128,'2','2','2014-01-01',520123),('c2a9dc030cfc437182e98339b8f6a2a6',11,128,'2','1','2014-01-01',520123),('c2beffcdb3114d2c8bdeb9598f63613c',9,83,'2','1','2014-01-01',520123),('c2cd30efa78940298c25f63bd8c6649d',1,90,'2','1','2014-01-01',520123),('c32d7efb41414d6283c471621dae8186',6,78,'2','2','2014-01-01',520123),('c34cff876c43465c9a8813a1f8c9358f',10,70,'2','1','2014-01-01',520123),('c35584f32fb1425a8e2e9f56a5a8de6b',7,113,'2','3','2014-01-01',520123),('c3570eb6de6f4e7b8b94db4f2536901d',13,87,'1','3','2014-01-01',520123),('c3ba06be45ea43a6b93cf37698dd7755',16,75,'1','1','2014-01-01',520123),('c3e1462b2d0243d3ade79df3c6709f94',15,72,'1','1','2014-01-01',520123),('c3e146c0f69e40a796296356b6cf2ace',7,75,'2','3','2014-01-01',520123),('c3ffd9c1aa6140e88f13ade37167b809',9,83,'2','1','2014-01-01',520123),('c42c9c10bf6f48ed8ac2f0fb84dbc4fe',5,128,'2','2','2014-01-01',520123),('c439f677436d4f859281cd24f45dde1a',9,177,'2','1','2014-01-01',520123),('c45b45cf1ac34adb9cb55ca8c7d41dfd',1,90,'2','1','2014-01-01',520123),('c4691ceea5da4c0da308466902f5d87b',8,58,'2','3','2014-01-01',520123),('c4935e428d684592944b917bebc1f91a',2,100,'2','1','2014-01-01',520123),('c49831abfd1d4b44b6f5611dbc77f644',13,87,'1','3','2014-01-01',520123),('c4a6549495be419581b0941587a11ea9',18,156,'1','1','2014-01-01',520123),('c4bd4c68ace14336a8f1150ee9c56d31',3,137,'2','1','2014-01-01',520123),('c4cb9cc7bd354ee98aa0b4a6150fbf24',18,72,'1','1','2014-01-01',520123),('c4f4d00cf8394aed9a9fdac4631b070c',2,100,'2','1','2014-01-01',520123),('c511670dc63a43f2a1445d848643d896',14,60,'1','1','2014-01-01',520123),('c542a77c250b425ab5de39c2fc80c050',8,58,'2','3','2014-01-01',520123),('c54f9bd817ea462b9d16d4c4dffa121f',3,63,'2','1','2014-01-01',520123),('c550ab9d939348b8ac95152a535c1fcb',2,100,'2','1','2014-01-01',520123),('c571e4e076b94150bde024a53f156e8f',19,92,'1','2','2014-01-01',520123),('c57d294df1ae4bcfa460a391bf20e55a',10,70,'2','1','2014-01-01',520123),('c58f0d2da58f4696a9f9f03b29ba5c7c',3,60,'2','1','2014-01-01',520123),('c5907228d1a94015a1b86adaa7b35917',7,113,'2','3','2014-01-01',520123),('c596c09a42e2449386dc878fa521b739',3,63,'2','1','2014-01-01',520123),('c59782f9c587461db64d8f72a154e32a',16,100,'1','1','2014-01-01',520123),('c5b91c0286bd47019f3fc69b5c6705be',5,90,'2','2','2014-01-01',520123),('c5faf671341e461fbca08c42b3993ce4',18,72,'1','1','2014-01-01',520123),('c5ffef0c8a0644b794a42d31ec81184d',3,63,'2','1','2014-01-01',520123),('c60f0bb8d2df4052876fb7f362179d5a',16,75,'1','1','2014-01-01',520123),('c6411817b73248b494577b0e68451778',10,132,'2','1','2014-01-01',520123),('c666cb8c014c45498149deacd11d73b5',15,215,'1','1','2014-01-01',520123),('c6753ed8c0344378809b5f707f52ee73',9,83,'2','1','2014-01-01',520123),('c6adaac6ea784d47b098ec09556027c3',16,75,'1','1','2014-01-01',520123),('c6d7fb5a4dce4e9bb2dd10d793ea0675',12,100,'1','1','2014-01-01',520123),('c70d691155c546efae0ef55fa81d9f39',18,72,'1','1','2014-01-01',520123),('c719fa5c503942c4abb9dbd40d621883',6,78,'2','2','2014-01-01',520123),('c733b5151b6d415cb0a97e58db185369',14,215,'1','1','2014-01-01',520123),('c73da59ac16f42e3b8106328aad534c2',12,100,'1','1','2014-01-01',520123),('c75e0aa318de4dfca59e60be1107e142',14,60,'1','1','2014-01-01',520123),('c78dbb69f49d49949708eab90294266c',15,215,'1','1','2014-01-01',520123),('c7a002613c904634aecbe91e01aa0205',10,70,'2','1','2014-01-01',520123),('c7a163e09b2f4fa2ae9ac0527b0a5418',8,63,'2','3','2014-01-01',520123),('c7cfd0fbe7ff4d08af4ce8d373a522f7',3,63,'2','1','2014-01-01',520123),('c7f008072345402c9403edd9f9353620',14,60,'1','1','2014-01-01',520123),('c8156ff97128440790ec3ab5b760df28',3,137,'2','1','2014-01-01',520123),('c82aaf9496b44afc88e44e9603f7c0d0',9,100,'2','1','2014-01-01',520123),('c85ef809f0af4b0587c875a817cb2e7b',3,63,'2','1','2014-01-01',520123),('c86b58b994b44be8828d6e3fcbf1f398',18,72,'1','1','2014-01-01',520123),('c882e95fe27949338e10c46542f1c43a',4,76,'2','1','2014-01-01',520123),('c88af40ad503491ea212c0aff62bf09a',9,83,'2','1','2014-01-01',520123),('c8a40902e24f4c84bf3419d4af38ac6e',14,60,'1','1','2014-01-01',520123),('c8b9ee8d122544ebbffb747c00904da4',3,63,'2','1','2014-01-01',520123),('c8cff73559c64b1da79c992979babbe3',15,72,'1','1','2014-01-01',520123),('c8d3a625ac6c4d67824f47042fdec937',4,108,'2','1','2014-01-01',520123),('c8e05f1ac9d4454996b10d8d30ed8646',4,76,'2','1','2014-01-01',520123),('c8ef281f1b61412eb65a9c0fc3f1d461',16,255,'1','1','2014-01-01',520123),('c93bf93fd5af4a0fa8095a02acdf2d0c',1,90,'2','1','2014-01-01',520123),('c944df1bcc5442bab34aedf8890cb08c',10,70,'2','1','2014-01-01',520123),('c94a3f14ae654fd2b26d28ec7245621a',9,177,'2','1','2014-01-01',520123),('c967a07c85bf4556b7fea7c184c89871',9,83,'2','1','2014-01-01',520123),('c9a400b658c14d40b82105691242dca4',10,70,'2','1','2014-01-01',520123),('c9f7019510904507ad1131cf394ce712',1,78,'2','1','2014-01-01',520123),('ca0500f961e34d59b029e607a1a1033f',16,75,'1','1','2014-01-01',520123),('ca118826e2ad425eaa1f47deae838389',18,156,'1','1','2014-01-01',520123),('ca1e2523d47f4803968b749d253e9056',17,72,'1','1','2014-01-01',520123),('ca2b0f66e62f40c7a41fdc857c679162',9,177,'2','1','2014-01-01',520123),('ca64678defc346128b05bd99fb8f8339',13,87,'1','3','2014-01-01',520123),('ca7c68b710c949ec9da4c4a8a14a9d86',6,78,'2','2','2014-01-01',520123),('ca8e49dfbba245179b683295ba40d0c3',8,58,'2','3','2014-01-01',520123),('caa20c209750424ca759d26deedf4e6b',14,60,'1','1','2014-01-01',520123),('caac99054e9c4fa0a671f0378c2d4545',18,72,'1','1','2014-01-01',520123),('cadd1d4d74424fe39e0be2e0b159b870',17,215,'1','1','2014-01-01',520123),('caecb18c2b1d4049bd1df224d7f13b55',14,215,'1','1','2014-01-01',520123),('caf59f21af3f4d04976fa3b8c86d1068',6,78,'2','2','2014-01-01',520123),('cb149cc5e7a3433fa1ba240a60af8a3e',18,156,'1','1','2014-01-01',520123),('cb1bb4eea6b84d8aa153519845eac7bc',7,75,'2','3','2014-01-01',520123),('cb29c2f4cad640cba0b54f0e7ddab260',17,72,'1','1','2014-01-01',520123),('cb2f72371f294109a7ad691adf7383b6',16,75,'1','1','2014-01-01',520123),('cb361c0d626946bf92c787b2434c18a6',4,108,'2','1','2014-01-01',520123),('cb8199b942aa4b83bccb84b6cb744d6f',16,255,'1','1','2014-01-01',520123),('cb84d74d132e411f9536f0fc13334e29',15,72,'1','1','2014-01-01',520123),('cb95f9eeb7924decb95060eb8e483910',19,255,'1','2','2014-01-01',520123),('cb9a829622744d35a4c6742d6dc052cb',1,78,'2','1','2014-01-01',520123),('cba54f0f5a074ecbbcc8e6f854276e59',2,100,'2','1','2014-01-01',520123),('cbad9970faf943b8bcf07d147e1c7df2',11,128,'2','1','2014-01-01',520123),('cbc2de5fae99408ca3acf7019c1ffcd0',11,73,'2','1','2014-01-01',520123),('cbca9c945ba5434f96c3417c0891cdeb',2,177,'2','1','2014-01-01',520123),('cbccfce21a114b2980142003c23d8d17',10,132,'2','1','2014-01-01',520123),('cc0f9c6b731f462c8268fb5b0c2b8415',15,215,'1','1','2014-01-01',520123),('cc14a05b00da4faa887d08b53eebf628',16,255,'1','1','2014-01-01',520123),('cc216ee2177e4983b917a6c9a9c5fb67',12,255,'1','1','2014-01-01',520123),('cc22234c981b421699f40436fed375d7',9,83,'2','1','2014-01-01',520123),('cc329f106df54b03973619985ebf7d77',1,78,'2','1','2014-01-01',520123),('cc45f440b77740fab1a81ddbea1e479c',11,128,'2','1','2014-01-01',520123),('cc48473320fe490aa999c42553ccc7b0',18,85,'1','1','2014-01-01',520123),('cc50bbf8ea72433690137436208c2235',17,215,'1','1','2014-01-01',520123),('cc6efe9f361144ca92106a2c5f7f6ae7',19,92,'1','2','2014-01-01',520123),('cc9f422f0a0a45228bf64b820e40a72e',1,90,'2','1','2014-01-01',520123),('cce0c9533b124ac69c00a62217263ff4',7,75,'2','3','2014-01-01',520123),('cce806ef21174bff9c55e8e05d3feaee',13,87,'1','3','2014-01-01',520123),('cd0bedbe41c74ed9912f8692feb20319',2,100,'2','1','2014-01-01',520123),('cd2c5d7cc9f44196b051bf5746c668dd',1,90,'2','1','2014-01-01',520123),('cd3a7780773b44438e9e3fe0946741d9',3,63,'2','1','2014-01-01',520123),('cd475b25975b449687ba32c696711733',4,76,'2','1','2014-01-01',520123),('cd4b0870d22b4e0c80a4ac97b541c089',8,63,'2','3','2014-01-01',520123),('cd6cd172763b486888b43769b90f554d',5,90,'2','2','2014-01-01',520123),('cd84bfbdd31a4248885935e2d8440636',9,100,'2','1','2014-01-01',520123),('cd979c899b9b4280b15c816837f0128f',2,100,'2','1','2014-01-01',520123),('cdaf1e9a43ae45f59ece836ca1896995',12,255,'1','1','2014-01-01',520123),('cdbbb4b1e5204aec8c34bc0807629ad0',19,255,'1','2','2014-01-01',520123),('cdd7906019074cc98d2d7f79d69f5281',18,72,'1','1','2014-01-01',520123),('ce299e6b39fb4808961299fa8e14c875',8,58,'2','3','2014-01-01',520123),('ce467d2002134e7fb274935dd267c9dc',13,87,'1','3','2014-01-01',520123),('ce4c8f8a519546099a5156a89ed35250',6,103,'2','2','2014-01-01',520123),('ce719153d9774fdcb1f6e7548861981c',18,156,'1','1','2014-01-01',520123),('ce73dd78a5884a7197a581e6f6c03970',14,215,'1','1','2014-01-01',520123),('ce9be4b033ba4ce7844b3bcd20fa5e3f',17,215,'1','1','2014-01-01',520123),('ceab7ba897d240caaba56cd8f2073406',16,255,'1','1','2014-01-01',520123),('ceb1f7bcb40a430ca66636b9b234ed94',10,132,'2','1','2014-01-01',520123),('ced5de3823934fd0ad76feae5b1398e9',14,215,'1','1','2014-01-01',520123),('cedce1d5fec243b3a52899720290f564',16,75,'1','1','2014-01-01',520123),('cf2b98188a69476099fbe428de55fb5d',2,177,'2','1','2014-01-01',520123),('cf3cc2e25f964c30b4d3a673e4a0b17a',15,72,'1','1','2014-01-01',520123),('cf4e0008e1044919b7f401bb72744a7d',12,100,'1','1','2014-01-01',520123),('cf670de99e8d4f43912e194a31e9111a',8,58,'2','3','2014-01-01',520123),('cff054adb4b5414e84131ff0e772ea80',5,90,'2','2','2014-01-01',520123),('d04f05f468554fa9b8c499905a0d4a76',18,72,'1','1','2014-01-01',520123),('d08250f5e37d4e03b63c43cb4176d44b',7,75,'2','3','2014-01-01',520123),('d08d49de2db34e76a1982790aee944a8',7,113,'2','3','2014-01-01',520123),('d0b85d5db053437295cff627264ac070',11,73,'2','1','2014-01-01',520123),('d0bec6654f14401fb65d0c73ba718087',6,103,'2','2','2014-01-01',520123),('d0c3b58612ff4425a5bc27e8146a1595',18,156,'1','1','2014-01-01',520123),('d0fc7cca819b4d02a4c6f995f7e3d839',17,215,'1','1','2014-01-01',520123),('d102741930924db38cb87809be9c55ea',13,126,'1','3','2014-01-01',520123),('d109d1c4e9d149a299cdc0ddd33d48d9',14,60,'1','1','2014-01-01',520123),('d12446c101414246bfa86c9b83591c47',5,73,'2','2','2014-01-01',522229),('d141e6d0e36f47efb1ffee17db823b4a',8,63,'2','3','2014-01-01',520123),('d167d198e3b9428aabf48fba4fbd8d4e',15,72,'1','1','2014-01-01',520123),('d18470586a2542689d79ed5c27b8ee6a',7,113,'2','3','2014-01-01',520123),('d19967fc8666413a8e92cb66a665a507',17,215,'1','1','2014-01-01',520123),('d1a590ac91824839ab87211dac99bbea',2,177,'2','1','2014-01-01',520123),('d1bb5cbdafd145cab6b3bd0a9e6169dc',7,75,'2','3','2014-01-01',520123),('d1ccfd33704a49fab58722c60a518af2',19,92,'1','2','2014-01-01',520123),('d1cee19d7f634b6f93bf70df89c0be77',6,78,'2','2','2014-01-01',520123),('d1e951af362e43d5a632d42ffe9457b9',15,215,'1','1','2014-01-01',520123),('d20786a183fa472e8e8b486074c9e3d2',18,72,'1','1','2014-01-01',520123),('d2369c11b18446229be81a2cdaaed324',10,70,'2','1','2014-01-01',520123),('d23f84bc94144eeab8e501ca792b44bd',14,60,'1','1','2014-01-01',520123),('d24652767710421bbd4d59105db53283',18,72,'1','1','2014-01-01',520123),('d247b131b2354199bd295066b7c9f26c',18,72,'1','1','2014-01-01',520123),('d261f63f9bad44d8bb6bc4397e885077',14,60,'1','1','2014-01-01',520123),('d27be8f5142d44b48e29e2a16933cf32',2,177,'2','1','2014-01-01',520123),('d27d8c282358456f98a28f59b45b7deb',10,70,'2','1','2014-01-01',520123),('d28531a6bb4043dba68ed460e9c1ee58',3,63,'2','1','2014-01-01',520123),('d2a29f579ceb49b58d3b14d38adf5a39',18,72,'1','1','2014-01-01',520123),('d2bdd2ee00064baa9b34b0dd6e5ca9f0',11,73,'2','1','2014-01-01',520123),('d2e7e9bceede4a27b0ea68bd12583aa2',8,63,'2','3','2014-01-01',520123),('d30727819ff64052b3914c0d9b02ffaf',1,90,'2','1','2014-01-01',520123),('d307f0981d3e44039f1a15f9223aae17',9,83,'2','1','2014-01-01',520123),('d32aba36a8bc468db03aafde331e529c',16,75,'1','1','2014-01-01',520123),('d3431377acae48ae920c6c6d7f2427cf',14,60,'1','1','2014-01-01',520123),('d347a2cbed404c52a7a6ca23c06f7fcd',18,156,'1','1','2014-01-01',520123),('d3539aafd4ec43ffa9fb04b2ed6f45cb',2,177,'2','1','2014-01-01',520123),('d356695d0d614169a325d903be95e178',19,255,'1','2','2014-01-01',520123),('d382b9e6f4e24c8eb68362891f21ba51',14,215,'1','1','2014-01-01',520123),('d388d55b22ce4932954f940526b4fed2',16,75,'1','1','2014-01-01',520123),('d395b32f19054bc2a593f4b474c3a3ee',5,128,'2','2','2014-01-01',520123),('d3c062feccef441eb2425feee0ecfca7',9,177,'2','1','2014-01-01',520123),('d3d249b27b9644d190255434db05e190',18,156,'1','1','2014-01-01',520123),('d41ff9a0ab894babbc22e3093a97ec45',2,100,'2','1','2014-01-01',520123),('d45444817ddf4ba9b4726178ceb064df',4,76,'2','1','2014-01-01',520123),('d459acffa0ea447cba46264f74cd51db',9,83,'2','1','2014-01-01',520123),('d4837e2a857f421bb9b922d784e19fa9',14,60,'1','1','2014-01-01',520123),('d49b453da24e40c587828b5eb9a52aff',18,72,'1','1','2014-01-01',520123),('d4b0af42be264a5bb82312b3a3d2dd90',7,75,'2','3','2014-01-01',520123),('d4e6e5bf3443433cba212cf48f942a10',12,100,'1','1','2014-01-01',520123),('d50098ddae8346aab5f48909484d24a6',11,73,'2','1','2014-01-01',520123),('d545d2cf42fd464284fb869c18de1c7d',14,60,'1','1','2014-01-01',520123),('d5471833841a48e4800c8b8bcc81e5b8',9,83,'2','1','2014-01-01',520123),('d5572adb9e074f5db1c86d689095d3e8',5,90,'2','2','2014-01-01',520123),('d5581abb1677454bba85d02abd192873',7,75,'2','3','2014-01-01',520123),('d5646bf67e8e4122adb2d74da8072f9b',8,58,'2','3','2014-01-01',520123),('d5673499076e44669d827db342347d11',4,108,'2','1','2014-01-01',520123),('d5a6a385a791433ab9b99b0fcb4a319f',12,255,'1','1','2014-01-01',520123),('d5d37655749e4fb38f09a031bd1b6df0',16,75,'1','1','2014-01-01',520123),('d5ee76886b134ebba1109a229461709d',7,75,'2','3','2014-01-01',520123),('d5fb28d307454db49b3d171295e862c4',9,177,'2','1','2014-01-01',520123),('d60a1163be5a40538b7ef6599685d594',17,72,'1','1','2014-01-01',520123),('d61ace15903445c9889161ef8b6aa3ce',18,72,'1','1','2014-01-01',520123),('d63148003544423d97dd121d30b0b843',14,60,'1','1','2014-01-01',520123),('d662248d98c5423db2b4180c22448156',5,90,'2','2','2014-01-01',520123),('d667319fc27b4a41a6b7997f5c600a65',3,63,'2','1','2014-01-01',520123),('d681e39f04c24fde96d0397e0f03d85f',19,92,'1','2','2014-01-01',520123),('d6f7de4bf9524b8caaefd0ac4ba73361',5,128,'2','2','2014-01-01',520123),('d6fc07b3a4b04c7eb4ca2bd44cf5a774',12,100,'1','1','2014-01-01',520123),('d719c939c73546598b15efcd07dc8dee',6,103,'2','2','2014-01-01',520123),('d72b9a09999242d0a274ffc6024040e7',16,75,'1','1','2014-01-01',520123),('d72d38f5eb9141c990ec1f846e17ccaa',7,75,'2','3','2014-01-01',520123),('d7468ec9357443509d52236c08224d0e',9,83,'2','1','2014-01-01',520123),('d78e9cd802534709b8b45545dc89fb55',15,72,'1','1','2014-01-01',520123),('d7cd6e56d0b64567878dca357b43cf37',1,78,'2','1','2014-01-01',520123),('d7eea0b1e36249da9367d54fea341ae3',9,83,'2','1','2014-01-01',520123),('d800de6f07574f6d8f1c6b78ab465262',6,78,'2','2','2014-01-01',520123),('d801ba6f6c204fa6b380719965b1cdbc',1,78,'2','1','2014-01-01',520123),('d828ef7c705e4e6a833e77cc6d366072',3,137,'2','1','2014-01-01',520123),('d84db66121744133aabe325341e617c8',1,90,'2','1','2014-01-01',520123),('d8875e4c226c41bcabf4ca01afc3725f',18,72,'1','1','2014-01-01',520123),('d8e65381cd574e87a136287362c92608',7,75,'2','3','2014-01-01',520123),('d8e9a26983934dcca6335366b0348fd9',14,215,'1','1','2014-01-01',520123),('d918e7aa65a54cc8a7c0fe2ee421d708',7,87,'2','3','2014-01-01',520123),('d928257daec64040942cfcb5f8c3ba99',5,90,'2','2','2014-01-01',520123),('d94578c5e2a64567ba819dc115c010a1',14,60,'1','1','2014-01-01',520123),('d9bb7cd76411445f942c5ef420d7a879',14,60,'1','1','2014-01-01',520123),('d9c156cf020e411eb173e25b6341f3de',11,128,'2','1','2014-01-01',520123),('d9c3cc67e24646ec97cca91260ad0bcb',11,73,'2','1','2014-01-01',520123),('d9dc88c73e764389bd7e7c16898bba2c',19,92,'1','2','2014-01-01',520123),('d9e12465f0fe42c786ef98e17f91ce85',6,78,'2','2','2014-01-01',520123),('da287da62d5043f8b7ff29c51f8fe07e',11,128,'2','1','2014-01-01',520123),('da481edea8174ca892312f7fde953610',3,63,'2','1','2014-01-01',520123),('da8e5b64907d40a4b96c11cad46d0f30',11,128,'2','1','2014-01-01',520123),('da9f33a7bfb849829126ed4f12a37e45',18,72,'1','1','2014-01-01',520123),('dabde38eb6654480825c09420c1d7f18',10,70,'2','1','2014-01-01',520123),('dacfb7ea2d4b4330a7d5a125cb7f41df',15,215,'1','1','2014-01-01',520123),('dadfd8d6b3ae42a39a819cf93c8b0e49',13,87,'1','3','2014-01-01',520123),('dae13c02a5644955b8871095493a1f6f',14,215,'1','1','2014-01-01',520123),('db2022ae09b24e37a54f41b73bf10c90',11,73,'2','1','2014-01-01',520123),('db29105cc4db42049ee9d0eca22b84ab',5,90,'2','2','2014-01-01',520123),('db2997c3aa894d38893d9db5d33c5268',19,100,'1','2','2014-01-01',520123),('db5bdc1e8230410daf64b2f3348522c0',15,215,'1','1','2014-01-01',520123),('db6f5bbcbdbf4feabfd30cc8580c149c',11,73,'2','1','2014-01-01',520123),('dba5fbb1475c407eb6a616a8b15e6cb6',8,62,'2','3','2014-01-01',520123),('dbb7bf5298104b12a307a34b51e22a71',9,177,'2','1','2014-01-01',520123),('dbc9902b609244f6ab9f14b51f888b44',17,215,'1','1','2014-01-01',520123),('dc02e207b0584441aa93dbb877705254',5,90,'2','2','2014-01-01',520123),('dc30cfd8f09749729ac0c74585a4e428',10,70,'2','1','2014-01-01',520123),('dc3ad080ce874f13aa1c7e62109fc1ae',8,58,'2','3','2014-01-01',520123),('dc3bb43861484ef7a9c88617a6a3090c',5,90,'2','2','2014-01-01',520123),('dc88928437004e959a500285458c70e5',14,60,'1','1','2014-01-01',520123),('dc89c7a7db734c00b780962960f3efef',9,83,'2','1','2014-01-01',520123),('dcd3b561ae5e437282e42a21fd8fdc4c',6,78,'2','2','2014-01-01',520123),('dcedba6a1b4a4459baac2a0881f11859',10,70,'2','1','2014-01-01',520123),('dd2cbf7fb703495bbc5d84f60b4e6975',8,63,'2','3','2014-01-01',520123),('dd61007d8c564a93838b3df4abe22535',18,72,'1','1','2014-01-01',520123),('dd7a7170f82f4f1d980efa19a05be250',2,177,'2','1','2014-01-01',520123),('dd7f973e3dae41e483308e026705f522',7,113,'2','3','2014-01-01',520123),('dd9610c9cfaa475181586452179afbb1',11,73,'2','1','2014-01-01',520123),('ddba886652a1478aab1cddb3617d6764',18,72,'1','1','2014-01-01',520123),('ddd4313f6a39402096511cf6e0e647fc',10,132,'2','1','2014-01-01',520123),('ddd6703517bc417cb6e8d8211ec9d4ba',19,92,'1','2','2014-01-01',520123),('ddeca96926cf42d19de7c1194027af0a',2,100,'2','1','2014-01-01',520123),('ddefdd87ec014cd6a2b692099a1ec87d',17,72,'1','1','2014-01-01',520123),('ddfc7ece7d164598829d1017bb7c5da2',18,72,'1','1','2014-01-01',520123),('ddfff47c5e004306ad467b44978c9821',18,156,'1','1','2014-01-01',520123),('de0597bf179e45c0ba34429dec968c07',3,137,'2','1','2014-01-01',520123),('de58214ada6b4f1cba726f779e1d7e96',5,90,'2','2','2014-01-01',520123),('de6d98ecfa924123a367f43dd4c1bfed',14,60,'1','1','2014-01-01',520123),('de99c46d343646d2ba2b50e42341de3a',9,177,'2','1','2014-01-01',520123),('dea5d75cdaaf4ba08d8b863a1741231c',12,100,'1','1','2014-01-01',520123),('debc1cfa5091483a87325a8431fefce1',4,76,'2','1','2014-01-01',520123),('dec2c1739cf44d28b7613fa632618e98',11,73,'2','1','2014-01-01',520123),('ded86cc532684ce980e7ec5b5bfeb2fc',16,75,'1','1','2014-01-01',520123),('df178d01924b43e2b3cff7a928b68bf9',8,58,'2','3','2014-01-01',520123),('df1e289e1f254332a0c3ac7117ecc7c2',13,87,'1','3','2014-01-01',520123),('df64e741f3594b8aafd96fa02f18a3af',5,90,'2','2','2014-01-01',520123),('df7c6bf839b64c2b867b9173dd1886a2',14,60,'1','1','2014-01-01',520123),('dfab9258cbb04037beeb0f4ab7c6a42a',1,90,'2','1','2014-01-01',520123),('dfda38fc20b248f6a7c54ad4697f6fc8',5,90,'2','2','2014-01-01',520123),('dfeed0a1ec4544eb8197bb4dc6cc52a1',6,103,'2','2','2014-01-01',520123),('e004b714883a4fc7b7dadad0c827ac17',17,72,'1','1','2014-01-01',520123),('e006b4ac89db478e8367e4cad8e3c4c9',6,103,'2','2','2014-01-01',520123),('e03adb3f50dd438c95d6570389166c33',1,90,'2','1','2014-01-01',520123),('e042e94ac35240a19c410048741e290b',4,76,'2','1','2014-01-01',520123),('e044bfd0839445f29f5cbbdf7273fcc7',6,78,'2','2','2014-01-01',520123),('e0a6b741f70d48529a07450f122693da',7,75,'2','3','2014-01-01',520123),('e0bc40860e8d4ef1a82b3cb8bd64ee34',12,100,'1','1','2014-01-01',520123),('e0bd13ab8d604552bd0024aa61387079',9,83,'2','1','2014-01-01',520123),('e11ed745a21d4f97b47b7e1619813c7d',3,137,'2','1','2014-01-01',520123),('e1290a44acbe47f68034d220096a3360',16,255,'1','1','2014-01-01',520123),('e12969d52ef848fa88944e9116252507',18,72,'1','1','2014-01-01',520123),('e1322f55e0cd4f40a1dc621fd78053b6',13,87,'1','3','2014-01-01',520123),('e137d09654504623bb8af1a7430dd2c7',10,132,'2','1','2014-01-01',520123),('e14094b5543b40a9b089803b3c09c840',4,108,'2','1','2014-01-01',520123),('e1488548f5db4cc28c49cd46f563a60c',15,215,'1','1','2014-01-01',520123),('e1598356f6b541b989fe1195dea40a54',2,177,'2','1','2014-01-01',520123),('e18f144b6b3b44158f9727374006b6e9',11,73,'2','1','2014-01-01',520123),('e1993dfb27014ebebb9338aa10448653',17,215,'1','1','2014-01-01',520123),('e1ae50f93bf347e7ba42eaadaaf26737',7,113,'2','3','2014-01-01',520123),('e1cb13780909444abb67a487e98757c7',2,177,'2','1','2014-01-01',520123),('e1d1a168d12f4d80a9b036a6203fbdc5',11,73,'2','1','2014-01-01',520123),('e1d45e2ddef84ea0bbf313e104bc9946',4,76,'2','1','2014-01-01',520123),('e1e84f9603c34853831c2e974e380ccd',17,72,'1','1','2014-01-01',520123),('e2099638db39428fbfc3ff3c41bda968',8,58,'2','3','2014-01-01',520123),('e210500a6a2b41f38e13e49afd276f29',13,87,'1','3','2014-01-01',520123),('e2134797ea6c4880a34aeafac4fd35c5',11,73,'2','1','2014-01-01',520123),('e228d9a2b6c44f9e90d8166fbf8bd169',13,87,'1','3','2014-01-01',520123),('e236169a8da04f0c814ff788f27fd27b',10,70,'2','1','2014-01-01',520123),('e2a3ff5ac01a4567be4d58b4c51216ff',5,128,'2','2','2014-01-01',520123),('e2acc1c232c6450a80af6dbeb957a7bd',10,132,'2','1','2014-01-01',520123),('e2c555c58bdf46e89dc657fb4c2731fb',17,72,'1','1','2014-01-01',520123),('e2d0be48f8c34255961ed933a0e568f3',3,137,'2','1','2014-01-01',520123),('e2f6e88b266a4404a2a8ddf2b33b25a0',7,75,'2','3','2014-01-01',520123),('e2ffa09adfc5429d9ae9a70dd51dc44f',18,72,'1','1','2014-01-01',520123),('e30b916ec0c54886b2ecb1fc40c65ddc',7,75,'2','3','2014-01-01',520123),('e30bd62e4a504ce286d9e51a7de4c0fa',6,103,'2','2','2014-01-01',520123),('e32094fda0704eb596c4230cfb8fd223',18,72,'1','1','2014-01-01',520123),('e3436b08860d47fcaaee2d518dad1519',2,97,'2','1','2014-01-01',522229),('e35b4eb058d24a43aa4d4c4491012e1e',15,72,'1','1','2014-01-01',520123),('e37d4c834b3343638fa4021fe273cb67',13,126,'1','3','2014-01-01',520123),('e386ff19674447299695445b01240486',6,78,'2','2','2014-01-01',520123),('e38862cf1c8a467f9657072e087cded5',7,75,'2','3','2014-01-01',520123),('e3bf28f4e3174ac3917b8b38fa719158',12,100,'1','1','2014-01-01',520123),('e3f1ca42568f457ab1787d89eacd298a',15,68,'1','1','2014-01-01',522229),('e46603a6991f4da0bd32ff17146468eb',18,72,'1','1','2014-01-01',520123),('e472c003adb74bbd92ec255b0d4b60e4',14,60,'1','1','2014-01-01',520123),('e4758ba83b7d468b95ac0f3fdc4f5d0c',10,132,'2','1','2014-01-01',520123),('e4affcb7b96447729636c6a3a50e7655',2,100,'2','1','2014-01-01',520123),('e4f1d9bfd9964e5d9d80ef277c11f417',3,63,'2','1','2014-01-01',520123),('e53a93bdbf7d490294c3fd4ce0ce2083',6,78,'2','2','2014-01-01',520123),('e5461b42fced492881cc19e337139dd0',10,132,'2','1','2014-01-01',520123),('e55b23487d264da5a611dd0b9dd1abab',19,255,'1','2','2014-01-01',520123),('e56f9907aec14344a5f69586e1e02615',1,90,'2','1','2014-01-01',520123),('e58fb423fea144be8015d3fa6432a71a',7,75,'2','3','2014-01-01',520123),('e59a959e401244b6aa42dc12e9c7eb67',8,63,'2','3','2014-01-01',520123),('e5a23caebc1b410fa863e39103e0ad19',4,65,'2','1','2014-01-01',520123),('e5b20691819e4d2080d2a7fff60a1891',8,58,'2','3','2014-01-01',520123),('e5ccff784ed74e33bf4dbd156cfe3cdf',5,90,'2','2','2014-01-01',520123),('e5fcc592d2e649b592f29429a416d89c',12,100,'1','1','2014-01-01',520123),('e606d8dfd9a14b8cb6e82887a610fbb7',16,75,'1','1','2014-01-01',520123),('e6088046b98e4599b866ef8e987e88b0',14,60,'1','1','2014-01-01',520123),('e60fa07b565547088a05f89fd51f5561',14,215,'1','1','2014-01-01',520123),('e644e75d2fcd420eb8709fe15fc78ea8',15,72,'1','1','2014-01-01',520123),('e666fe52c19b4bb4861f49a2ef653c4a',16,255,'1','1','2014-01-01',520123),('e675ff6d00dd4be9acd41802bb75c3ea',13,93,'1','3','2014-01-01',522229),('e691306f6213490591d35f8f0ff6cd38',11,73,'2','1','2014-01-01',520123),('e6a838b4514b4747906857de45e57d05',5,128,'2','2','2014-01-01',520123),('e6c475052951409a947f873e6372f466',5,92,'2','2','2014-01-01',520123),('e6da46350576491d94c2674164192a69',4,76,'2','1','2014-01-01',520123),('e6ef18e0d8064b2aa22ff78f1f6ab092',17,215,'1','1','2014-01-01',520123),('e6f085b15b5d4f778007f06c5b613005',8,63,'2','3','2014-01-01',520123),('e6fcb22301c24a609c52c1d5972f98a1',1,85,'2','1','2014-01-01',520123),('e71476d764714fb087b98ea78da9ddab',12,255,'1','1','2014-01-01',520123),('e721c22343db4e9ea40fc298a0a8c016',7,113,'2','3','2014-01-01',520123),('e734f5fe33364b7bb28d941133902cd2',6,78,'2','2','2014-01-01',520123),('e73939f2def34e8491fea43249d6a2bc',11,128,'2','1','2014-01-01',520123),('e75e2cc4cf2b4b6cbeecb45a856d00bb',12,255,'1','1','2014-01-01',520123),('e770af3ca77b433388c97c9290fd4e85',8,58,'2','3','2014-01-01',520123),('e79120bb3c4640988108c47b6b72e42f',7,75,'2','3','2014-01-01',520123),('e79356f7c90f4cafae336a57e635719e',11,73,'2','1','2014-01-01',520123),('e7d7f7ad37d74d88a7dacd725b73881c',14,60,'1','1','2014-01-01',520123),('e7fadfd961ba499c8fe7efc4a9741bf4',5,90,'2','2','2014-01-01',520123),('e824f6ffb86b44fc889deedfe28f5ab1',11,73,'2','1','2014-01-01',520123),('e85a5845c03340cf8f2dba1b8e5c22ff',9,83,'2','1','2014-01-01',520123),('e85b568b85e24dc9b47793b2fbe7e423',13,126,'1','3','2014-01-01',520123),('e8725d2830dc4973a6456bd71bd60a14',6,78,'2','2','2014-01-01',520123),('e87c5b09bf2549caa97a5e80b67f5400',17,72,'1','1','2014-01-01',520123),('e8d36ae30af441f887e2dc6c6d39f91b',4,76,'2','1','2014-01-01',520123),('e8d94f23f99345bc981a2c30bcb150a8',8,63,'2','3','2014-01-01',520123),('e8e23bdb5e704c5b92116ff5ad35f950',18,72,'1','1','2014-01-01',520123),('e8e4d8f57ede4ea18e5c9faa88517ea8',12,100,'1','1','2014-01-01',520123),('e8f3458499874387901dd2b4ae117347',3,63,'2','1','2014-01-01',520123),('e91909bfdbbf4a3a83ee0c1abbf5c2c9',10,70,'2','1','2014-01-01',520123),('e92671976a4548cbacd9359c5f4a8c83',10,70,'2','1','2014-01-01',520123),('e926b6c2fd384c7f866e452629e7131e',16,75,'1','1','2014-01-01',520123),('e9370938cd514f8fa3e6812ee68e0ec5',15,72,'1','1','2014-01-01',520123),('e93e63f49f444ac19d6c48683c9a69c3',10,132,'2','1','2014-01-01',520123),('e9491fef9e3d4d5fb8f6cac3704b47c2',16,255,'1','1','2014-01-01',520123),('e958f41e7b524989bb15c8dcabfec368',15,72,'1','1','2014-01-01',520123),('e96635d816904cddb0e15752ff66958b',17,215,'1','1','2014-01-01',520123),('e96a8e9748d64593afde7b3264c8c042',9,83,'2','1','2014-01-01',520123),('e96fe6b9603049d297c540a6f8187e7d',14,60,'1','1','2014-01-01',520123),('e9c7990fca4a407a909d345d03c19a29',19,255,'1','2','2014-01-01',520123),('e9d639436d424f379a8f2eab1a5e0e6c',5,128,'2','2','2014-01-01',520123),('ea1b965af67f4696af5d71927821f7a3',19,92,'1','2','2014-01-01',520123),('ea26d78d307849c6997cd5fb670c181c',2,177,'2','1','2014-01-01',520123),('ea75ceed8f4c483da9384f01050f6cdb',12,100,'1','1','2014-01-01',520123),('ea7be2c084ad437882c2d9d9700fe2c1',17,215,'1','1','2014-01-01',520123),('ead99da078f44e96a9dba3e8fc81518d',10,132,'2','1','2014-01-01',520123),('eaf4f59a06cd43d8bb5300be4656b561',3,63,'2','1','2014-01-01',520123),('eb10d1cce5ae468d9f92855b7c526a5e',11,128,'2','1','2014-01-01',520123),('eb18925c107a46c0ab0eb9cae0533e08',16,255,'1','1','2014-01-01',520123),('eb1e37d19bd44cd095298f3e7b60bae0',1,78,'2','1','2014-01-01',520123),('eb4dee0eca694055bc179b0c8bd78a5e',13,126,'1','3','2014-01-01',520123),('eb8864255a5b45348f2aff55d9ea405f',5,90,'2','2','2014-01-01',520123),('eb897d9f827247d6b76b82e189e60858',8,58,'2','3','2014-01-01',520123),('eb8efc0cb936474783b414b2d2961fdf',2,177,'2','1','2014-01-01',520123),('eb9664b0de324503a1dd4a538f5b62b7',19,92,'1','2','2014-01-01',520123),('ebc0d9e01b5949fcb097fef988b4f2b8',11,73,'2','1','2014-01-01',520123),('ebdfe2c972704b1eadaa1de45afeac60',5,90,'2','2','2014-01-01',520123),('ebf9ebffc8b74316b89780519b5cb0a8',13,126,'1','3','2014-01-01',520123),('ec0bfac228e744a7a2740c93503f03ac',15,72,'1','1','2014-01-01',520123),('ec1588e3764f47fc862971ff7947b116',5,90,'2','2','2014-01-01',520123),('ec176f547c104b7482c6412cb97b9a33',6,103,'2','2','2014-01-01',520123),('ec1ec79d1e214559bafccf282a25a0fd',8,63,'2','3','2014-01-01',520123),('ec46f24c2aab4c98b82f7c4640eb646d',7,113,'2','3','2014-01-01',520123),('ec58c2811cb742dd844f8d1c17c9218a',7,113,'2','3','2014-01-01',520123),('ec60467a660b4c309c55a283134efc4d',13,126,'1','3','2014-01-01',520123),('ec70aff5e1414a3ca9e85305262b9a39',12,100,'1','1','2014-01-01',520123),('ec73536dd4b541428819af6bc203340b',16,75,'1','1','2014-01-01',520123),('ec7bd897230543a985dd603c82567d79',7,113,'2','3','2014-01-01',520123),('ec8a6a7389304d69af660ef2a3289b7d',8,58,'2','3','2014-01-01',520123),('eca14de7f31b463a893ea19f32f6843c',5,90,'2','2','2014-01-01',520123),('ecda8141547243018156d6c70b68542d',6,103,'2','2','2014-01-01',520123),('ecdf2c1fa607456b835dcac69db8f2d9',5,90,'2','2','2014-01-01',520123),('ecec171cbe2b42d6b9a0e18e49fd8483',15,215,'1','1','2014-01-01',520123),('ed44dfa15c994fad8b9115d3ca6fec7c',18,63,'1','1','2014-01-01',522229),('ed6e285b61b944de96535362c3e9c73d',9,177,'2','1','2014-01-01',520123),('ed8ffa0983ee49ec997129ed08e10e76',6,78,'2','2','2014-01-01',520123),('edb3d3873fea42ed999b527def5f12f1',5,128,'2','2','2014-01-01',520123),('edc9917ddfbe4ece93afa798ed7df4b8',19,92,'1','2','2014-01-01',520123),('ede9195a569c485f89ad9530aeba5059',8,79,'2','3','2014-01-01',522229),('ee04371d11e14ce6b112fa7640679418',6,78,'2','2','2014-01-01',520123),('ee045b12da584920a8e2e9e06e9af404',1,90,'2','1','2014-01-01',520123),('ee1207f17a5e4ec2aed3a7a8aad3962b',10,132,'2','1','2014-01-01',520123),('ee3cfac4cad941c185c79d7b4b3a35af',18,156,'1','1','2014-01-01',520123),('ee3d53753d7544c1a9d1ee3a36590561',3,60,'2','1','2014-01-01',520123),('ee448af38d014043b7da82e9533677a6',6,103,'2','2','2014-01-01',520123),('ee55ff7ad8f547b4a8149c3b48c2e0ee',16,75,'1','1','2014-01-01',520123),('ee86134f027e410790c9d33c7a614906',10,70,'2','1','2014-01-01',520123),('eecdf104107e401ea2546293cf36132f',17,72,'1','1','2014-01-01',520123),('eefb649082ac4f1e89a43bb34ecfc1fc',7,113,'2','3','2014-01-01',520123),('eefd235ed9f4426bb3f3d2125ca7d6a3',15,72,'1','1','2014-01-01',520123),('ef01e840722848aeae240657bda98e99',12,100,'1','1','2014-01-01',520123),('ef2edc3753f14c6b9b7b6cd1eaf53e0a',12,100,'1','1','2014-01-01',520123),('ef3984dc85af4b1e86bbab69ffc7bb31',9,177,'2','1','2014-01-01',520123),('ef48a082b4c842c0bb9104fd79b43593',2,100,'2','1','2014-01-01',520123),('ef94a9a2c70444228ff83289684aaff9',4,65,'2','1','2014-01-01',520123),('efa3143c555e4a2cbb12bf91298b6072',15,72,'1','1','2014-01-01',520123),('efc528e3ca744b9bb5242a846c907785',1,90,'2','1','2014-01-01',520123),('f00571c922ec41da84830d21755de905',10,132,'2','1','2014-01-01',520123),('f0284477129048c495e906af7f9b3f07',12,255,'1','1','2014-01-01',520123),('f03d450e7d174bc18605541a2ea29244',3,63,'2','1','2014-01-01',520123),('f03fb0e111654a68a6eb41be30ad9c87',6,103,'2','2','2014-01-01',520123),('f046cbf603c64270aacd2932dca6c7fc',18,72,'1','1','2014-01-01',520123),('f0576ac84c424d7e932f6737e5574fdc',3,137,'2','1','2014-01-01',520123),('f0789030654b4d74ab7ee82bba2d00a4',1,85,'2','1','2014-01-01',520123),('f0820263155f49d58c6d49a352e3e07b',11,73,'2','1','2014-01-01',520123),('f091a7b306dd477dac1816bc205bde56',5,90,'2','2','2014-01-01',520123),('f0d14dbc16d94942bf000c7f87ff075a',15,215,'1','1','2014-01-01',520123),('f0d4f19c6e8f4ee2aca7411b470c8445',5,90,'2','2','2014-01-01',520123),('f0f2669b04964e00bfc84f3b597371c7',7,87,'2','3','2014-01-01',520123),('f13fa27733054c089ad9a85e5fb5b34f',6,78,'2','2','2014-01-01',520123),('f14624330a7b418caf239ab4e53414e5',18,156,'1','1','2014-01-01',520123),('f15b66a0a3c547b6b66907af7aa71386',11,85,'2','1','2014-01-01',520123),('f15d9cacbd884f8a9cb2306f80ca6f65',6,78,'2','2','2014-01-01',520123),('f164303c1e144cadb7ade60e8c2ac223',4,76,'2','1','2014-01-01',520123),('f167bb0687f14312b705b9aab7d46096',13,87,'1','3','2014-01-01',520123),('f17ed3b6a7d841ec8bcd7cfd60773a5f',15,215,'1','1','2014-01-01',520123),('f1a5af8ceddf4228873574d31e538d8d',3,63,'2','1','2014-01-01',520123),('f1a9f0837add4501a4e4a3cc30a0e6c8',11,128,'2','1','2014-01-01',520123),('f1b4be29d4334bdf93eec2622cb8bf22',14,215,'1','1','2014-01-01',520123),('f1dfc58aa31f4643b5c77c786e84f76e',3,60,'2','1','2014-01-01',520123),('f1e404c2f31440e388d7a6cd6e35577c',7,75,'2','3','2014-01-01',520123),('f1e5b57a9f364ffbae00b5d088e62934',9,83,'2','1','2014-01-01',520123),('f2007474230b44be8b597a0654ed3715',1,78,'2','1','2014-01-01',520123),('f205aac3f3c542aca003769fa56ecb8d',19,92,'1','2','2014-01-01',520123),('f21886c162a948deba097fc587c30842',15,60,'1','1','2014-01-01',520123),('f23fe02b6202405fb3b6476638a20c9b',13,87,'1','3','2014-01-01',520123),('f2428f106cfd48709caecb58db75407f',4,76,'2','1','2014-01-01',520123),('f26ed85f3a6f419ca0203a72cfa98007',4,108,'2','1','2014-01-01',520123),('f2724337e8ee46478cdd4bbc46a5a23d',12,100,'1','1','2014-01-01',520123),('f2786ace43634225991b1ab50e98f624',4,76,'2','1','2014-01-01',520123),('f284422dcbdf43a4b118494eb90f4b35',10,132,'2','1','2014-01-01',520123),('f294ff2f87a14e9d96b765075f3a7ff3',10,132,'2','1','2014-01-01',520123),('f2a13c2ed3034aef829c79d1b5d88bc6',4,76,'2','1','2014-01-01',520123),('f2a32a6b8b434c49b0cfd5afde0e0890',5,128,'2','2','2014-01-01',520123),('f2be28a12c1c4d788b7530f7f41dd2a7',15,215,'1','1','2014-01-01',520123),('f303ca99ab1b491cb3ea12765a670132',6,78,'2','2','2014-01-01',520123),('f3078276249449f587b1f3638a59ed91',17,72,'1','1','2014-01-01',520123),('f35f1cf2db2a47a9bb6c9c20ee49545e',18,156,'1','1','2014-01-01',520123),('f360a9a00219413f85f19f19d6d91b34',12,100,'1','1','2014-01-01',520123),('f36e7b1793284db1a4b0369dba225d75',8,62,'2','3','2014-01-01',520123),('f37dbb40449541b290e1daa2bebe6c93',10,70,'2','1','2014-01-01',520123),('f39a26eb8b044f8fa9c527512557da9d',13,87,'1','3','2014-01-01',520123),('f3c935479a014a77a64cee56801442ba',11,85,'2','1','2014-01-01',520123),('f3d27e97114b44718e31658fad1762ec',3,66,'2','1','2014-01-01',522229),('f413167abb214f04a5ab48e6ba41f55d',5,90,'2','2','2014-01-01',520123),('f4270c9b681e4449a7cfa8f0c1f203ad',9,83,'2','1','2014-01-01',520123),('f45c503c658e4679800ddeda0644262c',7,113,'2','3','2014-01-01',520123),('f46395b602fe4692a07cc704737bceac',5,128,'2','2','2014-01-01',520123),('f4a29d926dab44f2854db39367c872ce',19,255,'1','2','2014-01-01',520123),('f4a838d9d47e462484fa56b3f34eb6f2',2,100,'2','1','2014-01-01',520123),('f4a8beaf27c94e03aab5b6eb551fbd03',2,100,'2','1','2014-01-01',520123),('f4b460e6be194a118e63572275a2235a',17,72,'1','1','2014-01-01',520123),('f4ca188f8860497db73a7d15a88d2d29',11,73,'2','1','2014-01-01',520123),('f4f376fc8ead4d39a8feb66b26d09ce9',19,92,'1','2','2014-01-01',520123),('f4fcd3b0f8be42efb8f33a306bad9c1c',4,76,'2','1','2014-01-01',520123),('f50d2a370c2c47f8b0be02b499aa9467',3,137,'2','1','2014-01-01',520123),('f56c174a71524fca84f5441bd58c52d8',10,70,'2','1','2014-01-01',520123),('f59de5a724774b7a8064790794b5330a',10,70,'2','1','2014-01-01',520123),('f5a0774bce7b44aebaaa23f741c67c6d',12,100,'1','1','2014-01-01',520123),('f5cfecfedf6a4b1b96f53eaccd0b7413',16,255,'1','1','2014-01-01',520123),('f6110461199b4202902c2694f72d2825',16,75,'1','1','2014-01-01',520123),('f626abeb0bad4552ae1c9934abcb3144',7,113,'2','3','2014-01-01',520123),('f62b6b1dacbe4754bdc57ccdec9bf751',1,90,'2','1','2014-01-01',520123),('f640e5a8226b4fbc9e6bf74ec9f54c37',13,87,'1','3','2014-01-01',520123),('f65751938c004fe4af768aed960a4f45',8,63,'2','3','2014-01-01',520123),('f6c7492478f7466c9e229794dfd83e5a',18,72,'1','1','2014-01-01',520123),('f6ce1c91780b4ec09809cb3f33a7f156',2,100,'2','1','2014-01-01',520123),('f6d7cd99375b4d1e84a8a021685c5825',10,55,'2','1','2014-01-01',520123),('f6d85a923a0c4091af68f8efaad5292e',2,100,'2','1','2014-01-01',520123),('f6db0bb13e9345638ad548969eb1ea98',1,92,'2','1','2014-01-01',522229),('f6dba557decb4ee6863ae6c1bc0c6219',15,72,'1','1','2014-01-01',520123),('f7122626b60d4202b82b7bef72090b68',5,128,'2','2','2014-01-01',520123),('f714f35e85f44b7bb1febcc9b1a852e1',16,75,'1','1','2014-01-01',520123),('f71ce5a82e92452dae3c321b0076e233',15,72,'1','1','2014-01-01',520123),('f71ef284916443649f77e85ad8f1fe6e',2,100,'2','1','2014-01-01',520123),('f729666618f547c98b676b8b42610f26',7,75,'2','3','2014-01-01',520123),('f73d76ff0aa342258aeaa82f1ec95421',1,90,'2','1','2014-01-01',520123),('f7527a794bf1414eb7f6a0a95d9a03b7',16,255,'1','1','2014-01-01',520123),('f76e194bd1f6404e98f98bed45645282',9,83,'2','1','2014-01-01',520123),('f7a2daacf19e463ebd59a02e0da2daf3',11,73,'2','1','2014-01-01',520123),('f7cc6955372446eb81ad905f848de63f',7,75,'2','3','2014-01-01',520123),('f7f3aabf9f154449b36a91ebf5c4c8d1',9,177,'2','1','2014-01-01',520123),('f824949281114e43a33563eb8c91f8b2',7,75,'2','3','2014-01-01',520123),('f82d7451fbd949b8b6c02486bc83b0e3',2,100,'2','1','2014-01-01',520123),('f854419bf93444e38838f21e2210d1e2',14,60,'1','1','2014-01-01',520123),('f860f4979f1d49c6932119ea0733543a',19,92,'1','2','2014-01-01',520123),('f884411f7b054855a1997b73a448885a',6,103,'2','2','2014-01-01',520123),('f88b67a5822e4584aedb2dcbe47d9908',15,215,'1','1','2014-01-01',520123),('f8a2db4633794c93bd391bcbe851348c',4,76,'2','1','2014-01-01',520123),('f8d2ef5f78a2490ba88a0ff2d9f7175e',10,70,'2','1','2014-01-01',520123),('f8e124ef3fa44279a53fa0cfdc01b2dc',8,63,'2','3','2014-01-01',520123),('f8e7b6d4d9c94468a48710b0f8239b08',17,72,'1','1','2014-01-01',520123),('f8f894cbbdb04e1682849dc75e01a247',17,215,'1','1','2014-01-01',520123),('f8ff93bee2f445d09789b2a2de60416b',3,63,'2','1','2014-01-01',520123),('f91a7301ef5348cf92526f63973c972f',13,87,'1','3','2014-01-01',520123),('f93ad5a88ca44a4c874ac355c9e68016',8,58,'2','3','2014-01-01',520123),('f975c13ae2f64ed5a28f37f3a1a37889',5,128,'2','2','2014-01-01',520123),('f97cedbdbb8e4f0580a89359345de149',8,58,'2','3','2014-01-01',520123),('f9ace01b7a2043d882b4805ec0c27e7f',2,177,'2','1','2014-01-01',520123),('f9b57f0cc65a483aa79c350c05ade6fb',19,92,'1','2','2014-01-01',520123),('f9b76a7268844340bba3d58befc62b35',8,63,'2','3','2014-01-01',520123),('f9c1d9b305124d26b91f3d2927ee9cfb',8,58,'2','3','2014-01-01',520123),('f9c941ea4a514769bd2560c6700b3915',11,73,'2','1','2014-01-01',520123),('f9dfc0f61bb045919b70d377fd61850d',13,87,'1','3','2014-01-01',520123),('f9e1289aa6924b4bae29d31fb96ded43',8,58,'2','3','2014-01-01',520123),('f9e76e22f9fd4972b0959454b26044f7',7,75,'2','3','2014-01-01',520123),('f9efd19a420c4d188552c15ebb343f72',3,63,'2','1','2014-01-01',520123),('f9f17465bdd040989176736c034a837d',5,128,'2','2','2014-01-01',520123),('f9ff81bb24df42698fcac17fee5ee39b',4,108,'2','1','2014-01-01',520123),('fa005428b58940d4aa7fff5c0e77d184',8,63,'2','3','2014-01-01',520123),('fa0d0e54b05f40d4901abd78e4e55a38',8,58,'2','3','2014-01-01',520123),('fa20c52772354d1e919e4ce8e54bb6a7',14,60,'1','1','2014-01-01',520123),('fa20c810e2274f6aad8648c22c7ac259',7,75,'2','3','2014-01-01',520123),('fa3f2ba289234d149e77b3beaf174bfa',8,63,'2','3','2014-01-01',520123),('fa4b6991ff5c454981eed40ea3ff4502',17,215,'1','1','2014-01-01',520123),('fa5fc331258b4fe09a1b4f75ba8847a9',19,92,'1','2','2014-01-01',520123),('fa6121f0751c4b30bc352f0898bbc8a6',5,128,'2','2','2014-01-01',520123),('fa93e4c777f14ad88888676dcce78cb6',2,100,'2','1','2014-01-01',520123),('fad050366a094507810b987d6d60e0f9',16,75,'1','1','2014-01-01',520123),('fb046c1432a54bbdb6a48f6327d3981f',9,177,'2','1','2014-01-01',520123),('fb1b59520af84879bb7ae99335e48713',16,255,'1','1','2014-01-01',520123),('fb329502a1504d23a68065506aa740be',15,72,'1','1','2014-01-01',520123),('fb771d1094444fa79f77fe20f1b371b7',14,215,'1','1','2014-01-01',520123),('fbbdeeddd4544878be25ffbe81b36f54',11,73,'2','1','2014-01-01',520123),('fbbe6d7998ed4dc6a2e17f4bd345389b',10,70,'2','1','2014-01-01',520123),('fbce0537d4f647b8835075d93041cc16',3,63,'2','1','2014-01-01',520123),('fbd2e074419148f2ba7503795bc6f9b5',9,83,'2','1','2014-01-01',520123),('fc10c942480d438592c34a9f67f240b2',15,72,'1','1','2014-01-01',520123),('fc2b5573c4d54f11a9db5a7e778acac9',13,87,'1','3','2014-01-01',520123),('fc31bdf177aa4b9ab45ead8279010ffb',11,73,'2','1','2014-01-01',520123),('fc3aa54f6863457eb39981989fd79755',3,137,'2','1','2014-01-01',520123),('fc41e19cec9042919513fbeaa650a602',6,78,'2','2','2014-01-01',520123),('fc49569a30ec4e31ad0445eba0cf80f4',16,255,'1','1','2014-01-01',520123),('fc65c5e47e5c47deb4670a5cefbcb9f6',2,100,'2','1','2014-01-01',520123),('fc70d472c20d4d8aa192b0a7b5d6a0a3',14,57,'1','1','2014-01-01',522229),('fca425192ee64579ab4122c4f53c438b',11,73,'2','1','2014-01-01',520123),('fcd1cb22fbda47bf9ba4ebed54f36f35',2,100,'2','1','2014-01-01',520123),('fd03881b196f445e968dabd9af791904',7,75,'2','3','2014-01-01',520123),('fd2337a0022b45c591900f0b9de4aee0',9,83,'2','1','2014-01-01',520123),('fd2ddebfbc5847fc9a5bcf9791694c17',12,100,'1','1','2014-01-01',520123),('fd478bd1e78c4a94838b6dc70cfe02cc',4,76,'2','1','2014-01-01',520123),('fd4b54bcc10149d08560c7981441f8cf',15,72,'1','1','2014-01-01',520123),('fdbf6cbbabb841a9bd9f79abe1fce6d0',12,255,'1','1','2014-01-01',520123),('fdfcef622aaa41aeb871697a28491228',6,78,'2','2','2014-01-01',520123),('fe29af2c10f64e6e84e7a62e2fb54338',15,72,'1','1','2014-01-01',520123),('fe574f05f4b6416983066fe6a07b4ff1',17,72,'1','1','2014-01-01',520123),('feb1bfbc954b41739bba4f6952bc5487',7,75,'2','3','2014-01-01',520123),('febcb54a1d10479da7b0eb98137e1e3a',1,90,'2','1','2014-01-01',520123),('fef085c483954a4d9da72d9888d90ddc',4,108,'2','1','2014-01-01',520123),('ff045ec428794defad9bffedf61eaa9a',12,255,'1','1','2014-01-01',520123),('ff262a0a71624bdda9d5c9091a272e26',17,72,'1','1','2014-01-01',520123),('ff4c58a1032f49de93c0f3e57e1991ec',13,87,'1','3','2014-01-01',520123),('ff528ee6d91d4baea167d4da529f6f9e',15,215,'1','1','2014-01-01',520123),('ff63e3a08e51431eb421ec8b253b7e82',7,75,'2','3','2014-01-01',520123),('ff844be95b2d463594828ee6c2273d95',18,72,'1','1','2014-01-01',520123),('ffbc62dd1da2411f97d1a4179c32e48f',18,72,'1','1','2014-01-01',520123),('ffd10bc4932247f1b8b27be0ff4ebbed',17,72,'1','1','2014-01-01',520123),('ffd3f63b8c2c4e89876c97aa48766128',13,126,'1','3','2014-01-01',520123),('ffd43badf4ff440bbb2a4b36b8e22156',13,126,'1','3','2014-01-01',520123),('ffec5610ff1845cd8d11137ff8124089',2,100,'2','1','2014-01-01',520123);
/*!40000 ALTER TABLE `question_score` ENABLE KEYS */;
UNLOCK TABLES;

--
-- Table structure for table `question_type`
--

DROP TABLE IF EXISTS `question_type`;
/*!40101 SET @saved_cs_client     = @@character_set_client */;
/*!40101 SET character_set_client = utf8 */;
CREATE TABLE `question_type` (
  `questionTypeId` varchar(45) NOT NULL,
  `questionTypeName` varchar(200) default NULL,
  `optionAValue` int(11) default NULL,
  `optionBValue` int(11) default NULL,
  `optionCValue` int(11) default NULL,
  `optionDValue` int(11) default NULL,
  `optionEValue` int(11) default NULL,
  `optionFValue` int(11) default NULL,
  PRIMARY KEY  (`questionTypeId`)
) ENGINE=InnoDB DEFAULT CHARSET=utf8;
/*!40101 SET character_set_client = @saved_cs_client */;

--
-- Dumping data for table `question_type`
--

LOCK TABLES `question_type` WRITE;
/*!40000 ALTER TABLE `question_type` DISABLE KEYS */;
INSERT INTO `question_type` VALUES ('1','5个答案',100,85,70,60,50,NULL),('2','4个答案',100,85,70,50,NULL,NULL),('3','3个答案',100,75,50,NULL,NULL,NULL);
/*!40000 ALTER TABLE `question_type` ENABLE KEYS */;
UNLOCK TABLES;

--
-- Table structure for table `respondents`
--

DROP TABLE IF EXISTS `respondents`;
/*!40101 SET @saved_cs_client     = @@character_set_client */;
/*!40101 SET character_set_client = utf8 */;
CREATE TABLE `respondents` (
  `respondId` varchar(45) NOT NULL,
  `submitTime` datetime default NULL,
  `surveyId` varchar(45) default NULL COMMENT '问卷Id',
  `surveyValidity` int(11) default NULL,
  `submitQuestions` int(11) default NULL,
  `surveyRegion` varchar(20) default NULL,
  `respondOrgType` varchar(20) default NULL,
  PRIMARY KEY  (`respondId`)
) ENGINE=InnoDB DEFAULT CHARSET=utf8;
/*!40101 SET character_set_client = @saved_cs_client */;

--
-- Dumping data for table `respondents`
--

LOCK TABLES `respondents` WRITE;
/*!40000 ALTER TABLE `respondents` DISABLE KEYS */;
INSERT INTO `respondents` VALUES ('07f56f3720da4279a8ea58ab425b2597','2014-10-31 14:59:03','2',NULL,NULL,'522229',NULL),('4c16266afc9542cf922f6eeac44a982c','2014-10-12 22:57:09','2',NULL,NULL,'520123',NULL),('5bfa636ddfad40fda28b69131ef8da3d','2014-10-31 14:59:50','1',NULL,NULL,'522229',NULL),('7fc2555536db48c59aecb04e8a5b28e5','2014-10-31 14:59:37','2',NULL,NULL,'522229',NULL),('b76fa1a0735c45b69b36a3a70f0423bf','2014-10-12 22:56:56','1',NULL,NULL,'520123',NULL),('ce0c1854ca134c948c492e6f13bc750c','2014-10-12 22:57:34','2',NULL,NULL,'520123',NULL),('cfd029001291400db2464c867b44a85d','2014-10-31 14:59:18','1',NULL,NULL,'522229',NULL),('e5af130726934c3ea0addd11604a9f65','2014-10-31 14:59:36','2',NULL,NULL,'522229',NULL);
/*!40000 ALTER TABLE `respondents` ENABLE KEYS */;
UNLOCK TABLES;

--
-- Table structure for table `survey_questions`
--

DROP TABLE IF EXISTS `survey_questions`;
/*!40101 SET @saved_cs_client     = @@character_set_client */;
/*!40101 SET character_set_client = utf8 */;
CREATE TABLE `survey_questions` (
  `questionId` int(11) NOT NULL COMMENT '问题Id',
  `surveyId` varchar(45) NOT NULL default '' COMMENT '问卷Id',
  PRIMARY KEY  (`questionId`,`surveyId`)
) ENGINE=InnoDB DEFAULT CHARSET=utf8;
/*!40101 SET character_set_client = @saved_cs_client */;

--
-- Dumping data for table `survey_questions`
--

LOCK TABLES `survey_questions` WRITE;
/*!40000 ALTER TABLE `survey_questions` DISABLE KEYS */;
INSERT INTO `survey_questions` VALUES (1,'2'),(2,'2'),(3,'2'),(4,'2'),(5,'2'),(6,'2'),(7,'2'),(8,'2'),(9,'2'),(10,'2'),(11,'2'),(12,'1'),(13,'1'),(14,'1'),(15,'1'),(16,'1'),(17,'1'),(18,'1'),(19,'1');
/*!40000 ALTER TABLE `survey_questions` ENABLE KEYS */;
UNLOCK TABLES;

--
-- Table structure for table `sys_biz_permission`
--

DROP TABLE IF EXISTS `sys_biz_permission`;
/*!40101 SET @saved_cs_client     = @@character_set_client */;
/*!40101 SET character_set_client = utf8 */;
CREATE TABLE `sys_biz_permission` (
  `permissionId` int(11) NOT NULL auto_increment,
  `permission_def` varchar(100) default NULL,
  `name` varchar(50) default NULL,
  `description` varchar(200) default NULL,
  `pid` int(11) default NULL,
  `sequence` int(11) NOT NULL,
  `enable` char(1) default NULL,
  `type` char(1) default NULL,
  `create_by` varchar(64) default NULL COMMENT '创建者',
  `create_time` datetime default NULL COMMENT '创建时间',
  `update_by` varchar(64) default NULL COMMENT '更新者',
  `update_time` datetime default NULL COMMENT '更新时间',
  PRIMARY KEY  (`permissionId`)
) ENGINE=InnoDB AUTO_INCREMENT=7 DEFAULT CHARSET=utf8;
/*!40101 SET character_set_client = @saved_cs_client */;

--
-- Dumping data for table `sys_biz_permission`
--

LOCK TABLES `sys_biz_permission` WRITE;
/*!40000 ALTER TABLE `sys_biz_permission` DISABLE KEYS */;
INSERT INTO `sys_biz_permission` VALUES (1,NULL,'新数据权限',NULL,3,0,'0','1','19820224','2014-05-04 16:52:34','19820224','2014-05-04 17:12:25'),(2,NULL,'New node',NULL,3,0,'0','0','19820224','2014-05-04 16:53:00','19820224','2014-05-04 16:53:00'),(3,NULL,'新数据权限',NULL,3,0,'0','0','19820224','2014-05-04 16:59:30','19820224','2014-05-04 17:02:34'),(4,'select * from sys_user_inner where name= ?','New node',NULL,-1,0,'0','1','19820224','2014-05-04 16:05:08','19820224','2014-05-04 16:05:08'),(5,NULL,'New node',NULL,-1,0,'0','0','19820224','2014-05-04 16:05:24','19820224','2014-05-04 16:05:24'),(6,'666','111','666',-1,0,'0','0',NULL,NULL,'19820224','2014-05-04 17:01:56');
/*!40000 ALTER TABLE `sys_biz_permission` ENABLE KEYS */;
UNLOCK TABLES;

--
-- Table structure for table `sys_biz_permission_param`
--

DROP TABLE IF EXISTS `sys_biz_permission_param`;
/*!40101 SET @saved_cs_client     = @@character_set_client */;
/*!40101 SET character_set_client = utf8 */;
CREATE TABLE `sys_biz_permission_param` (
  `id` varchar(45) NOT NULL,
  `name` varchar(45) default NULL,
  `type` varchar(45) default NULL,
  `serial` int(1) default NULL,
  `permissionId` int(11) default NULL,
  PRIMARY KEY  (`id`),
  KEY `biz_permission` (`permissionId`)
) ENGINE=InnoDB DEFAULT CHARSET=utf8;
/*!40101 SET character_set_client = @saved_cs_client */;

--
-- Dumping data for table `sys_biz_permission_param`
--

LOCK TABLES `sys_biz_permission_param` WRITE;
/*!40000 ALTER TABLE `sys_biz_permission_param` DISABLE KEYS */;
/*!40000 ALTER TABLE `sys_biz_permission_param` ENABLE KEYS */;
UNLOCK TABLES;

--
-- Table structure for table `sys_dict`
--

DROP TABLE IF EXISTS `sys_dict`;
/*!40101 SET @saved_cs_client     = @@character_set_client */;
/*!40101 SET character_set_client = utf8 */;
CREATE TABLE `sys_dict` (
  `id` varchar(64) NOT NULL COMMENT '编号',
  `label` varchar(100) NOT NULL COMMENT '标签名',
  `value` varchar(100) NOT NULL COMMENT '数据值',
  `type` varchar(100) NOT NULL COMMENT '类型',
  `description` varchar(100) default NULL COMMENT '描述',
  `sort` int(11) NOT NULL COMMENT '排序（升序）',
  `create_by` varchar(64) default NULL COMMENT '创建者',
  `create_time` datetime default NULL COMMENT '创建时间',
  `update_by` varchar(64) default NULL COMMENT '更新者',
  `update_time` datetime default NULL COMMENT '更新时间',
  `del_flag` char(1) NOT NULL default '0' COMMENT '删除标记',
  PRIMARY KEY  (`id`),
  KEY `sys_dict_value` (`value`),
  KEY `sys_dict_label` (`label`),
  KEY `sys_dict_del_flag` (`del_flag`)
) ENGINE=InnoDB DEFAULT CHARSET=utf8 COMMENT='字典表';
/*!40101 SET character_set_client = @saved_cs_client */;

--
-- Dumping data for table `sys_dict`
--

LOCK TABLES `sys_dict` WRITE;
/*!40000 ALTER TABLE `sys_dict` DISABLE KEYS */;
INSERT INTO `sys_dict` VALUES ('11cfe3bbaccb45b797c635ee5ef3c565','笔','4','dict_dataUnit','笔',0,'19820224','2014-09-22 09:47:04','19820224','2014-09-22 10:10:35','0'),('1cbb1fbc144e4e80a03a64e3bf23af93','>','>','dict_comparisonOp','>',0,'19820224','2014-10-30 15:13:06','19820224','2014-10-30 15:13:06','0'),('1e9112ce173448f4863ba9bda22b5b99','逆向指标','2','dict_computeType','逆向指标',0,'19820224','2014-10-30 11:36:50','19820224','2014-10-30 11:36:50','0'),('2e5d9781d9ec43528954c357ef9b8cf7',')',')','dict_operator','右括号',0,'19820224','2014-09-21 22:19:01','19820224','2014-09-21 22:19:01','0'),('2f685c70fd344e3db9270b0c27457217','项','5','dict_dataUnit','项',0,'19820224','2014-09-22 09:47:58','19820224','2014-09-22 10:10:42','0'),('3472779c5d724082a6f7e0298c6d9b56','人','12','dict_dataUnit','人',0,'19820224','2014-10-29 16:12:16','19820224','2014-10-29 16:12:16','0'),('4da6637ba867443c9c0aba5f88ebf1b0','分','10','dict_dataUnit','分数',0,'19820224','2014-10-04 13:01:12','19820224','2014-10-04 13:01:38','0'),('5a2d82f97fac4929a0f8fb9e49895977','+','+','dict_operator','加法',0,'19820224','2014-09-21 22:16:35','19820224','2014-09-21 22:16:45','0'),('5cbf46f1334b4a70aff9c9cf59c141f5','(','(','dict_operator','左括号',0,'19820224','2014-09-21 22:18:33','19820224','2014-09-21 22:18:33','0'),('62217c1225334c5bbda28e3b3e270e2d','百分数','5','dict_dataType','百分数',0,'19820224','2014-09-22 09:20:53','19820224','2014-09-27 22:04:55','0'),('67a8663b2cfe4b88b9c7aabcc4dcf476','/','/','dict_operator','除法',0,'19820224','2014-09-21 22:17:49','19820224','2014-09-21 22:17:49','0'),('68b5f33d3c994d5cb0c8b23a638f9873','份','11','dict_dataUnit','份',0,'19820224','2014-09-22 09:45:42','19820224','2014-10-29 15:54:57','0'),('691b20b0d7584c328c5d5d8bb0d682c8','户','7','dict_dataUnit','户',0,'19820224','2014-09-22 09:47:36','19820224','2014-09-22 10:11:01','0'),('69d2f0c2044e4b1f94dcbadca886cba0','家','8','dict_dataUnit','家',0,'19820224','2014-09-22 09:48:15','19820224','2014-09-22 10:11:06','0'),('6d9f32fe71234c23bd0cc845199cbc78','%','6','dict_dataUnit','百分比',0,'19820224','2014-10-03 22:31:11','19820224','2014-10-03 22:32:15','0'),('6ffaf5ba22f044fd84f71e9c97e0ff5f','字符串','1','dict_dataType','字符串',0,'19820224','2014-09-19 10:15:42','19820224','2014-09-27 22:05:04','0'),('83715ad57ac742569684386ef6903dd1','是','1','dict_boolean','布尔类型字典',0,'19820224','2014-09-16 17:25:38','19820224','2014-09-16 17:25:38','0'),('903982a314764ec69bd650b60c0ce8a0','<=','<=','dict_comparisonOp','<=',0,'19820224','2014-10-30 15:14:13','19820224','2014-10-30 15:14:13','0'),('99e4367494d44e87aee5723645c699fc','企业家问卷','1','dict_dataSurvey',NULL,0,'19820224','2014-10-10 22:31:45','19820224','2014-10-10 22:31:45','0'),('9a8142aeefee4e87832227c73eb3880f','万元','2','dict_dataUnit','万元',0,'19820224','2014-09-22 09:40:36','19820224','2014-09-22 09:40:36','0'),('ad524eedb0994384a4d0622a8fc2e574','否','0','dict_boolean','布尔类型字典',0,'19820224','2014-09-16 17:29:51','19820224','2014-09-16 17:29:51','0'),('b62d0d377cd94074bae06cb42d5bc23d','有无型指标','3','dict_computeType','有无型指标',0,'19820224','2014-10-30 11:37:37','19820224','2014-10-30 11:37:37','0'),('b921b6dc5d8548a9b14d0f71926a9fd2','正向指标','1','dict_computeType','正向指标',0,'19820224','2014-10-30 11:36:28','19820224','2014-10-30 11:36:28','0'),('c633af99f96d46a7af5f4b19b4ba3fd6','日期','3','dict_dataType','日期',0,'19820224','2014-09-19 10:21:49','19820224','2014-09-19 10:21:49','0'),('c976e55e2ba34e00a57db8811b025c75','-','-','dict_operator','减法',0,'19820224','2014-09-21 22:16:56','19820224','2014-09-21 22:16:56','0'),('cc06c82cae794d35bc8dd5026a75e77c','邮件','4','dict_dataType','邮件',0,'19820224','2014-09-19 10:32:35','19820224','2014-09-27 22:02:31','0'),('cf957d6f557042b6b73e60cc0b566fbc','=','=','dict_comparisonOp','=',0,'19820224','2014-10-30 15:12:24','19820224','2014-10-30 15:13:17','0'),('d40b829f73aa48168807b86b4d166b4f','*','*','dict_operator','乘法',0,'19820224','2014-09-21 22:17:28','19820224','2014-09-21 22:17:28','0'),('ddae0803a367406aa2986b14c5a6a205','数字','2','dict_dataType','数字',0,'19820224','2014-09-19 10:18:37','19820224','2014-09-27 22:05:27','0'),('dfcf8d8b821a4b0591dca3c0ecbe6452','万人','33','dict_dataUnit','万人',0,'19820224','2014-10-31 15:44:14','19820224','2014-10-31 15:44:14','0'),('e052493649974ee8a17f3a714be23f4e','元','1','dict_dataUnit','元',0,'19820224','2014-09-22 09:40:19','19820224','2014-09-22 09:40:19','0'),('ec9d881db29d498384865408af1c5004','>=','>=','dict_comparisonOp','>=',0,'19820224','2014-10-30 15:14:25','19820224','2014-10-30 15:14:25','0'),('edb8d39056a340ad9ecc0a2975f04dbe','银行家问卷','2','dict_dataSurvey',NULL,0,'19820224','2014-10-10 22:32:08','19820224','2014-10-10 22:32:08','0'),('f16ea504a55b45e3b0f34fc42eefa8c2','无','9','dict_dataUnit','无',0,'19820224','2014-09-22 10:08:37','19820224','2014-09-22 10:11:12','0'),('f9d83c140074427990c11f3d8bb6e30d','个','3','dict_dataUnit','个',0,'19820224','2014-09-22 09:45:04','19820224','2014-09-22 09:45:04','0'),('ffdc28b0320e4c81bc62e9830c0ca69c','<','<','dict_comparisonOp','<',0,'19820224','2014-10-30 15:12:51','19820224','2014-10-30 15:12:51','0');
/*!40000 ALTER TABLE `sys_dict` ENABLE KEYS */;
UNLOCK TABLES;

--
-- Table structure for table `sys_function_permission`
--

DROP TABLE IF EXISTS `sys_function_permission`;
/*!40101 SET @saved_cs_client     = @@character_set_client */;
/*!40101 SET character_set_client = utf8 */;
CREATE TABLE `sys_function_permission` (
  `permissionId` int(11) NOT NULL auto_increment,
  `name` varchar(100) default NULL,
  `url` varchar(100) default NULL,
  `target` varchar(45) default NULL COMMENT '目标（ mainFrame、_blank、_self、_parent、_top）',
  `enable` char(1) default NULL,
  `sequence` int(11) NOT NULL default '0',
  `pid` int(11) default NULL,
  `icon` varchar(45) default NULL,
  `description` varchar(200) default NULL,
  `create_by` varchar(64) default NULL COMMENT '创建者',
  `create_time` datetime default NULL COMMENT '创建时间',
  `update_by` varchar(64) default NULL COMMENT '更新者',
  `update_time` datetime default NULL COMMENT '更新时间',
  `menu` char(1) NOT NULL default '0' COMMENT '是否是菜单',
  `auth` char(1) default '1',
  PRIMARY KEY  (`permissionId`)
) ENGINE=InnoDB AUTO_INCREMENT=117 DEFAULT CHARSET=utf8;
/*!40101 SET character_set_client = @saved_cs_client */;

--
-- Dumping data for table `sys_function_permission`
--

LOCK TABLES `sys_function_permission` WRITE;
/*!40000 ALTER TABLE `sys_function_permission` DISABLE KEYS */;
INSERT INTO `sys_function_permission` VALUES (1,'系统设置','#',NULL,'1',1,-1,'fa-gavel',NULL,NULL,NULL,NULL,NULL,'1','1'),(2,'内容管理','#',NULL,'0',3,-1,'fa-desktop',NULL,NULL,NULL,NULL,NULL,'1','1'),(3,'用户机构','#',NULL,'1',1,1,'fa-users',NULL,NULL,NULL,NULL,NULL,'1','1'),(4,'用户管理','/sys/user/',NULL,'1',1,3,'fa-user',NULL,NULL,NULL,NULL,NULL,'1','1'),(5,'机构管理','/sys/org/',NULL,'0',2,3,'fa-paperclip',NULL,NULL,NULL,'19820224','2014-09-27 17:43:34','1','1'),(6,'基本设置','#',NULL,'1',2,1,'fa-th-large',NULL,NULL,NULL,NULL,NULL,'1','1'),(7,'菜单管理','/sys/menu/',NULL,'1',1,6,'fa-anchor','菜单管理',NULL,NULL,NULL,NULL,'1','1'),(11,'资源管理','/sys/res/',NULL,'1',2,6,'fa-rocket',NULL,NULL,NULL,NULL,NULL,'1','1'),(13,'数据权限管理','/sys/biz/',NULL,'1',5,6,'fa-signal',NULL,NULL,NULL,NULL,NULL,'1','1'),(14,'角色管理','/sys/role/',NULL,'1',3,6,'fa-arrows',NULL,NULL,NULL,NULL,NULL,'1','1'),(16,'字典管理','/sys/dict/',NULL,'1',4,6,'fa-book',NULL,NULL,NULL,NULL,NULL,'1','1'),(23,'首页请求','/',NULL,NULL,0,-1,NULL,'首页请求',NULL,NULL,NULL,NULL,'0','0'),(25,'菜单显示','/sys/menu/all',NULL,NULL,0,-1,NULL,'菜单显示',NULL,NULL,NULL,NULL,'0','0'),(26,'用户数据','/sys/user/data',NULL,NULL,0,23,NULL,'用户数据获取',NULL,NULL,NULL,NULL,'0','1'),(27,'组织机构数据获取','/sys/org/treeData',NULL,NULL,0,23,NULL,NULL,NULL,NULL,NULL,NULL,'0','1'),(28,'显示添加用户','/sys/user/showAdd',NULL,NULL,0,26,NULL,'添加用户',NULL,NULL,NULL,NULL,'0','1'),(29,'显示修改用户','/sys/user/showEdit',NULL,NULL,0,26,NULL,'显示修改用户',NULL,NULL,NULL,NULL,'0','1'),(30,'删除用户','/sys/user/d',NULL,NULL,0,26,NULL,'删除用户',NULL,NULL,NULL,NULL,'0','1'),(31,'显示分配角色','/sys/user/showAssignRole',NULL,NULL,0,26,NULL,'显示分配角色',NULL,NULL,NULL,NULL,'0','1'),(32,'获取角色树','/sys/role/tree',NULL,NULL,0,23,NULL,'角色树',NULL,NULL,NULL,NULL,'0','1'),(33,'金融机构管理','#',NULL,'1',2,-1,'fa-bolt','金融机构管理',NULL,NULL,NULL,NULL,'1','1'),(34,'用户管理','/app/financial/user',NULL,'1',1,33,'fa-user','用户管理',NULL,NULL,'19820224','2014-10-03 19:59:04','1','1'),(35,'金融机构列表','/app/financial/orgs',NULL,'1',2,33,'fa-paperclip','金融机构列表',NULL,NULL,'19820224','2014-10-16 10:56:19','1','1'),(36,'金融机构管理','/app/financial/financial_data',NULL,NULL,0,-1,NULL,'金融机构管理',NULL,NULL,NULL,NULL,'0','1'),(37,'显示添加金融机构','/app/financial/showAddFinancial',NULL,NULL,0,36,NULL,'显示添加金融机构',NULL,NULL,NULL,NULL,'0','1'),(38,'保存金融机构','/app/financial/save',NULL,NULL,0,36,NULL,'保存金融机构',NULL,NULL,NULL,NULL,'0','1'),(39,'显示修改','/app/financial/showEditFinancial',NULL,NULL,0,36,NULL,'显示修改',NULL,NULL,NULL,NULL,'0','1'),(41,'指标管理','/app/rule/list',NULL,'1',3,-1,'fa-dashboard (alias)','指标管理',NULL,NULL,NULL,NULL,'1','1'),(50,'原始数据管理','/app/inidata/list',NULL,'1',4,-1,'fa-leaf','原始数据管理','19820224','2014-09-12 16:32:50','19820224','2014-09-12 16:32:50','1','1'),(51,'数据录入','#',NULL,'1',5,-1,'fa-umbrella','数据录入','19820224','2014-09-25 16:22:36','19820224','2014-09-25 16:49:42','1','1'),(52,'统计部门','/app/input/list?type=j8_7',NULL,'1',1,51,'fa-pagelines','统计部门','19820224','2014-09-25 16:50:57','19820224','2014-11-06 17:17:10','1','1'),(53,'机构管理','/app/org/',NULL,'1',2,3,'fa-chain-broken','机构管理','19820224','2014-09-25 23:03:01','19820224','2014-09-25 23:04:20','1','1'),(54,'数据录入列表','/app/input/data',NULL,NULL,0,-1,NULL,'数据录入列表',NULL,NULL,NULL,NULL,'0','1'),(55,'显示录入数据','/app/input/show',NULL,NULL,0,54,NULL,'显示录入数据',NULL,NULL,NULL,NULL,'0','1'),(56,'保存录入数据','/app/input/save',NULL,NULL,0,54,NULL,'保存录入数据',NULL,NULL,NULL,NULL,'0','1'),(57,'显示修改数据录入','/app/input/edit',NULL,NULL,0,54,NULL,'显示修改数据录入',NULL,NULL,NULL,NULL,'0','1'),(58,'更新原始数据','/app/input/update',NULL,NULL,0,54,NULL,'更新原始数据',NULL,NULL,NULL,NULL,'0','1'),(59,'删除原始录入数据(本地保存)','/app/input/delete',NULL,NULL,0,54,NULL,'删除原始录入数据(本地保存)',NULL,NULL,NULL,NULL,'0','1'),(61,'查看上报数据','/app/input/view',NULL,NULL,0,54,NULL,'查看上报数据',NULL,NULL,NULL,NULL,'0','1'),(62,'获取金融机构用户','/app/financial/data',NULL,NULL,0,36,NULL,'获取金融机构用户',NULL,NULL,NULL,NULL,'0','1'),(63,'显示添加用户','/app/financial/showAddUser',NULL,NULL,0,36,NULL,'显示添加用户',NULL,NULL,NULL,NULL,'0','1'),(64,'显示修改用户','/app/financial/showEditUser',NULL,NULL,0,36,NULL,'显示修改用户',NULL,NULL,NULL,NULL,'0','1'),(65,'删除用户','/app/financial/deleteUser',NULL,NULL,0,36,NULL,'删除用户',NULL,NULL,NULL,NULL,'0','1'),(66,'保存金融机构用户','/app/financial/saveUser',NULL,NULL,0,36,NULL,'保存金融机构用户',NULL,NULL,NULL,NULL,'0','1'),(67,'金融机构','/app/input/list?type=j4_6&statistic=true',NULL,'0',2,51,'fa-pagelines',NULL,'19820224','2014-10-04 17:30:22','19820224','2014-10-29 18:23:39','1','1'),(68,'财政部门','/app/input/list?type=j8_8',NULL,'1',3,51,'fa-pagelines',NULL,'19820224','2014-10-04 17:32:16','19820224','2014-10-04 17:36:53','1','1'),(69,'贵州银监局','/app/input/list?type=j8_9',NULL,'1',4,51,'fa-pagelines',NULL,'19820224','2014-10-04 17:33:33','19820224','2014-11-05 17:09:59','1','1'),(70,'省经信委','/app/input/list?type=j9_11',NULL,'1',5,51,'fa-pagelines','省经信委','19820224','2014-10-04 17:34:28','19820224','2014-11-06 22:10:08','1','1'),(71,'人民银行','/app/input/list?type=j9_12',NULL,'1',6,51,'fa-pagelines',NULL,'19820224','2014-10-04 17:36:38','19820224','2014-10-04 17:36:38','1','1'),(72,'政府金融办','/app/input/list?type=j9_14',NULL,'1',7,51,'fa-pagelines',NULL,'19820224','2014-10-04 17:37:36','19820224','2014-10-04 17:37:36','1','1'),(73,'发改部门','/app/input/list?type=j9_15',NULL,'1',8,51,'fa-pagelines',NULL,'19820224','2014-10-04 17:38:04','19820224','2014-10-04 17:38:04','1','1'),(74,'工商部门','/app/input/list?type=j9_16',NULL,'1',9,51,'fa-pagelines',NULL,'19820224','2014-10-04 17:38:30','19820224','2014-10-04 17:38:30','1','1'),(75,'上报数据','/app/compute/cp?survey=e0a27e837a4e4940a5c7d09f9da5ce5d',NULL,'1',6,-1,'fa-cloud-upload','数据计算','19820224','2014-10-05 17:19:52','19820224','2014-10-21 15:43:52','1','1'),(76,'删除金融机构','/app/financial/deleteFinancial',NULL,NULL,0,36,NULL,'删除金融机构',NULL,NULL,NULL,NULL,'0','1'),(77,'金融机构数据校验','/app/financialData/verify?type=j4_6',NULL,'1',13,51,'fa-bell','金融机构数据校验','19820224','2014-10-07 17:59:00','19820224','2014-10-20 23:14:45','1','1'),(78,'获取金融机构上报的数据','/app/financialData/data',NULL,NULL,0,54,NULL,'获取金融机构上报的数据',NULL,NULL,NULL,NULL,'0','1'),(79,'显示数据退回','/app/financialData/showBack',NULL,NULL,0,54,NULL,'显示数据退回',NULL,NULL,NULL,NULL,'0','1'),(80,'退回数据','/app/financialData/back',NULL,NULL,0,54,NULL,'退回数据',NULL,NULL,NULL,NULL,'0','1'),(81,'问卷调查','/app/survey/',NULL,'1',10,51,'fa-desktop','问卷调查','19820224','2014-10-09 23:18:15','19820224','2014-10-10 22:35:47','1','1'),(83,'显示问卷','/app/survey/questions',NULL,NULL,0,54,NULL,'显示问卷类型',NULL,NULL,NULL,NULL,'0','1'),(84,'答卷提交','/app/survey/submit',NULL,NULL,0,54,NULL,'答卷提交',NULL,NULL,NULL,NULL,'0','1'),(85,'公共资源','#',NULL,NULL,0,-1,NULL,'公共资源',NULL,NULL,NULL,NULL,'0','0'),(86,'提示mp3','/sound/smallbox.mp3',NULL,NULL,0,85,NULL,'提示mp3',NULL,NULL,NULL,NULL,'0','0'),(87,'县分行管理','#',NULL,'1',3,-1,'fa-comments','县分行管理','19820224','2014-10-14 18:40:36','19820224','2014-10-14 22:12:37','1','1'),(88,'用户管理','/app/pbc/user',NULL,'1',1,87,'fa-user',NULL,'19820224','2014-10-14 18:46:32','19820224','2014-10-16 11:28:23','1','1'),(89,'机构列表','/app/pbc/orgs?roleId=j1_4',NULL,'1',2,87,'fa-paperclip','机构列表','19820224','2014-10-14 18:48:01','19820224','2014-10-16 11:28:59','1','1'),(90,'县分行管理','/app/pbc/data',NULL,NULL,0,-1,NULL,'县分行管理',NULL,NULL,NULL,NULL,'0','1'),(91,'显示添加县分行机构','/app/pbc/add',NULL,NULL,0,90,NULL,'显示添加县分行机构',NULL,NULL,NULL,NULL,'0','1'),(92,'保存县分行机构','/app/pbc/save',NULL,NULL,0,90,NULL,'保存县分行机构',NULL,NULL,NULL,NULL,'0','1'),(93,'显示编辑县分行机构','/app/pbc/show',NULL,NULL,0,90,NULL,'显示编辑县分行机构',NULL,NULL,NULL,NULL,'0','1'),(94,'删除县分行机构','/app/pbc/delete',NULL,NULL,0,90,NULL,'删除县分行机构',NULL,NULL,NULL,NULL,'0','1'),(95,'用户列表','/app/pbc/user_data',NULL,NULL,0,90,NULL,'用户列表',NULL,NULL,NULL,NULL,'0','1'),(96,'显示添加用户','/app/pbc/showAddUser',NULL,NULL,0,90,NULL,'显示添加用户',NULL,NULL,NULL,NULL,'0','1'),(97,'显示编辑用户','/app/pbc/showEditUser',NULL,NULL,0,90,NULL,'显示编辑用户',NULL,NULL,NULL,NULL,'0','1'),(98,'删除用户','/app/pbc/deleteUser',NULL,NULL,0,90,NULL,'删除用户',NULL,NULL,NULL,NULL,'0','1'),(99,'保存用户','/app/pbc/saveUser',NULL,NULL,0,90,NULL,'保存用户',NULL,NULL,NULL,NULL,'0','1'),(100,'数据计算','/app/compute/doIt',NULL,NULL,0,-1,NULL,'数据计算',NULL,NULL,NULL,NULL,'0','1'),(101,'获取已提交的kpi','/app/compute/data',NULL,NULL,0,100,NULL,'获取已提交的kpi',NULL,NULL,NULL,NULL,'0','1'),(102,'提交的kpi数据列表','/app/compute/list',NULL,NULL,0,100,NULL,'提交的kpi数据列表',NULL,NULL,NULL,NULL,'0','1'),(103,'上报KPI数据','/app/compute/submit',NULL,NULL,0,100,NULL,'上报KPI数据',NULL,NULL,NULL,NULL,'0','1'),(104,'上报数据管理','/app/pbc/checkKpi',NULL,'1',4,-1,'fa-arrows-v','上报数据管理','19820224','2014-10-22 14:04:32','19820224','2014-10-22 14:04:32','1','1'),(105,'上报kpi列表','/app/pbc/kpi_data',NULL,NULL,0,90,NULL,'上报kpi列表',NULL,NULL,NULL,NULL,'0','1'),(106,'上报数据管理','/app/pbc/viewKpi',NULL,NULL,0,-1,NULL,'上报数据管理',NULL,NULL,NULL,NULL,'0','1'),(107,'查看上报后指标原始数据','/app/pbc/viewIniData',NULL,NULL,0,106,NULL,'查看上报后指标原始数据',NULL,NULL,NULL,NULL,'0','1'),(108,'显示指标数据退回','/app/pbc/showBack',NULL,NULL,0,106,NULL,'显示指标数据退回',NULL,NULL,NULL,NULL,'0','1'),(109,'退回上报指标数据','/app/pbc/backKpi',NULL,NULL,0,106,NULL,'退回上报指标数据',NULL,NULL,NULL,NULL,'0','1'),(110,'金融机构','/app/input/list?type=j4_6',NULL,'1',2,51,'fa-pagelines','金融机构','19820224','2014-10-29 18:24:41','19820224','2014-10-29 18:24:41','1','1'),(111,'贵州保监局','/app/input/list?type=3042587cafee41beafda222cdeb23d3b',NULL,'1',11,51,'fa-pagelines','贵州保监局','19820224','2014-11-05 17:17:00','19820224','2014-11-05 17:17:00','1','1'),(112,'贵州证监局','/app/input/list?type=8e324d17e5f442fb87bea9337f25a9be',NULL,'1',12,51,'fa-pagelines','贵州证监局','19820224','2014-11-05 17:20:15','19820224','2014-11-05 17:20:15','1','1'),(113,'指标计算','/app/statistic/cp?survey=e0a27e837a4e4940a5c7d09f9da5ce5d',NULL,'1',2,-1,'fa-crop','指标计算','19820224','2014-11-05 22:31:03','19820224','2014-11-05 22:31:03','1','1'),(114,'指标标准化','/app/statistic/doIt',NULL,NULL,0,-1,NULL,'指标标准化',NULL,NULL,NULL,NULL,'0','1'),(115,'获取计算信息','/app/statistic/getStatisticInfo',NULL,NULL,0,114,NULL,'获取计算信息',NULL,NULL,NULL,NULL,'0','1'),(116,'区域管理','/region/',NULL,'0',6,6,'fa-anchor','区域管理','19820224','2014-11-06 22:20:36','19820224','2014-11-07 13:35:33','1','1');
/*!40000 ALTER TABLE `sys_function_permission` ENABLE KEYS */;
UNLOCK TABLES;

--
-- Table structure for table `sys_org`
--

DROP TABLE IF EXISTS `sys_org`;
/*!40101 SET @saved_cs_client     = @@character_set_client */;
/*!40101 SET character_set_client = utf8 */;
CREATE TABLE `sys_org` (
  `orgId` varchar(45) NOT NULL,
  `name` varchar(100) default NULL,
  `pid` varchar(45) default NULL,
  `description` varchar(200) default NULL,
  `type` int(11) default NULL COMMENT '机构类型，允许多个机构存储',
  PRIMARY KEY  (`orgId`)
) ENGINE=InnoDB DEFAULT CHARSET=utf8;
/*!40101 SET character_set_client = @saved_cs_client */;

--
-- Dumping data for table `sys_org`
--

LOCK TABLES `sys_org` WRITE;
/*!40000 ALTER TABLE `sys_org` DISABLE KEYS */;
INSERT INTO `sys_org` VALUES ('014d9b3b353f4c2ea8afe0acb90e759c','建行',NULL,'建行',1),('06b3405399c64cf6823a712c52971acd','碧江区工行',NULL,'碧江区工行',1),('09960065851843f2bd0587677aa1eda4','江口县人行','j19_3','江口县人行',2),('33eb6c827be848deb9d52df4b72445d2','人民银行贵州省分行','-1','人民银行贵州省分行',2),('37818a103f094717a01f025362bce8b3','工行玉屏县支行',NULL,'工行玉屏县支行',1),('3d8b7616ce6f431f9d343188438a36ce','息烽县人民银行','j15_1','息烽县人民银行',2),('4e98536d897e4af3b1843ad3dbfa1df2','松桃县人行','j19_3','松桃县人行',2),('5f97c891038e4d3f9917b749bd3cd8a0','修文县人民银行','j15_1','修文县人民银行',2),('6ea6bda5690f479094e822338ce998b1','玉屏县人行','j19_3','玉屏县支行',2),('82a43bb85f8c45df8e1d4ab064360baa','农行',NULL,'农行',1),('9e9ee59a26a4442d841895a3639bc295','碧江区建行',NULL,'碧江区建行',1),('ae4b45e36d0e41f8bfd7fb8751f999e7','工行',NULL,'工行',1),('b16a935dda544d2b9b446535053172a7','清镇市人民银行','j15_1','清镇市人民银行',2),('dc39c78cc6164f88ac49ef18e2693225','开阳县人民银行','j15_1','开阳县人民银行',2),('fb6f785b7f574255b33f1afec44e4293','铜仁市碧江区','j19_3','铜仁市中心支行',2),('j15_1','人民银行贵阳中心支行','33eb6c827be848deb9d52df4b72445d2','人民银行贵阳中心支行',2),('j19_1','人民银行遵义支行','33eb6c827be848deb9d52df4b72445d2','人民银行遵义支行',2),('j19_2','人民银行毕节支行','33eb6c827be848deb9d52df4b72445d2','人民银行毕节支行',2),('j19_3','人民银行铜仁支行','33eb6c827be848deb9d52df4b72445d2','铜仁中心支行',2);
/*!40000 ALTER TABLE `sys_org` ENABLE KEYS */;
UNLOCK TABLES;

--
-- Table structure for table `sys_org_role`
--

DROP TABLE IF EXISTS `sys_org_role`;
/*!40101 SET @saved_cs_client     = @@character_set_client */;
/*!40101 SET character_set_client = utf8 */;
CREATE TABLE `sys_org_role` (
  `orgId` varchar(45) NOT NULL,
  `roleId` varchar(45) NOT NULL,
  PRIMARY KEY  (`orgId`,`roleId`),
  KEY `fk_sys_org_has_sys_role_sys_role1` (`roleId`),
  CONSTRAINT `orgId_fk` FOREIGN KEY (`orgId`) REFERENCES `sys_org` (`orgId`),
  CONSTRAINT `roleId_fk` FOREIGN KEY (`roleId`) REFERENCES `sys_role` (`roleId`)
) ENGINE=InnoDB DEFAULT CHARSET=utf8;
/*!40101 SET character_set_client = @saved_cs_client */;

--
-- Dumping data for table `sys_org_role`
--

LOCK TABLES `sys_org_role` WRITE;
/*!40000 ALTER TABLE `sys_org_role` DISABLE KEYS */;
INSERT INTO `sys_org_role` VALUES ('33eb6c827be848deb9d52df4b72445d2','5b734a27adbb468c98220d3fb1dfb80f'),('09960065851843f2bd0587677aa1eda4','j1_4'),('4e98536d897e4af3b1843ad3dbfa1df2','j1_4'),('6ea6bda5690f479094e822338ce998b1','j1_4'),('fb6f785b7f574255b33f1afec44e4293','j1_4'),('j19_1','j1_4'),('j15_1','j3_16'),('j19_2','j3_16'),('j19_3','j3_16'),('014d9b3b353f4c2ea8afe0acb90e759c','j4_6'),('06b3405399c64cf6823a712c52971acd','j4_6'),('37818a103f094717a01f025362bce8b3','j4_6'),('82a43bb85f8c45df8e1d4ab064360baa','j4_6'),('9e9ee59a26a4442d841895a3639bc295','j4_6'),('ae4b45e36d0e41f8bfd7fb8751f999e7','j4_6');
/*!40000 ALTER TABLE `sys_org_role` ENABLE KEYS */;
UNLOCK TABLES;

--
-- Table structure for table `sys_org_user`
--

DROP TABLE IF EXISTS `sys_org_user`;
/*!40101 SET @saved_cs_client     = @@character_set_client */;
/*!40101 SET character_set_client = utf8 */;
CREATE TABLE `sys_org_user` (
  `orgId` varchar(45) NOT NULL,
  `userId` varchar(45) NOT NULL,
  PRIMARY KEY  (`orgId`,`userId`),
  KEY `fk_sys_org_has_sys_user_sys_user1` (`userId`)
) ENGINE=InnoDB DEFAULT CHARSET=utf8;
/*!40101 SET character_set_client = @saved_cs_client */;

--
-- Dumping data for table `sys_org_user`
--

LOCK TABLES `sys_org_user` WRITE;
/*!40000 ALTER TABLE `sys_org_user` DISABLE KEYS */;
INSERT INTO `sys_org_user` VALUES ('37818a103f094717a01f025362bce8b3','0dfc304c26d34ff2acbda7051207ab57'),('j15_1','10731e501dfa44778a87884279e1f656'),('5f97c891038e4d3f9917b749bd3cd8a0','109a6c2bdd15401dba6ff8a5b413bccb'),('3d8b7616ce6f431f9d343188438a36ce','12243e26a93a44a19d6398451cab5ab2'),('33eb6c827be848deb9d52df4b72445d2','1816ff2f82fb4d69ae0ed1d8b1c7c6b7'),('09960065851843f2bd0587677aa1eda4','308fed3cc06142c49710813715daec3d'),('j19_3','3fd8d2504d8f4cf8a7560e27fced0288'),('fb6f785b7f574255b33f1afec44e4293','5a4e9a2d57ef47649fc743c53c4bba05'),('j19_2','6afe2a6d61a842f3888b74553c3374b0'),('ae4b45e36d0e41f8bfd7fb8751f999e7','7352a70c479d4622b3e1d2c6cfcb1387'),('6ea6bda5690f479094e822338ce998b1','7567e41e02394cc19994d5ee622ad44d'),('82a43bb85f8c45df8e1d4ab064360baa','a07b66d2991a4826ac02d326f0741854'),('82a43bb85f8c45df8e1d4ab064360baa','a308ce15755e4f0d8e16a6ca7c2d5aef'),('06b3405399c64cf6823a712c52971acd','af7037a134554af98fe3f5a27a206b37'),('4e98536d897e4af3b1843ad3dbfa1df2','cf042dffc1fd4a9d8ffc147ecdd593eb'),('014d9b3b353f4c2ea8afe0acb90e759c','e577e623b882475993919fecb6c802e4'),('9e9ee59a26a4442d841895a3639bc295','f162d6d43f29452791c190696033be5b');
/*!40000 ALTER TABLE `sys_org_user` ENABLE KEYS */;
UNLOCK TABLES;

--
-- Table structure for table `sys_role`
--

DROP TABLE IF EXISTS `sys_role`;
/*!40101 SET @saved_cs_client     = @@character_set_client */;
/*!40101 SET character_set_client = utf8 */;
CREATE TABLE `sys_role` (
  `roleId` varchar(45) NOT NULL,
  `name` varchar(100) default NULL,
  `pid` varchar(45) default NULL,
  `description` varchar(200) default NULL,
  `type` char(1) NOT NULL default '1',
  PRIMARY KEY  (`roleId`)
) ENGINE=InnoDB DEFAULT CHARSET=utf8;
/*!40101 SET character_set_client = @saved_cs_client */;

--
-- Dumping data for table `sys_role`
--

LOCK TABLES `sys_role` WRITE;
/*!40000 ALTER TABLE `sys_role` DISABLE KEYS */;
INSERT INTO `sys_role` VALUES ('1','基本系统设置','j2_3','role1','1'),('3042587cafee41beafda222cdeb23d3b','贵州保监局','j1_6','贵州保监局','1'),('5b734a27adbb468c98220d3fb1dfb80f','省人行','j3_15','省人行','1'),('8e324d17e5f442fb87bea9337f25a9be','贵州证监局','j1_6','贵州证监局','1'),('j1_4','县人民银行','j3_15','县人民银行','1'),('j1_6','申报单位','-1','申报单位','0'),('j2_3','业务用户','-1',NULL,'0'),('j3_15','人民银行','-1','人民银行','0'),('j3_16','州市人民银行','j3_15','州市人民银行','1'),('j4_6','金融机构','j1_6','金融机构','1'),('j8_7','统计部门','j1_6','统计部门','1'),('j8_8','财政部门','j1_6','财政部门','1'),('j8_9','贵州银监局','j1_6','贵州银监局','1'),('j9_11','省经信委','j1_6','省经信委','1'),('j9_12','人民银行','j1_6','人民银行','1'),('j9_14','政府金融办','j1_6','政府金融办','1'),('j9_15','发改部门','j1_6','发改部门','1'),('j9_16','工商部门','j1_6','工商部门','1');
/*!40000 ALTER TABLE `sys_role` ENABLE KEYS */;
UNLOCK TABLES;

--
-- Table structure for table `sys_role_permission`
--

DROP TABLE IF EXISTS `sys_role_permission`;
/*!40101 SET @saved_cs_client     = @@character_set_client */;
/*!40101 SET character_set_client = utf8 */;
CREATE TABLE `sys_role_permission` (
  `id` varchar(45) NOT NULL,
  `permissionId` int(11) NOT NULL,
  `roleId` varchar(45) NOT NULL,
  PRIMARY KEY  (`id`),
  KEY `fk_sys_permission_has_sys_role_sys_role1` (`roleId`)
) ENGINE=InnoDB DEFAULT CHARSET=utf8;
/*!40101 SET character_set_client = @saved_cs_client */;

--
-- Dumping data for table `sys_role_permission`
--

LOCK TABLES `sys_role_permission` WRITE;
/*!40000 ALTER TABLE `sys_role_permission` DISABLE KEYS */;
INSERT INTO `sys_role_permission` VALUES ('00631936ff2e49739719d0dea9dbca4b',55,'j1_4'),('02da22a1a6e840af8331965017210db5',111,'j1_4'),('0359b05e92da42428da854d4c0ec2b9a',23,'j1_4'),('0366e485d718466d87a08f2b46472eea',112,'j1_4'),('05e75d36370c46dd90dcf0065b82aee9',103,'j1_4'),('0cd33550ad854dec84784ed0d405da22',80,'j1_4'),('0fe40d83abdc41b795956ac107a1b335',88,'j3_16'),('1101242ad4964ba986567332f0098edb',2,'1'),('111f197424a143ffb69822dd0d734b2a',37,'j1_4'),('1b40c63449fc48a9853d66f20179b67c',55,'j4_6'),('1e92ad89b20d41a0b1fd5cd2190b10ed',59,'j1_4'),('1ef03c219201451d8377bb83228ee0c4',107,'j1_4'),('1f151d27a7c948e58b72c745816c0938',54,'j1_4'),('1fe53a33edb143438bfa4b5ad335fbbf',100,'j1_4'),('203fe385f6c445c293df4cab2d33c70f',60,'j1_4'),('204e48b199dd49f6abc2d91e0db1412d',92,'j3_16'),('233a661dbe4341bd9a59a9c4b7c69c07',14,'1'),('23907950dcdf441a8e9b2ee18eb7ad0e',99,'j3_16'),('23ba01d44fc049db940b7147a4e37ccd',113,'5b734a27adbb468c98220d3fb1dfb80f'),('26cfcd180c5441849983caf48e16b8a9',105,'j3_16'),('2b86cb419e78498c89a4658b2ea72c8f',15,'1'),('2b95341aa5ac447a92ff18d5fb9d0473',60,'j4_6'),('2fbd061881d64cbb8d85193609ab9df1',106,'j3_16'),('332a327980eb4b08a267c54de057c1c1',56,'j4_6'),('36fc2405d72d4e5a8d474b334a61804d',16,'1'),('385d6a7742cb491997d3db27d63d5a27',67,'j4_6'),('3aecfe14836f4e55a78f41ade5276d70',81,'j1_4'),('3c2827d3c2fc48a2a7061b3f41d1fbe1',93,'j3_16'),('3d57421cb619401f97061fe11612a529',52,'j8_7'),('3e39aafae6b44d3087398736ae388dbd',104,'j3_16'),('3ebb2d911eca41f9be01b9c485e6e2f7',11,'1'),('40b65a132bf94f6bbe6d0a138bfda6fd',51,'j1_4'),('40dbcf0a81814b3b8751b01ddcaef2a9',51,'j8_7'),('41ce8d3ad1a840e7823bf52d8a28405b',90,'j3_16'),('43330475fed443f18ddadedffb2d66bd',61,'j1_4'),('4366fb0fb07045db8c59464e8af4a14c',70,'j1_4'),('472c7316c4a0404f855928cf54fd549b',57,'j4_6'),('48306f1744c14e8997c35f26242c2093',74,'j1_4'),('49139b05b77c4925b786c105d3e3d0be',84,'j1_4'),('49fff727a25c49ba8652ff5070b64c4a',110,'j1_4'),('4b8a0f2911804aea8587eef5b6fd3702',7,'1'),('4bbd416cf4cc4a3ca25b8682ca69bce5',96,'j3_16'),('4e27df3891a14ad988efa108d0d77d1a',52,'j1_4'),('539f211c22104067be03975f1de4ee3b',51,'j4_6'),('54882f25926949c6a6ec5a47d95daccd',36,'j1_4'),('59feddab7a7348e88e41c4a8f5a1a179',91,'j3_16'),('5a85955af7724d4da30972f25ff20c0f',78,'j1_4'),('5c241685b9d34a16897845c02f429e6a',115,'5b734a27adbb468c98220d3fb1dfb80f'),('5f8d991863154e01a73070b5c8b25a4a',26,'j1_4'),('608f32827df7491f869557812adcc013',95,'j3_16'),('6400d4980cfa4bd583da48dfa30cf1af',32,'j1_4'),('668ea24608cc40f7b1ab73c4beabe82d',63,'j1_4'),('6b9e40c9b4774f71888b7578edd31839',106,'j1_4'),('6c952ca8b2a547e199fcb9cd67ff156f',18,'1'),('726b95cfa4ed41e99c1b9eeb963211e1',102,'j1_4'),('85265d29fb42445896a969622f06d8cc',58,'j1_4'),('872962a2227e4cd5897798ab259ccdb8',27,'j1_4'),('90fcfefc2bb14bd5ac32d99ab104887f',58,'j4_6'),('973eed4f3ae64f359d772ab2c39eaf28',59,'j4_6'),('9b3fe0a72c6741799b7549102fd16e4e',72,'j1_4'),('9dd01a930f4c4dcd9da02f1bf5408c86',1,'1'),('a237001dd0334fbd8add056ce9b6db67',6,'1'),('a241b1be217943e5a39a7dc6778b63dc',68,'j1_4'),('a48932f28638433480082cfd480dad2c',83,'j1_4'),('ae27154b0f22423ba805efc2dc118215',109,'j3_16'),('aed1ef606ea1447db2b3262e9da98256',79,'j4_6'),('b1a6db2317f6400f9de1700c11cf2f1f',62,'j1_4'),('b7917c8bd9dc4821838c16693fdbe525',108,'j3_16'),('bb14970c0888458a94b4ed99369e1385',87,'j3_16'),('bb3b7628f929432781a403ed0449dff4',89,'j3_16'),('bbd5ec2b2fe140f8a75285c664c7a216',66,'j1_4'),('bd54dd65bf11496999f5416cb6c405eb',98,'j3_16'),('bdff0d104143461c8f9e4eccfb13805b',71,'j1_4'),('be38c0bce59b4fabb18c042a66d236cb',76,'j1_4'),('be9d6940d4bc4260922d859b6d235178',94,'j3_16'),('bf6d1b6341c54e0197f35d0e22c89d6d',57,'j1_4'),('cc7fd6131da643bdb28c89b2c8d8d3d2',56,'j1_4'),('cdc5102ee7a04809baa7338050804678',13,'1'),('cde313c014b24109a4a17b1b35428ce6',28,'j1_4'),('ce3f17ebe8c049e28f3670b4e04420e6',65,'j1_4'),('d3eb15acb7b048049f29c779f2edcd3e',64,'j1_4'),('d9fedab5795140b9a1bfef0d35e0e484',97,'j3_16'),('dc4780a83c0a47d18ab0a10e0bdb3b64',38,'j1_4'),('dd09f27da09a439b93a65bdb0a0cac33',79,'j1_4'),('e068fded1de146c1a1e166e548960116',108,'j1_4'),('e1debcae44d34b45a76bc464e626e4e3',30,'j1_4'),('e29a4b26e8dc427eb3f89bef7ba00482',39,'j1_4'),('e95e3eab4ed4499cbd1e87a083c82873',73,'j1_4'),('ebeb2ebb51234775accc54b33c8227c4',69,'j1_4'),('ed07004a4a664b92a852c1200ba1526a',101,'j1_4'),('ee25908f6ac443e29cfad686fb8d1839',31,'j1_4'),('f2925844457d42e99fcb6561a7b1e028',75,'j1_4'),('f7aa09cb130a4bf89a211461f0fa2615',29,'j1_4'),('fab0628d0ea24e50916cd6efbd1f8686',114,'5b734a27adbb468c98220d3fb1dfb80f'),('fc7eb01ebd6c496d84ccb467ea6c3e02',54,'j4_6'),('fe79204d1816498482b9bc15a4e5d582',107,'j3_16'),('fecb3d2fff4b40f1a0620e2191c8ee73',61,'j4_6');
/*!40000 ALTER TABLE `sys_role_permission` ENABLE KEYS */;
UNLOCK TABLES;

--
-- Table structure for table `sys_user`
--

DROP TABLE IF EXISTS `sys_user`;
/*!40101 SET @saved_cs_client     = @@character_set_client */;
/*!40101 SET character_set_client = utf8 */;
CREATE TABLE `sys_user` (
  `userId` varchar(45) NOT NULL,
  `name` varchar(45) default NULL,
  `pwd` varchar(100) default NULL,
  `login_ip` varchar(45) default NULL,
  `login_date` datetime default NULL,
  `create_time` datetime default NULL,
  `update_time` datetime default NULL,
  `update_by` varchar(45) default NULL,
  `create_by` varchar(45) NOT NULL default '0',
  PRIMARY KEY  (`userId`)
) ENGINE=InnoDB DEFAULT CHARSET=utf8;
/*!40101 SET character_set_client = @saved_cs_client */;

--
-- Dumping data for table `sys_user`
--

LOCK TABLES `sys_user` WRITE;
/*!40000 ALTER TABLE `sys_user` DISABLE KEYS */;
INSERT INTO `sys_user` VALUES ('0c18f57a02364c068437f32bb08fdac6','admin','fe1d141ea0c5831a173c02bbcf47ae7bac7694ab3578a3f7f9fcc2a1','127.0.0.i','2014-04-14 16:04:31','2014-07-30 14:04:56','2014-07-30 14:04:56','19820224','19820224'),('0f60d02cf40048929715d02d1467cc26','hwtx','dc57b5fd9701747a153947df1690d154be09b75ccfc4d76bb16ee92f','127.0.0.i','2014-04-14 16:04:26','2014-08-24 10:45:53','2014-08-24 10:45:53','19820224','19820224'),('10731e501dfa44778a87884279e1f656','pbc_gy','8e78bc3dfff7bbdf6f38976a944ee453bfac252f4d1c3547e61e6177','127.0.0.i','2014-04-14 16:14:11','2014-10-17 16:20:23','2014-10-17 16:20:23','19820224','19820224'),('109a6c2bdd15401dba6ff8a5b413bccb','pbc_gy_xw','7a03fa6aee85352830b918022e1389a535fe3e7d1b7c367803de3c6e','127.0.0.i','2014-04-14 16:14:15','2014-09-27 18:03:05','2014-09-27 18:03:05','19820224','19820224'),('12243e26a93a44a19d6398451cab5ab2','pbc_gy_xf','964b155e45986a0187ff296432b00d688505417f3c2b7cab21ab7a44','127.0.0.i','2014-04-14 16:25:21','2014-09-27 17:47:00','2014-09-27 17:47:00','19820224','19820224'),('1816ff2f82fb4d69ae0ed1d8b1c7c6b7','pbc_gz','1c1d5b5dffadabec3092f38a3aca31d8a191b314312b868ee523e1dd',NULL,NULL,'2014-11-05 11:02:03','2014-11-05 11:02:03','19820224','19820224'),('19820224','panye','02a3f0772fcca9f415adc990734b45c6f059c7d33ee28362c4852032','127.0.0.1','2012-03-04 00:00:00',NULL,NULL,NULL,'0'),('308fed3cc06142c49710813715daec3d','pbc_tr_jkx','da1f21ae10a6867bbd23a06ec335321eec585576f525c63eb6deb4b1',NULL,NULL,'2014-10-21 10:35:36','2014-10-21 10:35:36','3fd8d2504d8f4cf8a7560e27fced0288','3fd8d2504d8f4cf8a7560e27fced0288'),('3fd8d2504d8f4cf8a7560e27fced0288','pbc_tr','137fd1551c49a260d4d502968132cb10f730023027ff79cc81a963fd',NULL,NULL,'2014-10-17 14:49:07','2014-10-17 14:49:07','19820224','19820224'),('4476f93f5035454f8d207252a151d831','123','16ab8930b4b3e689b1a0db00d7583d512ae3f73a1f7a0e72eb336ee6',NULL,NULL,'2014-10-16 16:35:03','2014-10-16 16:35:03','6afe2a6d61a842f3888b74553c3374b0','6afe2a6d61a842f3888b74553c3374b0'),('5a4e9a2d57ef47649fc743c53c4bba05','pbc_tr_bjq','fa2856a5623f69c5c2eb00350d03cc03974a7df773a37fd10dbbf544',NULL,NULL,'2014-10-17 14:49:20','2014-10-17 14:49:20','19820224','19820224'),('69c65d9c53d5407eb22fab5566754b96','11111','1c93939d70b634a99c47f030f741eeb8d078111d15d22bc6a27c2dc0',NULL,NULL,'2014-10-16 17:29:13','2014-10-16 17:29:13','6afe2a6d61a842f3888b74553c3374b0','6afe2a6d61a842f3888b74553c3374b0'),('6afe2a6d61a842f3888b74553c3374b0','pbc_bj','03c7e03c52cc05ddcc3afb32fbb75f784a24471a03bf9c1d09d4914e',NULL,NULL,'2014-10-14 18:50:31','2014-10-14 18:50:31','19820224','19820224'),('7352a70c479d4622b3e1d2c6cfcb1387','gh1','b2b3d168c6cc78540c98af9f3614255a89b81222b057d7aadc932b35',NULL,NULL,'2014-10-07 13:55:07','2014-10-07 13:55:07','109a6c2bdd15401dba6ff8a5b413bccb','109a6c2bdd15401dba6ff8a5b413bccb'),('7567e41e02394cc19994d5ee622ad44d','pbc_tr_ypx','334edbdd16dd48f9eb051fce68c90a930922c5d13f7b61774bba92d7',NULL,NULL,'2014-10-30 16:00:05','2014-10-30 16:00:05','3fd8d2504d8f4cf8a7560e27fced0288','3fd8d2504d8f4cf8a7560e27fced0288'),('a308ce15755e4f0d8e16a6ca7c2d5aef','nh2','19efcdd1e6197397139fdb9b4736b08b58617772de0d1f549bd0b225',NULL,NULL,'2014-10-07 13:54:45','2014-10-07 13:54:50','109a6c2bdd15401dba6ff8a5b413bccb','109a6c2bdd15401dba6ff8a5b413bccb'),('af7037a134554af98fe3f5a27a206b37','pbc_tr_bjq_gh','81b866dacf34bab32d84abdc04bacf734d429831c6e60dc27401286d',NULL,NULL,'2014-10-17 15:54:50','2014-10-17 15:54:50','5a4e9a2d57ef47649fc743c53c4bba05','5a4e9a2d57ef47649fc743c53c4bba05'),('b23433edf2604fc8a422dcda9824fc87','rrr','ef5467764f27f1c68b725e1417029cb8e01775687c04f46b17ffaefa',NULL,NULL,'2014-10-16 16:42:35','2014-10-16 16:42:35','6afe2a6d61a842f3888b74553c3374b0','6afe2a6d61a842f3888b74553c3374b0'),('cb46e7ad20e14c9ab7c8bdf1036a9f4d','1111','cb644be86b782159f84e0142ba37500a1d901721d056cf0509f5d1b2',NULL,NULL,'2014-10-21 15:11:09','2014-10-21 15:11:09','6afe2a6d61a842f3888b74553c3374b0','6afe2a6d61a842f3888b74553c3374b0'),('cf042dffc1fd4a9d8ffc147ecdd593eb','pbc_tr_stx','36fa14c3ddc0020f5dcd902275325a0341633f18ea72061afe95b912',NULL,NULL,'2014-10-30 16:00:15','2014-10-30 16:00:15','3fd8d2504d8f4cf8a7560e27fced0288','3fd8d2504d8f4cf8a7560e27fced0288'),('da3c28e8a38b4cc4be4f4ca1fd72d1fc','222','32ad6cbd6406b38258a6c75bed6b3d6ea49c9ab6c30e3a7b9bbe7418',NULL,NULL,'2014-10-21 15:11:16','2014-10-21 15:11:16','6afe2a6d61a842f3888b74553c3374b0','6afe2a6d61a842f3888b74553c3374b0'),('e577e623b882475993919fecb6c802e4','jh1','ffd942cc6e960605178e55c77c3f8e783b820aab30d0efd0724e822a',NULL,NULL,'2014-10-07 13:54:27','2014-10-07 13:54:31','109a6c2bdd15401dba6ff8a5b413bccb','109a6c2bdd15401dba6ff8a5b413bccb'),('f162d6d43f29452791c190696033be5b','pbc_tr_bjq_jh','676e5b543e900e9b4b4379e3f19e086f8073ad1d2117f8d53da9588b',NULL,NULL,'2014-10-20 16:33:48','2014-10-20 16:33:48','5a4e9a2d57ef47649fc743c53c4bba05','5a4e9a2d57ef47649fc743c53c4bba05');
/*!40000 ALTER TABLE `sys_user` ENABLE KEYS */;
UNLOCK TABLES;

--
-- Table structure for table `sys_user_role`
--

DROP TABLE IF EXISTS `sys_user_role`;
/*!40101 SET @saved_cs_client     = @@character_set_client */;
/*!40101 SET character_set_client = utf8 */;
CREATE TABLE `sys_user_role` (
  `sys_userId` varchar(45) NOT NULL,
  `sys_roleId` varchar(45) NOT NULL,
  PRIMARY KEY  (`sys_userId`,`sys_roleId`),
  KEY `fk_sys_user_has_sys_role_sys_role1` (`sys_roleId`),
  CONSTRAINT `fk_sys_user_has_sys_role_sys_role1` FOREIGN KEY (`sys_roleId`) REFERENCES `sys_role` (`roleId`) ON DELETE NO ACTION ON UPDATE NO ACTION,
  CONSTRAINT `fk_sys_user_role_1` FOREIGN KEY (`sys_userId`) REFERENCES `sys_user` (`userId`) ON DELETE NO ACTION ON UPDATE NO ACTION
) ENGINE=InnoDB DEFAULT CHARSET=utf8;
/*!40101 SET character_set_client = @saved_cs_client */;

--
-- Dumping data for table `sys_user_role`
--

LOCK TABLES `sys_user_role` WRITE;
/*!40000 ALTER TABLE `sys_user_role` DISABLE KEYS */;
INSERT INTO `sys_user_role` VALUES ('0c18f57a02364c068437f32bb08fdac6','1'),('0f60d02cf40048929715d02d1467cc26','j1_4'),('109a6c2bdd15401dba6ff8a5b413bccb','j1_4');
/*!40000 ALTER TABLE `sys_user_role` ENABLE KEYS */;
UNLOCK TABLES;

--
-- Table structure for table `value_cat`
--

DROP TABLE IF EXISTS `value_cat`;
/*!40101 SET @saved_cs_client     = @@character_set_client */;
/*!40101 SET character_set_client = utf8 */;
CREATE TABLE `value_cat` (
  `vcatId` varchar(45) NOT NULL COMMENT '环境测评类别值ID',
  `vcatValue` float(20,2) default NULL COMMENT '环境测评类别值',
  `vcatCalRuleId` varchar(45) default NULL COMMENT '环境测评类别值计算规则ID',
  `vcatRegion` int(11) default NULL COMMENT '所属行政辖区ID',
  `vcatCalDate` datetime default NULL COMMENT '环境测评类别值计算时间',
  `dcatId` varchar(45) default NULL,
  `vcatDate` date default NULL,
  `vcatStatus` tinyint(4) default NULL,
  `vcatSubmitTime` datetime default NULL COMMENT '提交时间',
  `vcatHandleTime` datetime default NULL COMMENT '标准化时间',
  PRIMARY KEY  (`vcatId`),
  KEY `fk_value_cat_def_cat_1` (`dcatId`),
  KEY `fk_value_cat_def_distr_1` (`vcatRegion`),
  CONSTRAINT `value_cat_ibfk_2` FOREIGN KEY (`dcatId`) REFERENCES `def_cat` (`dcatId`),
  CONSTRAINT `value_cat_ibfk_3` FOREIGN KEY (`vcatRegion`) REFERENCES `dict_city_area` (`code`)
) ENGINE=InnoDB DEFAULT CHARSET=utf8 COMMENT='类别值表';
/*!40101 SET character_set_client = @saved_cs_client */;

--
-- Dumping data for table `value_cat`
--

LOCK TABLES `value_cat` WRITE;
/*!40000 ALTER TABLE `value_cat` DISABLE KEYS */;
INSERT INTO `value_cat` VALUES ('0877d9c72b8c419a9ee79a8626bd98f3',46.20,NULL,522229,'2014-10-31 15:24:02','6b2e03a27d6f4d819fecc729a4c06a62','2014-01-01',1,'2014-10-31 15:27:09',NULL),('1fc02790cd8f47eabad5d92565daddda',20.00,NULL,522229,'2014-10-31 15:24:02','4426833ab9bf4cf2b942183add437b7a','2014-01-01',1,'2014-10-31 15:27:09',NULL),('5421346946654fdc804d4f4c5ea885ba',46.20,NULL,522229,'2014-10-31 15:24:02','e0a27e837a4e4940a5c7d09f9da5ce5d','2014-01-01',1,'2014-10-31 15:27:09',NULL),('5b544d926fe14336a0056b6ffb20db25',10.00,NULL,520123,'2014-10-30 11:13:00','4426833ab9bf4cf2b942183add437b7a','2014-01-01',1,'2014-10-30 11:13:22',NULL),('6fe67013088e4586a684488bf251b88a',46.80,NULL,520123,'2014-10-30 11:13:00','6b2e03a27d6f4d819fecc729a4c06a62','2014-01-01',1,'2014-10-30 11:13:22',NULL),('7144b8da066b48ba8ef09d60f981a9cc',30.00,NULL,522229,'2014-10-31 15:24:02','cd9f4ff0203e4bb68c536ea6e6f57698','2014-01-01',1,'2014-10-31 15:27:09',NULL),('867f54aed3f94445bbcb6b5c3e4e9ef2',35.00,NULL,520123,'2014-10-30 11:13:00','cd9f4ff0203e4bb68c536ea6e6f57698','2014-01-01',1,'2014-10-30 11:13:22',NULL),('ecbf3929fcf54de3a9d178790853cd06',51.80,NULL,520123,'2014-10-30 11:12:59','e0a27e837a4e4940a5c7d09f9da5ce5d','2014-01-01',1,'2014-10-30 11:13:22',NULL);
/*!40000 ALTER TABLE `value_cat` ENABLE KEYS */;
UNLOCK TABLES;

--
-- Table structure for table `value_class`
--

DROP TABLE IF EXISTS `value_class`;
/*!40101 SET @saved_cs_client     = @@character_set_client */;
/*!40101 SET character_set_client = utf8 */;
CREATE TABLE `value_class` (
  `vclassId` varchar(45) NOT NULL default '0' COMMENT '环境测评项目值ID',
  `dclassId` varchar(45) default NULL COMMENT '环境测评项目定义ID',
  `vcatId` varchar(45) default NULL COMMENT '环境测评类别值ID',
  `vclassCalDate` datetime default NULL COMMENT '环境测评项目计算时间',
  `vclassCalRuleId` varchar(45) default NULL COMMENT '环境测评项目计算规则ID',
  `vclassRegion` int(11) default NULL COMMENT '环境测评项目所属辖区',
  `vclassAuthRuleId` varchar(45) default NULL COMMENT '环境测评项目权限规则ID',
  `vclassValue` float(20,2) default NULL COMMENT '环境权限项目值',
  `vclassDate` date default NULL,
  `vclassStatus` tinyint(4) default NULL,
  `vclassSubmitTime` datetime default NULL COMMENT '提交时间',
  `vclassHandleTime` datetime default NULL COMMENT '标准化时间',
  PRIMARY KEY  (`vclassId`),
  KEY `fk_value_class_value_cat_1` (`vcatId`),
  KEY `fk_value_class_def_distr_1` (`vclassRegion`),
  KEY `dclassId` (`dclassId`),
  CONSTRAINT `value_class_ibfk_1` FOREIGN KEY (`dclassId`) REFERENCES `def_class` (`dclassId`),
  CONSTRAINT `value_class_ibfk_4` FOREIGN KEY (`vclassRegion`) REFERENCES `dict_city_area` (`code`)
) ENGINE=InnoDB DEFAULT CHARSET=utf8 COMMENT='KPI值表';
/*!40101 SET character_set_client = @saved_cs_client */;

--
-- Dumping data for table `value_class`
--

LOCK TABLES `value_class` WRITE;
/*!40000 ALTER TABLE `value_class` DISABLE KEYS */;
INSERT INTO `value_class` VALUES ('03ebf89fd56a491489f372d72a63fc6d','60dcb8ff3e2f4ae0ad3d2f621c113281','7144b8da066b48ba8ef09d60f981a9cc','2014-10-31 15:24:02',NULL,522229,NULL,5.00,'2014-01-01',1,'2014-10-31 15:27:09',NULL),('089284fdf57d48028545d9ea4dcc7ebf','dfdf8b0d3c464994b81a8c7d86cec7be','7144b8da066b48ba8ef09d60f981a9cc','2014-10-31 15:24:02',NULL,522229,NULL,0.00,'2014-01-01',1,'2014-10-31 15:27:09',NULL),('158967c28e584ff8b26b73483ef15797','bf902a150a01429da8a6560272a57473','6fe67013088e4586a684488bf251b88a','2014-10-30 11:12:58',NULL,520123,NULL,3.00,'2014-01-01',1,'2014-10-30 11:13:22',NULL),('1e3f7dbcb5c54bc09a92f1fd162d3a25','72b364a97f4345d593e9b0950aa57630','5b544d926fe14336a0056b6ffb20db25','2014-10-30 11:12:58',NULL,520123,NULL,4.00,'2014-01-01',1,'2014-10-30 11:13:22',NULL),('286cd978e40443539225bd53a465bd1c','0f03416ae4094b018177fef6ba75fcf5','867f54aed3f94445bbcb6b5c3e4e9ef2','2014-10-30 11:12:58',NULL,520123,NULL,5.00,'2014-01-01',1,'2014-10-30 11:13:22',NULL),('3e63d2b6b2ad45e0b1cb700e46edef30','0f03416ae4094b018177fef6ba75fcf5','7144b8da066b48ba8ef09d60f981a9cc','2014-10-31 15:24:02',NULL,522229,NULL,0.00,'2014-01-01',1,'2014-10-31 15:27:09',NULL),('4bbb517908c241f08328389da5197a14','55080c3c26574b3c8fefe05575212970','1fc02790cd8f47eabad5d92565daddda','2014-10-31 15:24:02',NULL,522229,NULL,9.00,'2014-01-01',1,'2014-10-31 15:27:09',NULL),('52a3ade541594eabaefb61abca82730d','60dcb8ff3e2f4ae0ad3d2f621c113281','867f54aed3f94445bbcb6b5c3e4e9ef2','2014-10-30 11:12:58',NULL,520123,NULL,5.00,'2014-01-01',1,'2014-10-30 11:13:22',NULL),('6c8513c622914d7496249fc152fdd5b7','bd992cca38014af4b7aaf054344272e0','6fe67013088e4586a684488bf251b88a','2014-10-30 11:12:58',NULL,520123,NULL,8.80,'2014-01-01',1,'2014-10-30 11:13:22',NULL),('71de32eaa3bc47b4a385531f86bb69f9','07c4461d34db4230b90bc4ae5606e58c','867f54aed3f94445bbcb6b5c3e4e9ef2','2014-10-30 11:12:58',NULL,520123,NULL,5.00,'2014-01-01',1,'2014-10-30 11:13:22',NULL),('810dd67c12c44545bc33a7d852b359ce','55080c3c26574b3c8fefe05575212970','5b544d926fe14336a0056b6ffb20db25','2014-10-30 11:12:58',NULL,520123,NULL,6.00,'2014-01-01',1,'2014-10-30 11:13:22',NULL),('8e5f413d32f3475b9319e97129211d77','9aad88c083014ee48acb3b38abbfa9f2','ecbf3929fcf54de3a9d178790853cd06','2014-10-30 11:12:59',NULL,520123,NULL,5.00,'2014-01-01',1,'2014-10-30 11:13:22',NULL),('964067d1c01246b08b523c49b3279f2c','ca0b70aed8a44a6cabb191a7585faa4c','5b544d926fe14336a0056b6ffb20db25','2014-10-30 11:12:58',NULL,520123,NULL,0.00,'2014-01-01',1,'2014-10-30 11:13:22',NULL),('b06140d97d574bf09d9777d8cd031351','72b364a97f4345d593e9b0950aa57630','1fc02790cd8f47eabad5d92565daddda','2014-10-31 15:24:02',NULL,522229,NULL,6.00,'2014-01-01',1,'2014-10-31 15:27:09',NULL),('bb4c413d2dc2493698e147df8988e8d4','bf902a150a01429da8a6560272a57473','0877d9c72b8c419a9ee79a8626bd98f3','2014-10-31 15:24:02',NULL,522229,NULL,12.00,'2014-01-01',1,'2014-10-31 15:27:09',NULL),('c40f5c15baaf46239deccf672d9689e3','07c4461d34db4230b90bc4ae5606e58c','7144b8da066b48ba8ef09d60f981a9cc','2014-10-31 15:24:02',NULL,522229,NULL,5.00,'2014-01-01',1,'2014-10-31 15:27:09',NULL),('e97e44ea3fc04db09a5b7b5fc29bd52a','ca0b70aed8a44a6cabb191a7585faa4c','1fc02790cd8f47eabad5d92565daddda','2014-10-31 15:24:02',NULL,522229,NULL,5.00,'2014-01-01',1,'2014-10-31 15:27:09',NULL),('f4a073ca347946d8b9303b48085e5555','dfdf8b0d3c464994b81a8c7d86cec7be','867f54aed3f94445bbcb6b5c3e4e9ef2','2014-10-30 11:12:58',NULL,520123,NULL,10.00,'2014-01-01',1,'2014-10-30 11:13:22',NULL),('f7fadad5bb294848a6c95e9ed880d605','bd992cca38014af4b7aaf054344272e0','0877d9c72b8c419a9ee79a8626bd98f3','2014-10-31 15:24:02',NULL,522229,NULL,4.20,'2014-01-01',1,'2014-10-31 15:27:09',NULL),('fd9951b36f394e1d98e4efa07a58b0ee','9aad88c083014ee48acb3b38abbfa9f2','5421346946654fdc804d4f4c5ea885ba','2014-10-31 15:24:02',NULL,522229,NULL,0.00,'2014-01-01',1,'2014-10-31 15:27:09',NULL);
/*!40000 ALTER TABLE `value_class` ENABLE KEYS */;
UNLOCK TABLES;

--
-- Table structure for table `value_inidata`
--

DROP TABLE IF EXISTS `value_inidata`;
/*!40101 SET @saved_cs_client     = @@character_set_client */;
/*!40101 SET character_set_client = utf8 */;
CREATE TABLE `value_inidata` (
  `viniDataId` varchar(45) NOT NULL default '0' COMMENT '源数据项值ID',
  `diniDataId` varchar(45) default NULL COMMENT '源数据项定义ID',
  `vkpiId` varchar(45) default NULL COMMENT '环境测评指标值ID',
  `viniDataValue` float(20,4) default NULL COMMENT '源数据项数据值',
  `viniDataCalRuleId` varchar(45) default NULL COMMENT '统计源数据项计算规则Id',
  `viniDataSubDate` date default NULL COMMENT '源数据项申报时间',
  `viniDataAuthRuleId` varchar(45) default NULL COMMENT '源数据项权限规则ID',
  `viniDataRegion` int(11) default NULL COMMENT '源数据项所属行政辖区',
  `viniDataSubmitOrgRole` varchar(45) default NULL COMMENT '源数据项报送机构角色',
  `isStastic` tinyint(2) default '0' COMMENT '是否为统计值',
  `viniDataCheckMark` tinyint(2) default NULL COMMENT '源数据项审核标志：',
  `viniDate` date default NULL,
  `viniStatus` int(11) default NULL,
  `viniDateFillDate` timestamp NULL default NULL on update CURRENT_TIMESTAMP COMMENT '录入时间',
  PRIMARY KEY  (`viniDataId`),
  KEY `fk_value_inidata_def_inidata_1` (`diniDataId`),
  KEY `fk_value_inidata_value_kpi_1` (`vkpiId`),
  KEY `fk_value_inidata_def_formula_1` (`viniDataCalRuleId`),
  KEY `fk_value_inidata_def_authrule_1` (`viniDataAuthRuleId`),
  KEY `fk_value_inidata_def_distr_1` (`viniDataRegion`),
  KEY `viniDataSubmitOrg` (`viniDataSubmitOrgRole`),
  CONSTRAINT `value_inidata_ibfk_1` FOREIGN KEY (`viniDataAuthRuleId`) REFERENCES `def_authrule` (`authRuleId`),
  CONSTRAINT `value_inidata_ibfk_3` FOREIGN KEY (`viniDataCalRuleId`) REFERENCES `def_formula` (`calRuleId`),
  CONSTRAINT `value_inidata_ibfk_4` FOREIGN KEY (`diniDataId`) REFERENCES `def_inidata` (`diniDataId`),
  CONSTRAINT `value_inidata_ibfk_6` FOREIGN KEY (`viniDataRegion`) REFERENCES `dict_city_area` (`code`)
) ENGINE=InnoDB DEFAULT CHARSET=utf8 COMMENT='源数据项定义表';
/*!40101 SET character_set_client = @saved_cs_client */;

--
-- Dumping data for table `value_inidata`
--

LOCK TABLES `value_inidata` WRITE;
/*!40000 ALTER TABLE `value_inidata` DISABLE KEYS */;
INSERT INTO `value_inidata` VALUES ('004f1a2459a249c4a611e78eef9d769a','f0d1fc8690ff426db9689b34cd5e224b',NULL,0.0000,NULL,NULL,NULL,522201,'j9_15',0,NULL,'2014-01-01',0,'2014-11-04 08:51:28'),('02a03b5d7d894561aa462a9164da8a03','a7e0ea7315394ef2bff4885a9aeed6b7',NULL,83617.0000,NULL,NULL,NULL,522222,'j4_6',0,NULL,'2014-01-01',0,'2014-10-31 07:56:49'),('05acd88bc0e140d98ddb822cfc4056b7','e27089d996334c7689261333788ebbaa',NULL,12.0000,NULL,NULL,NULL,520123,'j4_6',0,NULL,'2014-01-01',1,'2014-10-30 03:13:22'),('0cbd22d6fec0444ba5710ba3a1c483e1','f634edcd9dd9433bb5c39b82923977b5',NULL,13.9000,NULL,NULL,NULL,522229,'j8_7',0,NULL,'2014-01-01',1,'2014-10-31 07:27:09'),('10220a43333e44d4a6a4a2a74b375bda','761c2ebbdeaa474e96336d7037f9a509',NULL,12.0000,NULL,NULL,NULL,520123,'j9_12',0,NULL,'2014-01-01',1,'2014-10-30 03:13:22'),('10c12ccc82d24de4b6108a1305a176ed','3753cac048594d1c80d5e732968ffa11',NULL,12.0000,NULL,NULL,NULL,520123,'j9_12',0,NULL,'2014-01-01',1,'2014-10-30 03:13:22'),('10fd0e27d678449380cf88e6fd997814','e27089d996334c7689261333788ebbaa',NULL,60.7300,NULL,NULL,NULL,522222,'j4_6',0,NULL,'2014-01-01',0,'2014-10-31 07:56:49'),('12714de5a8d24cdfbfdecc823326ab4d','dc47a569e281421e9500ac993db5a986',NULL,37.5900,NULL,NULL,NULL,522229,'j9_12',0,NULL,'2014-01-01',1,'2014-10-31 07:27:09'),('14ca7b3fb8484e6388ff4ba5e7e7509f','c55ee5e863a1444495a76d5c79d6b380',NULL,88596.0000,NULL,NULL,NULL,522222,'j4_6',0,NULL,'2014-01-01',0,'2014-10-31 07:56:49'),('16b1d5a8796f4d9cb0d08554a09ff3a5','459822fba6e74a209acb3f89176423f0',NULL,4349.0000,NULL,NULL,NULL,522222,'j8_7',0,NULL,'2014-01-01',0,'2014-10-31 08:30:29'),('18ded5a77a8d41e2bd19f453ae993c62','f7dc926243524926bb950a965de13370',NULL,3.4500,NULL,NULL,NULL,522222,'j8_9',0,NULL,'2014-01-01',0,'2014-10-31 07:59:04'),('1a0a5f790e4549c6b1f33011b25c2354','bee8a23762ab426c9c4894df9b500016',NULL,12.0000,NULL,NULL,NULL,520123,'j8_7',0,NULL,'2015-01-01',0,'2014-10-29 10:11:04'),('1d00ad3080e34a1b95ea7545bffd4d7b','a4bd70f9b1eb4484a6b3bec1b0033af8',NULL,0.0000,NULL,NULL,NULL,522229,'j4_6',0,NULL,'2014-01-01',1,'2014-10-31 07:27:09'),('1d3cf65c657b447bb17870ad1cbdfc72','ad34972fdd25453e847ff8158ad908a6',NULL,1.3000,NULL,NULL,NULL,522229,'j8_7',0,NULL,'2014-01-01',1,'2014-10-31 07:27:09'),('1d852835ab794698b043a282863724cd','3fe99c9746d04036b22683ba5e68e72e',NULL,27485.0000,NULL,NULL,NULL,522222,'j8_8',0,NULL,'2014-01-01',0,'2014-10-31 07:58:07'),('1e8916b76d4c4d88be286a9efed89065','f0d1fc8690ff426db9689b34cd5e224b',NULL,0.0000,NULL,NULL,NULL,522229,'j9_15',0,NULL,'2014-01-01',1,'2014-10-31 07:27:09'),('1e8f3a51a95e4456bbd5128af403268b','ddacf950672b4981af623a1f9a45c655',NULL,12.0000,NULL,NULL,NULL,520123,'j8_7',0,NULL,'2014-01-01',1,'2014-10-30 03:13:22'),('229450d6b9c3456d94e7bfa5818666cb','ead30a0c92a1423bbaadf5457ca40b63',NULL,8.0000,NULL,NULL,NULL,522229,'j4_6',0,NULL,'2014-01-01',1,'2014-10-31 07:27:09'),('2543294d865649df8b7f7320ae30561c','6cee2cacfb574a29818045930bd4c96d',NULL,12.0000,NULL,NULL,NULL,520123,'j9_14',0,NULL,'2014-01-01',1,'2014-10-30 03:13:22'),('27580ad4e7474ac987ec55d1c083069b','1c1a10502d8247ac8e4d44e7b5c8fe73',NULL,12.0000,NULL,NULL,NULL,520123,'j8_8',0,NULL,'2014-01-01',1,'2014-10-30 03:13:22'),('281e160481f84ae7848bb9f0095534f9','d17a68ec0fca4df29138723770e64bc9',NULL,17.0000,NULL,NULL,NULL,522229,'j9_12',0,NULL,'2014-01-01',1,'2014-10-31 07:27:09'),('2905a8dbc20a4bb7a2a92640f7668d6f','7806a95d0ce24a33828419903e048e8d',NULL,138.0000,NULL,NULL,NULL,522229,'j9_12',0,NULL,'2014-01-01',1,'2014-10-31 07:27:09'),('290930bbdca04dd6b1931da8697296e5','a50d6135aef64f81a3b4d8d4d1193d53',NULL,12.0000,NULL,NULL,NULL,520123,'j8_9',0,NULL,'2014-01-01',1,'2014-10-30 03:13:22'),('29cffd2d51194150bc6628f2c5f853bc','ddacf950672b4981af623a1f9a45c655',NULL,12.0000,NULL,NULL,NULL,520123,'j8_7',0,NULL,'2015-01-01',0,'2014-10-29 10:11:04'),('2b76eee7092d444090795e578b9c25d9','bee8a23762ab426c9c4894df9b500016',NULL,36.6400,NULL,NULL,NULL,522222,'j8_7',0,NULL,'2014-01-01',0,'2014-10-31 08:30:29'),('2c58f9b8093248ccbe16149a1b5f5429','9caf84f4245043bea932c4fdae11e1c7',NULL,5049.0000,NULL,NULL,NULL,522222,'j8_7',0,NULL,'2014-01-01',0,'2014-10-31 08:30:29'),('2cf9d08e9f244749982b76c2fe43e44a','409d919b65504b8690e36a160c91fcd2',NULL,12.0000,NULL,NULL,NULL,520123,'j9_12',0,NULL,'2014-01-01',1,'2014-10-30 03:13:22'),('3134744d71144ec4bbb8088ad55854b4','70e2743d94bf44938ac6823046ef3096',NULL,2.0000,NULL,NULL,NULL,522229,'j9_14',0,NULL,'2014-01-01',1,'2014-10-31 07:27:09'),('31eaf5bd59684a438e851abd2f3f54c6','100af9d8a3d341c9b8f18491bc5cfa2d',NULL,298642.3750,NULL,NULL,NULL,522229,'j9_12',0,NULL,'2014-01-01',1,'2014-10-31 07:27:09'),('328408419a434cc3834e0ce6e7d94745','c2857ce807bd4586879d65f67b100fb1',NULL,1.0000,NULL,NULL,NULL,522229,'j9_12',0,NULL,'2014-01-01',1,'2014-10-31 07:27:09'),('342ea468c7404eb680b6dcd84b4c9c36','cbf7e38f74934139b1a0c145cb835580',NULL,14574.0000,NULL,NULL,NULL,522222,'j8_7',0,NULL,'2014-01-01',0,'2014-10-31 08:30:29'),('39136a55e3604f30ab51b8d2d1ae7703','1e2072cf8bd7489e8ff33444aa72ac3e',NULL,12.0000,NULL,NULL,NULL,520123,'j9_16',0,NULL,'2014-01-01',1,'2014-10-30 03:13:22'),('3a1f9d4618fc4868a2c98dadca8729ac','a50d6135aef64f81a3b4d8d4d1193d53',NULL,0.0000,NULL,NULL,NULL,522222,'j8_9',0,NULL,'2014-01-01',0,'2014-10-31 07:59:04'),('3c4ee496b8774af29f045d5fe5197ff3','8a0ab1345d7b40dc823da17bc16e2dc4',NULL,0.0000,NULL,NULL,NULL,522222,'j4_6',0,NULL,'2014-01-01',0,'2014-10-31 07:56:49'),('40e4da3077aa4c8faa6ea1ac5069aadd','869ca8d6cf98468094064cea6c73d6eb',NULL,12.0000,NULL,NULL,NULL,520123,'j8_7',0,NULL,'2014-01-01',1,'2014-10-30 03:13:22'),('412d01c4e29b44f2a5e057ff9f3fc2af','d17a68ec0fca4df29138723770e64bc9',NULL,12.0000,NULL,NULL,NULL,520123,'j9_12',0,NULL,'2014-01-01',1,'2014-10-30 03:13:22'),('45610c72da054f68b1587340618ed47b','43088cde004b4542b0e0a6a4d946db15',NULL,16.1000,NULL,NULL,NULL,522229,'j8_7',0,NULL,'2014-01-01',1,'2014-10-31 07:27:09'),('48701d08e6f246c09d07514573ccb418','869ca8d6cf98468094064cea6c73d6eb',NULL,32.9000,NULL,NULL,NULL,522222,'j8_7',0,NULL,'2014-01-01',0,'2014-10-31 08:30:29'),('49bdb3014f10471ea2c13761a84773df','70218a5297a44b1295d54dfbac0e1286',NULL,12.0000,NULL,NULL,NULL,522222,'j4_6',0,NULL,'2014-01-01',0,'2014-10-31 07:56:49'),('4c6eeb109f3a4262b33c4331f012d970','d7a60b3560124c3b882314287c4989a8',NULL,120.0000,NULL,NULL,NULL,522201,'j9_14',0,NULL,'2014-01-01',0,'2014-11-04 08:51:02'),('4c9aa79a99b74d21b4166eeb4da81000','1e2072cf8bd7489e8ff33444aa72ac3e',NULL,12.0000,NULL,NULL,NULL,522229,'j9_16',0,NULL,'2014-01-01',1,'2014-10-31 07:27:09'),('4cfdd1712619420db3e2c565ad2f4dbd','838d218f7ab64231ba9cbb8426b4fa61',NULL,100.0000,NULL,NULL,NULL,522222,'j8_8',0,NULL,'2014-01-01',0,'2014-10-31 07:58:07'),('4d9e785b0b31440f849371c912c5eafe','be81646474d44e3ca53ed53547702435',NULL,12.0000,NULL,NULL,NULL,520123,'j8_7',0,NULL,'2014-01-01',1,'2014-10-30 03:13:22'),('4e7d17e48665426aac32a5298d5d150e','f7dc926243524926bb950a965de13370',NULL,12.0000,NULL,NULL,NULL,522229,'j8_9',0,NULL,'2014-01-01',1,'2014-10-31 07:27:09'),('4ec921f9f0dc497b9a65b872ae5f8ea3','a9ed3c408e7145328b2fda8ddc20b0b7',NULL,120.0000,NULL,NULL,NULL,522222,'j4_6',0,NULL,'2014-01-01',0,'2014-10-31 07:56:49'),('515baa37044b45df874938d58734fe11','838d218f7ab64231ba9cbb8426b4fa61',NULL,13872.5400,NULL,NULL,NULL,522201,'j9_14',0,NULL,'2014-01-01',0,'2014-11-04 08:51:02'),('52fd0603def4469abb3f5434c1b6909f','dd1f79d346844f8eaa10f8adea6a28f3',NULL,18140.0000,NULL,NULL,NULL,522222,'j8_9',0,NULL,'2014-01-01',0,'2014-10-31 07:59:04'),('54ef2573d6d84a13959e09ca198bd35a','7f7de0955426471baaacabb807ed4d50',NULL,0.0000,NULL,NULL,NULL,522229,'j9_14',0,NULL,'2014-01-01',1,'2014-10-31 07:27:09'),('5715bce93cac4a09a29fc3c67a6961c4','7f7de0955426471baaacabb807ed4d50',NULL,12.0000,NULL,NULL,NULL,520123,'j9_14',0,NULL,'2014-01-01',1,'2014-10-30 03:13:22'),('582d2d4145c749c086805123e6c74369','23ffafc7d9954aaaa82a87f3e25273e6',NULL,12.0000,NULL,NULL,NULL,520123,'j4_6',0,NULL,'2014-01-01',1,'2014-10-30 03:13:22'),('5876332f31294d1bb813d1764b6fd186','f634edcd9dd9433bb5c39b82923977b5',NULL,14.1000,NULL,NULL,NULL,522222,'j8_7',0,NULL,'2014-01-01',0,'2014-10-31 08:30:29'),('599dfdae2697477798c13b2729bf0535','019d19279b224fa4b0f8f7d25ed9a461',NULL,197770.2031,NULL,NULL,NULL,522229,'j9_12',0,NULL,'2014-01-01',1,'2014-10-31 07:27:09'),('5adfbd8667554868989ea4d0e6671df7','019d19279b224fa4b0f8f7d25ed9a461',NULL,12.0000,NULL,NULL,NULL,520123,'j9_12',0,NULL,'2014-01-01',1,'2014-10-30 03:13:22'),('5c8b5ab224bf43e8918a514afc4279b6','409d919b65504b8690e36a160c91fcd2',NULL,12.0000,NULL,NULL,NULL,522229,'j9_12',0,NULL,'2014-01-01',1,'2014-10-31 07:27:09'),('5d1480b3bd404ed9b047266823a9e29e','100af9d8a3d341c9b8f18491bc5cfa2d',NULL,12.0000,NULL,NULL,NULL,520123,'j9_12',0,NULL,'2014-01-01',1,'2014-10-30 03:13:22'),('5d5a9053fd6d4d3fb0a3983dfe978196','ead30a0c92a1423bbaadf5457ca40b63',NULL,11.0000,NULL,NULL,NULL,522222,'j4_6',0,NULL,'2014-01-01',0,'2014-10-31 07:56:49'),('5ee7cae00ed847a2bf339709f5677c0a','403545f0857345c89e5ed0e7ae99ff05',NULL,60.7300,NULL,NULL,NULL,522222,'j4_6',0,NULL,'2014-01-01',0,'2014-10-31 07:56:49'),('62cf99852ee84a449555b02244e382cc','8a0ab1345d7b40dc823da17bc16e2dc4',NULL,12.0000,NULL,NULL,NULL,520123,'j4_6',0,NULL,'2014-01-01',1,'2014-10-30 03:13:22'),('638b9d35bd534855933d5748d5876138','fabb46d44e19404e9c8a4bc5d9607929',NULL,12.0000,NULL,NULL,NULL,520123,'j8_7',0,NULL,'2014-01-01',1,'2014-10-30 03:13:22'),('651ab8f6e67b4bfbb5cd6e85c9fb17a9','0f692b453ae94f9ca1da22f52519898d',NULL,120.0000,NULL,NULL,NULL,522222,'j4_6',0,NULL,'2014-01-01',0,'2014-10-31 07:56:49'),('68184c0c70a640769a4d61eaa565fce5','43088cde004b4542b0e0a6a4d946db15',NULL,12.0000,NULL,NULL,NULL,520123,'j8_7',0,NULL,'2014-01-01',1,'2014-10-30 03:13:22'),('693bf8fc65804a54951dd062861b5bb7','403545f0857345c89e5ed0e7ae99ff05',NULL,8.5800,NULL,NULL,NULL,522229,'j4_6',0,NULL,'2014-01-01',1,'2014-10-31 07:27:09'),('69a8286642a944e785e1e4da9d98100a','a20022888a7a4700ae08b2b08d8e038e',NULL,12.0000,NULL,NULL,NULL,520123,'j9_11',0,NULL,'2014-01-01',1,'2014-10-30 03:13:22'),('69a8deb5de4f491cb869818670827437','8bbeeaa7cb144a2dbe5947f215e38012',NULL,3.0000,NULL,NULL,NULL,522229,'j9_12',0,NULL,'2014-01-01',1,'2014-10-31 07:27:09'),('69a971feac34455a8012bc2815f8f4a5','fabb46d44e19404e9c8a4bc5d9607929',NULL,29.0500,NULL,NULL,NULL,522222,'j8_7',0,NULL,'2014-01-01',0,'2014-10-31 08:30:29'),('6aa10da215ab48a6a446a66a170bb6b0','dd1f79d346844f8eaa10f8adea6a28f3',NULL,15500.0000,NULL,NULL,NULL,522229,'j8_9',0,NULL,'2014-01-01',1,'2014-10-31 07:27:09'),('6c7e8cb56eff4920a1fdc3b4ef678b8c','58f8fdb5810847d3995b54db39fd86d9',NULL,0.0000,NULL,NULL,NULL,522229,'j9_14',0,NULL,'2014-01-01',1,'2014-10-31 07:27:09'),('6d5f1985dfe0474a9abd77906df7d614','43088cde004b4542b0e0a6a4d946db15',NULL,-12.0000,NULL,NULL,NULL,520123,'j8_7',0,NULL,'2015-01-01',0,'2014-10-29 10:11:04'),('6d653b9a5fba44288bcc399d23273116','be81646474d44e3ca53ed53547702435',NULL,31.3900,NULL,NULL,NULL,522222,'j8_7',0,NULL,'2014-01-01',0,'2014-10-31 08:30:29'),('71ce1eb48bd647c683d6886e9bb1ac23','f634edcd9dd9433bb5c39b82923977b5',NULL,12.0000,NULL,NULL,NULL,520123,'j8_7',0,NULL,'2014-01-01',1,'2014-10-30 03:13:22'),('720a4c1c6b1b438ea37f3bc5fb35d7ea','23ffafc7d9954aaaa82a87f3e25273e6',NULL,25.0000,NULL,NULL,NULL,522222,'j4_6',0,NULL,'2014-01-01',0,'2014-10-31 07:56:49'),('72485f74bab44ab49412fe4896ac4b22','05452621b16c484681a65b295cdd7084',NULL,5.0000,NULL,NULL,NULL,522222,'j4_6',0,NULL,'2014-01-01',0,'2014-10-31 07:56:49'),('72a5cd66a36a40948fdf13e4ab57bd4e','3fe99c9746d04036b22683ba5e68e72e',NULL,13650.0000,NULL,NULL,NULL,522229,'j8_8',0,NULL,'2014-01-01',1,'2014-10-31 07:27:09'),('72d23b9aeb72441da233d4ef3bfaee30','b32ec90f7667403eabe9de2e73bd8669',NULL,5.2800,NULL,NULL,NULL,522222,'j4_6',0,NULL,'2014-01-01',0,'2014-10-31 07:56:49'),('735709c6a31148a18e236807a7257a96','fabb46d44e19404e9c8a4bc5d9607929',NULL,22.2400,NULL,NULL,NULL,522229,'j8_7',0,NULL,'2014-01-01',1,'2014-10-31 07:27:09'),('73849732dd4d493593511be455cc1c95','70e2743d94bf44938ac6823046ef3096',NULL,12.0000,NULL,NULL,NULL,520123,'j9_14',0,NULL,'2014-01-01',1,'2014-10-30 03:13:22'),('74146311c22b484dac2cbaa1a07ae690','459822fba6e74a209acb3f89176423f0',NULL,4422.0000,NULL,NULL,NULL,522229,'j8_7',0,NULL,'2014-01-01',1,'2014-10-31 07:27:09'),('7639a13c88b64b37a80d4386d5fa2a34','e27089d996334c7689261333788ebbaa',NULL,8.5800,NULL,NULL,NULL,522229,'j4_6',0,NULL,'2014-01-01',1,'2014-10-31 07:27:09'),('77aba37f9be247c48d7d807a8b6c914b','f7dc926243524926bb950a965de13370',NULL,12.0000,NULL,NULL,NULL,520123,'j8_9',0,NULL,'2014-01-01',1,'2014-10-30 03:13:22'),('78d4a972087542a9bbcfe12b9376fc98','9683971b3c3d48bd8502f65f732a3694',NULL,12.0000,NULL,NULL,NULL,520123,'j8_9',0,NULL,'2014-01-01',1,'2014-10-30 03:13:22'),('78df2faa67be41f48e1919796334a6e2','be81646474d44e3ca53ed53547702435',NULL,12.0000,NULL,NULL,NULL,520123,'j8_7',0,NULL,'2015-01-01',0,'2014-10-29 10:11:04'),('79e400225d684198a8690965c9b48ec1','ddacf950672b4981af623a1f9a45c655',NULL,18971.0000,NULL,NULL,NULL,522222,'j8_7',0,NULL,'2014-01-01',0,'2014-10-31 08:30:29'),('79e972febbec43f6bf0bac6439c5a59d','403545f0857345c89e5ed0e7ae99ff05',NULL,12.0000,NULL,NULL,NULL,520123,'j4_6',0,NULL,'2014-01-01',1,'2014-10-30 03:13:22'),('7b35d8ebff0a4b4ea7fc04e99447863e','459822fba6e74a209acb3f89176423f0',NULL,12.0000,NULL,NULL,NULL,520123,'j8_7',0,NULL,'2014-01-01',1,'2014-10-30 03:13:22'),('7c95995c80874c379a2b1c337637c453','9683971b3c3d48bd8502f65f732a3694',NULL,5.0000,NULL,NULL,NULL,522229,'j8_9',0,NULL,'2014-01-01',1,'2014-10-31 07:27:09'),('7cb1a85e64504a13891697e4a3039fe4','761c2ebbdeaa474e96336d7037f9a509',NULL,8.4300,NULL,NULL,NULL,522229,'j9_12',0,NULL,'2014-01-01',1,'2014-10-31 07:27:09'),('80c2be0391774ddfad4fbedeea7f90bf','a20022888a7a4700ae08b2b08d8e038e',NULL,12.0000,NULL,NULL,NULL,522222,'j9_11',0,NULL,'2014-01-01',0,'2014-10-31 08:25:36'),('80fd2f8a50ee4c0ea1131fd9e4d3ae16','7806a95d0ce24a33828419903e048e8d',NULL,12.0000,NULL,NULL,NULL,520123,'j9_12',0,NULL,'2014-01-01',1,'2014-10-30 03:13:22'),('81107e8d2a5147f39366697c75478bbf','70218a5297a44b1295d54dfbac0e1286',NULL,7.0000,NULL,NULL,NULL,522229,'j4_6',0,NULL,'2014-01-01',1,'2014-10-31 07:27:09'),('87b6b8ed21f243ba9b320eab6e2dc246','c55ee5e863a1444495a76d5c79d6b380',NULL,12.0000,NULL,NULL,NULL,520123,'j4_6',0,NULL,'2014-01-01',1,'2014-10-30 03:13:22'),('89c9c2eb78994e32ab2ac7340bb1b722','b32ec90f7667403eabe9de2e73bd8669',NULL,0.0000,NULL,NULL,NULL,522229,'j4_6',0,NULL,'2014-01-01',1,'2014-10-31 07:27:09'),('8c7ce63cc6c9427babef54c711de6918','dc47a569e281421e9500ac993db5a986',NULL,12.0000,NULL,NULL,NULL,520123,'j9_12',0,NULL,'2014-01-01',1,'2014-10-30 03:13:22'),('8d3dc6b33b0f46b1b40aaee90a888984','ad34972fdd25453e847ff8158ad908a6',NULL,12.0000,NULL,NULL,NULL,520123,'j8_7',0,NULL,'2015-01-01',0,'2014-10-29 10:11:04'),('8d45a0dc08d4408b818c4998f7de3a66','9caf84f4245043bea932c4fdae11e1c7',NULL,12.0000,NULL,NULL,NULL,520123,'j8_7',0,NULL,'2014-01-01',1,'2014-10-30 03:13:22'),('8f4e2b976d224a0b8a86a20328f02259','9caf84f4245043bea932c4fdae11e1c7',NULL,12.0000,NULL,NULL,NULL,520123,'j8_7',0,NULL,'2015-01-01',0,'2014-10-29 10:11:04'),('8f74f44c7d09424c99526463a8e56600','8a0ab1345d7b40dc823da17bc16e2dc4',NULL,0.0000,NULL,NULL,NULL,522229,'j4_6',0,NULL,'2014-01-01',1,'2014-10-31 07:27:09'),('93386f9f001d40d6a4335a1037e02442','9caf84f4245043bea932c4fdae11e1c7',NULL,5112.0000,NULL,NULL,NULL,522229,'j8_7',0,NULL,'2014-01-01',1,'2014-10-31 07:27:09'),('9363d84486914d4da762e3fb54b009cd','a50d6135aef64f81a3b4d8d4d1193d53',NULL,0.0000,NULL,NULL,NULL,522229,'j8_9',0,NULL,'2014-01-01',1,'2014-10-31 07:27:09'),('93ff368d71c54ca5836ba4a8e9947441','cbf7e38f74934139b1a0c145cb835580',NULL,12.1200,NULL,NULL,NULL,520123,'j8_7',0,NULL,'2014-01-01',1,'2014-10-30 03:13:22'),('95ef1e36bbdf4c9486aeae31a5bf5e6f','ddacf950672b4981af623a1f9a45c655',NULL,18983.0000,NULL,NULL,NULL,522229,'j8_7',0,NULL,'2014-01-01',1,'2014-10-31 07:27:09'),('99c706162d47486f8ab3f443555435cd','f0d1fc8690ff426db9689b34cd5e224b',NULL,12.0000,NULL,NULL,NULL,520123,'j9_15',0,NULL,'2014-01-01',1,'2014-10-30 03:13:22'),('9dd0a37c322647e396fdbc81e150cd97','cbf7e38f74934139b1a0c145cb835580',NULL,18990.0000,NULL,NULL,NULL,522229,'j8_7',0,NULL,'2014-01-01',1,'2014-10-31 07:27:09'),('a2c2c4ec0fed4a4ba9e57bf0bf6ff26b','bee8a23762ab426c9c4894df9b500016',NULL,12.0000,NULL,NULL,NULL,520123,'j8_7',0,NULL,'2014-01-01',1,'2014-10-30 03:13:22'),('a368b56c621c4045843fb22567b53bd3','58f8fdb5810847d3995b54db39fd86d9',NULL,12.0000,NULL,NULL,NULL,520123,'j9_14',0,NULL,'2014-01-01',1,'2014-10-30 03:13:22'),('a3b47802318945bbbecb57134287694c','8bbeeaa7cb144a2dbe5947f215e38012',NULL,12.0000,NULL,NULL,NULL,520123,'j9_12',0,NULL,'2014-01-01',1,'2014-10-30 03:13:22'),('a41f96330fe9403aab5258b41c29dfea','1c1a10502d8247ac8e4d44e7b5c8fe73',NULL,30.0000,NULL,NULL,NULL,522222,'j8_8',0,NULL,'2014-01-01',0,'2014-10-31 07:58:07'),('a47bac7bf8a54f8f8fb2ea6c22db07b8','838d218f7ab64231ba9cbb8426b4fa61',NULL,788.0000,NULL,NULL,NULL,522229,'j8_8',0,NULL,'2014-01-01',1,'2014-10-31 07:27:09'),('a53a51da980a48aca8a61d5500d82182','9683971b3c3d48bd8502f65f732a3694',NULL,6.0000,NULL,NULL,NULL,522222,'j8_9',0,NULL,'2014-01-01',0,'2014-10-31 07:59:04'),('a60a0b529d8843cd95fd66612020b395','bee8a23762ab426c9c4894df9b500016',NULL,20.8800,NULL,NULL,NULL,522229,'j8_7',0,NULL,'2014-01-01',1,'2014-10-31 07:27:09'),('a7e24e2304444705996a35c0da225853','be81646474d44e3ca53ed53547702435',NULL,23.5800,NULL,NULL,NULL,522229,'j8_7',0,NULL,'2014-01-01',1,'2014-10-31 07:27:09'),('ad0f78635b734cb698897c5dba825a5d','e32c2eaa365a403da7781eeae68afee2',NULL,12.0000,NULL,NULL,NULL,520123,'j9_12',0,NULL,'2014-01-01',1,'2014-10-30 03:13:22'),('b0c9e8a4183a4f86b091f8225c6c7b12','70e2743d94bf44938ac6823046ef3096',NULL,5.0000,NULL,NULL,NULL,522201,'j9_14',0,NULL,'2014-01-01',0,'2014-11-04 08:51:02'),('b2e4777fcc794a10a74b3b9c041bbdd5','869ca8d6cf98468094064cea6c73d6eb',NULL,12.0000,NULL,NULL,NULL,520123,'j8_7',0,NULL,'2015-01-01',0,'2014-10-29 10:11:04'),('b4e25fd8059d40c0ac85ec57f9a7c8fa','43088cde004b4542b0e0a6a4d946db15',NULL,17.2000,NULL,NULL,NULL,522222,'j8_7',0,NULL,'2014-01-01',0,'2014-10-31 08:30:29'),('b51df3c50319414d91ebd967cbc8e57d','ead30a0c92a1423bbaadf5457ca40b63',NULL,12.0000,NULL,NULL,NULL,520123,'j4_6',0,NULL,'2014-01-01',1,'2014-10-30 03:13:22'),('b5c8b82713694c14b78941b338e16da5','3753cac048594d1c80d5e732968ffa11',NULL,4.0000,NULL,NULL,NULL,522229,'j9_12',0,NULL,'2014-01-01',1,'2014-10-31 07:27:09'),('b81436c162da44a6958223828d903d1f','15b4da99e1274ab589663d2b80fb918b',NULL,12.0000,NULL,NULL,NULL,520123,'j9_12',0,NULL,'2014-01-01',1,'2014-10-30 03:13:22'),('bba0e4818d0b41b7994e71004c298575','f634edcd9dd9433bb5c39b82923977b5',NULL,12.0000,NULL,NULL,NULL,520123,'j8_7',0,NULL,'2015-01-01',0,'2014-10-29 10:11:04'),('bc28bd62d5a741c48cbf1f9b019c2fed','e32c2eaa365a403da7781eeae68afee2',NULL,256800.0000,NULL,NULL,NULL,522229,'j9_12',0,NULL,'2014-01-01',1,'2014-10-31 07:27:09'),('bf715049d0ed4e49aa975506525bc9bb','cbf7e38f74934139b1a0c145cb835580',NULL,12.0000,NULL,NULL,NULL,520123,'j8_7',0,NULL,'2015-01-01',0,'2014-10-29 10:11:04'),('c1d29cdad458416da9e86ca7cc105171','a9ed3c408e7145328b2fda8ddc20b0b7',NULL,12.0000,NULL,NULL,NULL,520123,'j4_6',0,NULL,'2014-01-01',1,'2014-10-30 03:13:22'),('c246a0928e784721bd41f2e3a79a6a69','9096e0dc877044e68be70415eeec6a78',NULL,4.0000,NULL,NULL,NULL,522229,'j9_12',0,NULL,'2014-01-01',1,'2014-10-31 07:27:09'),('c463e9cb3b1b40928f008d0ec39a4b88','bbc92ef17f7340359687348e60176d0f',NULL,12.0000,NULL,NULL,NULL,520123,'j9_12',0,NULL,'2014-01-01',1,'2014-10-30 03:13:22'),('c4f044dd14db48d4ba25c40a9d0a5e61','6cee2cacfb574a29818045930bd4c96d',NULL,8.0000,NULL,NULL,NULL,522229,'j9_14',0,NULL,'2014-01-01',1,'2014-10-31 07:27:09'),('c53c625d1880412cb9dca2c1dc3b937d','05452621b16c484681a65b295cdd7084',NULL,12.0000,NULL,NULL,NULL,520123,'j4_6',0,NULL,'2014-01-01',1,'2014-10-30 03:13:22'),('c7b7cdcd5e964036b80757fb673a7af9','dd1f79d346844f8eaa10f8adea6a28f3',NULL,12.0000,NULL,NULL,NULL,520123,'j8_9',0,NULL,'2014-01-01',1,'2014-10-30 03:13:22'),('c89f9d28908348d4995a39b22d893bf6','d80599bddcfa40ee9c24a0849e297f5f',NULL,0.0000,NULL,NULL,NULL,522229,'j9_12',0,NULL,'2014-01-01',1,'2014-10-31 07:27:09'),('c913be0402a24853a5e984a31f63dae5','a4bd70f9b1eb4484a6b3bec1b0033af8',NULL,89.0000,NULL,NULL,NULL,522222,'j4_6',0,NULL,'2014-01-01',0,'2014-10-31 07:56:49'),('cba4dddbbe534e8785b37e7ee83e5379','a4bd70f9b1eb4484a6b3bec1b0033af8',NULL,12.0000,NULL,NULL,NULL,520123,'j4_6',0,NULL,'2014-01-01',1,'2014-10-30 03:13:22'),('ce66a9f21de344b5bdc45ade3b31db5f','838d218f7ab64231ba9cbb8426b4fa61',NULL,12.0000,NULL,NULL,NULL,520123,'j8_8',0,NULL,'2014-01-01',1,'2014-10-30 03:13:22'),('cee4abbcb15341a68065b58db7cc0eb2','ad34972fdd25453e847ff8158ad908a6',NULL,12.0000,NULL,NULL,NULL,520123,'j8_7',0,NULL,'2014-01-01',1,'2014-10-30 03:13:22'),('cf2e34f0432f4fffa7c44cc5de9e0f9c','a20022888a7a4700ae08b2b08d8e038e',NULL,98.0000,NULL,NULL,NULL,522229,'j9_11',0,NULL,'2014-01-01',1,'2014-10-31 07:27:09'),('cf2edeae446343d9bf4de064ca23be10','c2857ce807bd4586879d65f67b100fb1',NULL,12.0000,NULL,NULL,NULL,520123,'j9_12',0,NULL,'2014-01-01',1,'2014-10-30 03:13:22'),('d007ce91ab7e4305b2fd353563f6019a','fabb46d44e19404e9c8a4bc5d9607929',NULL,12.0000,NULL,NULL,NULL,520123,'j8_7',0,NULL,'2015-01-01',0,'2014-10-29 10:11:04'),('d063f559f2cb44ffa16f9326362d47e3','70218a5297a44b1295d54dfbac0e1286',NULL,12.0000,NULL,NULL,NULL,520123,'j4_6',0,NULL,'2014-01-01',1,'2014-10-30 03:13:22'),('d35214103a234015a6387e51ab40fd16','c55ee5e863a1444495a76d5c79d6b380',NULL,45641.0000,NULL,NULL,NULL,522229,'j4_6',0,NULL,'2014-01-01',1,'2014-10-31 07:27:09'),('d39bec9381a54ed3958e89efc3790994','a7e0ea7315394ef2bff4885a9aeed6b7',NULL,12.0000,NULL,NULL,NULL,520123,'j4_6',0,NULL,'2014-01-01',1,'2014-10-30 03:13:22'),('d6229c960af54a68a3626c9c777ce3e8','9096e0dc877044e68be70415eeec6a78',NULL,12.0000,NULL,NULL,NULL,520123,'j9_12',0,NULL,'2014-01-01',1,'2014-10-30 03:13:22'),('d881597cdcf44c8da922609539c90e39','b32ec90f7667403eabe9de2e73bd8669',NULL,12.0000,NULL,NULL,NULL,520123,'j4_6',0,NULL,'2014-01-01',1,'2014-10-30 03:13:22'),('d9f3ef4260aa4a60b3544f1336b8b5b1','1c1a10502d8247ac8e4d44e7b5c8fe73',NULL,-21.2000,NULL,NULL,NULL,522229,'j8_8',0,NULL,'2014-01-01',1,'2014-10-31 07:27:09'),('daa72d4b69784ebabaa7d82bc5cbb513','a7e0ea7315394ef2bff4885a9aeed6b7',NULL,42264.0000,NULL,NULL,NULL,522229,'j4_6',0,NULL,'2014-01-01',1,'2014-10-31 07:27:09'),('df71678f6ce04ca081fcd9dd442deaa8','3fe99c9746d04036b22683ba5e68e72e',NULL,12.0000,NULL,NULL,NULL,520123,'j8_8',0,NULL,'2014-01-01',1,'2014-10-30 03:13:22'),('e004a3144c984f2696072b85c67d2cac','869ca8d6cf98468094064cea6c73d6eb',NULL,22.4000,NULL,NULL,NULL,522229,'j8_7',0,NULL,'2014-01-01',1,'2014-10-31 07:27:09'),('e14051e6a5a149e7adaced0f3728557c','459822fba6e74a209acb3f89176423f0',NULL,12.0000,NULL,NULL,NULL,520123,'j8_7',0,NULL,'2015-01-01',0,'2014-10-29 10:11:04'),('e2009d7c326446b19b46640d1a531ed6','05452621b16c484681a65b295cdd7084',NULL,4.0000,NULL,NULL,NULL,522229,'j4_6',0,NULL,'2014-01-01',1,'2014-10-31 07:27:09'),('e558bbd665fa479abf5def071f9572ec','0f692b453ae94f9ca1da22f52519898d',NULL,12.0000,NULL,NULL,NULL,520123,'j4_6',0,NULL,'2014-01-01',1,'2014-10-30 03:13:22'),('e705e8e571304b9bb069fb1b5529c2eb','bbc92ef17f7340359687348e60176d0f',NULL,2.0000,NULL,NULL,NULL,522229,'j9_12',0,NULL,'2014-01-01',1,'2014-10-31 07:27:09'),('ea09197e3440465ea4155ee17d310f95','a9ed3c408e7145328b2fda8ddc20b0b7',NULL,12.0000,NULL,NULL,NULL,522229,'j4_6',0,NULL,'2014-01-01',1,'2014-10-31 07:27:09'),('eac8910c968344cf891bb468c12209f6','ad34972fdd25453e847ff8158ad908a6',NULL,0.9800,NULL,NULL,NULL,522222,'j8_7',0,NULL,'2014-01-01',0,'2014-10-31 08:30:29'),('ee67ccbb2a6440599541667908e373de','0f692b453ae94f9ca1da22f52519898d',NULL,120.0000,NULL,NULL,NULL,522229,'j4_6',0,NULL,'2014-01-01',1,'2014-10-31 07:27:09'),('f2fcd352480e439c9e830fa1c935b6a4','15b4da99e1274ab589663d2b80fb918b',NULL,29.5800,NULL,NULL,NULL,522229,'j9_12',0,NULL,'2014-01-01',1,'2014-10-31 07:27:09'),('f4d08c9ffd5748bcb37c889c38191a46','d80599bddcfa40ee9c24a0849e297f5f',NULL,12.0000,NULL,NULL,NULL,520123,'j9_12',0,NULL,'2014-01-01',1,'2014-10-30 03:13:22'),('fb2aa23669214b389b904111e9eca510','23ffafc7d9954aaaa82a87f3e25273e6',NULL,114.4900,NULL,NULL,NULL,522229,'j4_6',0,NULL,'2014-01-01',1,'2014-10-31 07:27:09');
/*!40000 ALTER TABLE `value_inidata` ENABLE KEYS */;
UNLOCK TABLES;

--
-- Table structure for table `value_inidatastatics`
--

DROP TABLE IF EXISTS `value_inidatastatics`;
/*!40101 SET @saved_cs_client     = @@character_set_client */;
/*!40101 SET character_set_client = utf8 */;
CREATE TABLE `value_inidatastatics` (
  `siniDataId` varchar(45) NOT NULL COMMENT '源数据项统计项ID',
  `viniDataId` varchar(45) default NULL COMMENT '所需统计源数据值ID',
  `submitOrg` varchar(45) default NULL COMMENT '源数据项统计项报送机构',
  `siniDataValue` float(20,4) default NULL COMMENT '源数据项统计项值',
  `siniDataRegion` int(11) default NULL COMMENT '统计项报送机构所属辖区',
  `siniDataCheckMark` tinyint(2) default NULL COMMENT '源数据项统计项审核标志',
  `siniDate` date default NULL,
  `siniStatus` tinyint(11) default NULL,
  PRIMARY KEY  (`siniDataId`),
  KEY `fk_value_inidatastatics_value_inidata_1` (`viniDataId`),
  KEY `fk_value_inidatastatics_def_distr_1` (`siniDataRegion`),
  KEY `submitOrg` (`submitOrg`),
  CONSTRAINT `value_inidatastatics_ibfk_5` FOREIGN KEY (`submitOrg`) REFERENCES `sys_org` (`orgId`)
) ENGINE=InnoDB DEFAULT CHARSET=utf8 COMMENT='源数据项统计项细节表';
/*!40101 SET character_set_client = @saved_cs_client */;

--
-- Dumping data for table `value_inidatastatics`
--

LOCK TABLES `value_inidatastatics` WRITE;
/*!40000 ALTER TABLE `value_inidatastatics` DISABLE KEYS */;
/*!40000 ALTER TABLE `value_inidatastatics` ENABLE KEYS */;
UNLOCK TABLES;

--
-- Table structure for table `value_kpi`
--

DROP TABLE IF EXISTS `value_kpi`;
/*!40101 SET @saved_cs_client     = @@character_set_client */;
/*!40101 SET character_set_client = utf8 */;
CREATE TABLE `value_kpi` (
  `vkpiId` varchar(45) NOT NULL default '0' COMMENT '环境测评指标值ID',
  `dkpiId` varchar(45) default NULL COMMENT '环境测评项目指标定义ID',
  `vclassId` varchar(45) default NULL COMMENT '环境测评项目值ID',
  `vkpiCalRuleId` varchar(45) default NULL COMMENT '环境测评指标计算规则ID',
  `vkpiAuthRuleId` varchar(45) default NULL COMMENT '环境测评指标权限ID',
  `vkpiCalDate` datetime default NULL COMMENT '环境测评指标值计算时间',
  `vkpiRegion` int(11) default NULL COMMENT '环境测评指标所属辖区',
  `vkpiScore` float(20,2) default NULL,
  `vkpiValue` float(20,2) default NULL COMMENT '环境测评指标值',
  `vkpiCheckMark` tinyint(2) default NULL COMMENT '环境测评指标审核标志：0 未通过；1 通过； ',
  `vkpiDate` date default NULL COMMENT 'kpi年份',
  `vkpiStatus` tinyint(4) default NULL COMMENT '状态',
  `vkpiSubmitTime` datetime default NULL COMMENT '提交时间',
  `vkpiHandleTime` datetime default NULL COMMENT '标准化时间',
  PRIMARY KEY  (`vkpiId`),
  KEY `fk_value_kpi_def_kpi_1` (`dkpiId`),
  KEY `fk_value_kpi_value_class_1` (`vclassId`),
  KEY `fk_value_kpi_def_distr_1` (`vkpiRegion`),
  CONSTRAINT `value_kpi_ibfk_2` FOREIGN KEY (`dkpiId`) REFERENCES `def_kpi` (`dkpiId`)
) ENGINE=InnoDB DEFAULT CHARSET=utf8 COMMENT='KPI值表';
/*!40101 SET character_set_client = @saved_cs_client */;

--
-- Dumping data for table `value_kpi`
--

LOCK TABLES `value_kpi` WRITE;
/*!40000 ALTER TABLE `value_kpi` DISABLE KEYS */;
INSERT INTO `value_kpi` VALUES ('007bf81f983d4a9db9ebee2a6f777cac','2267205946d54500b9039def0247c43c','e97e44ea3fc04db09a5b7b5fc29bd52a',NULL,NULL,'2014-10-31 15:24:02',522229,5.00,1.00,NULL,'2014-01-01',1,'2014-10-31 15:27:09',NULL),('0261b6a49105480389acfa23e2ddcacd','3c069983edd14696b3221d3eb254e45a','8e5f413d32f3475b9319e97129211d77',NULL,NULL,'2014-10-30 11:12:59',520123,5.00,78.21,NULL,'2014-01-01',1,'2014-10-30 11:13:22',NULL),('03a9024e2c8341c8b3543fed2c779938','a335280b2ce84d2d987eb88cb451dc3b','4bbb517908c241f08328389da5197a14',NULL,NULL,'2014-10-31 15:24:02',522229,1.00,13.90,NULL,'2014-01-01',1,'2014-10-31 15:27:09',NULL),('08517918f01643a787abd5fa94e388a7','d8f32af5f0f64164b3938e6ad44614d4','810dd67c12c44545bc33a7d852b359ce',NULL,NULL,'2014-10-30 11:13:00',520123,2.00,12.00,NULL,'2014-01-01',1,'2014-10-30 11:13:22',NULL),('0a87f27fb92940f7827cf41e52c4cb31','aabcf7f111a441339e4ac3702dba7d17','286cd978e40443539225bd53a465bd1c',NULL,NULL,'2014-10-30 11:13:00',520123,2.00,12.00,NULL,'2014-01-01',1,'2014-10-30 11:13:22',NULL),('10ea3d6fdfee45b9a21cd9d02d603aa1','5dbd40f435f340b5adb482ce56b232d0','f7fadad5bb294848a6c95e9ed880d605',NULL,NULL,'2014-10-31 15:24:02',522229,1.20,0.00,NULL,'2014-01-01',1,'2014-10-31 15:27:09',NULL),('126ec6b7fdf54f7bb247882a2512bfa4','2186a027980548d3ab88861569174899','4bbb517908c241f08328389da5197a14',NULL,NULL,'2014-10-31 15:24:02',522229,2.00,-0.05,NULL,'2014-01-01',1,'2014-10-31 15:27:09',NULL),('1639e88b61ed42a0ad06caa8afddd2be','39fa799a6cd64d86a6fb1085bdc0ec9c','6c8513c622914d7496249fc152fdd5b7',NULL,NULL,'2014-10-30 11:13:00',520123,0.00,12.00,NULL,'2014-01-01',1,'2014-10-30 11:13:22',NULL),('186e0b5927ea4cd6a297867b64f21da7','2d6b2df1cc7c49f399d16486c30bb54b','6c8513c622914d7496249fc152fdd5b7',NULL,NULL,'2014-10-30 11:12:58',520123,5.00,0.00,NULL,'2014-01-01',1,'2014-10-30 11:13:22',NULL),('194f83a87fe342d88b2bdb543bfaa1b6','0395764a74f040ef9aa2458013cc5aff','b06140d97d574bf09d9777d8cd031351',NULL,NULL,'2014-10-31 15:24:02',522229,0.00,0.06,NULL,'2014-01-01',1,'2014-10-31 15:27:09',NULL),('2085d5114b514f2c80865460501c4d1e','e6ff65f869c144e19c8feb2f250c3fc5','1e3f7dbcb5c54bc09a92f1fd162d3a25',NULL,NULL,'2014-10-30 11:13:00',520123,0.00,1.00,NULL,'2014-01-01',1,'2014-10-30 11:13:22',NULL),('231cd829d6904b069dbc51978653c3ea','4d3ea609b72d47f289819095f36a664e','b06140d97d574bf09d9777d8cd031351',NULL,NULL,'2014-10-31 15:24:02',522229,1.00,0.00,NULL,'2014-01-01',1,'2014-10-31 15:27:09',NULL),('258542615fa247af8f3dd88e078f2d51','6e5d3dbd38c94eb39252f6a9ec7e2ab9','810dd67c12c44545bc33a7d852b359ce',NULL,NULL,'2014-10-30 11:13:00',520123,3.00,1000.00,NULL,'2014-01-01',1,'2014-10-30 11:13:22',NULL),('297775c284534e8a8de9742acf5c1a86','6e5d3dbd38c94eb39252f6a9ec7e2ab9','4bbb517908c241f08328389da5197a14',NULL,NULL,'2014-10-31 15:24:02',522229,0.00,574.71,NULL,'2014-01-01',1,'2014-10-31 15:27:09',NULL),('2afe952ad4084144bb66383a0b03a2f5','74c2bae0e8294e2486885c8bc2e6c2d1','158967c28e584ff8b26b73483ef15797',NULL,NULL,'2014-10-30 11:13:00',520123,0.00,12.00,NULL,'2014-01-01',1,'2014-10-30 11:13:22',NULL),('2cd26bd8cac645e38a9c8d4298c1854d','ffbeb182bd7045a4a02da44c747cde9c','3e63d2b6b2ad45e0b1cb700e46edef30',NULL,NULL,'2014-10-31 15:24:02',522229,0.00,0.50,NULL,'2014-01-01',1,'2014-10-31 15:27:09',NULL),('36de834ef98c4fabb714f58241cbdb51','4d3ea609b72d47f289819095f36a664e','1e3f7dbcb5c54bc09a92f1fd162d3a25',NULL,NULL,'2014-10-30 11:13:00',520123,0.00,1.00,NULL,'2014-01-01',1,'2014-10-30 11:13:22',NULL),('405a2da9bd4443378fd45218c9815c61','39fa799a6cd64d86a6fb1085bdc0ec9c','f7fadad5bb294848a6c95e9ed880d605',NULL,NULL,'2014-10-31 15:24:02',522229,0.00,12.00,NULL,'2014-01-01',1,'2014-10-31 15:27:09',NULL),('4492e6e03b0f4916ab8868ff95b577ab','e6ff65f869c144e19c8feb2f250c3fc5','b06140d97d574bf09d9777d8cd031351',NULL,NULL,'2014-10-31 15:24:02',522229,4.00,0.00,NULL,'2014-01-01',1,'2014-10-31 15:27:09',NULL),('468676515aeb40d3b36b0e9d98192271','0e209c40ee6b4866a191b52dc43ffe8f','b06140d97d574bf09d9777d8cd031351',NULL,NULL,'2014-10-31 15:24:02',522229,1.00,0.95,NULL,'2014-01-01',1,'2014-10-31 15:27:09',NULL),('476e08c3b0064d7db6a9ccc6821b95ba','5acb1d33ece047db9de796c21fc3709d','6c8513c622914d7496249fc152fdd5b7',NULL,NULL,'2014-10-30 11:13:00',520123,0.80,1.00,NULL,'2014-01-01',1,'2014-10-30 11:13:22',NULL),('47f5a232e92c4f629984c76630208633','e44ee16a5ecf4f90be2aa2336ed255da','c40f5c15baaf46239deccf672d9689e3',NULL,NULL,'2014-10-31 15:24:02',522229,5.00,12.00,NULL,'2014-01-01',1,'2014-10-31 15:27:09',NULL),('48ac909eb3284aa6bbdadf5edfa24a90','a335280b2ce84d2d987eb88cb451dc3b','810dd67c12c44545bc33a7d852b359ce',NULL,NULL,'2014-10-30 11:13:00',520123,0.00,12.00,NULL,'2014-01-01',1,'2014-10-30 11:13:22',NULL),('4a169f3d2aab4b5389ff0b464f8dc4ae','35a5c99679594f3fb8314b70412bb118','6c8513c622914d7496249fc152fdd5b7',NULL,NULL,'2014-10-30 11:13:00',520123,1.00,12.00,NULL,'2014-01-01',1,'2014-10-30 11:13:22',NULL),('4b1b8a44427442668cdfb1bdfa1beaae','1be1d3a922614bcfb6319ff980af1471','089284fdf57d48028545d9ea4dcc7ebf',NULL,NULL,'2014-10-31 15:24:02',522229,0.00,0.00,NULL,'2014-01-01',1,'2014-10-31 15:27:09',NULL),('53d490e4715049949d3bfadf716d11bb','9c11c1c67495421fa7b8cd1902bb20bc','810dd67c12c44545bc33a7d852b359ce',NULL,NULL,'2014-10-30 11:13:00',520123,0.00,12.00,NULL,'2014-01-01',1,'2014-10-30 11:13:22',NULL),('54cd8c9befc84eaca88d173556778376','aabcf7f111a441339e4ac3702dba7d17','3e63d2b6b2ad45e0b1cb700e46edef30',NULL,NULL,'2014-10-31 15:24:02',522229,0.00,0.00,NULL,'2014-01-01',1,'2014-10-31 15:27:09',NULL),('57da0428180a4f77943179943ec453fb','74c2bae0e8294e2486885c8bc2e6c2d1','bb4c413d2dc2493698e147df8988e8d4',NULL,NULL,'2014-10-31 15:24:02',522229,3.00,37.59,NULL,'2014-01-01',1,'2014-10-31 15:27:09',NULL),('61f0228abe3f40ceb75bffb1f4ef5779','9c11c1c67495421fa7b8cd1902bb20bc','4bbb517908c241f08328389da5197a14',NULL,NULL,'2014-10-31 15:24:02',522229,1.00,22.40,NULL,'2014-01-01',1,'2014-10-31 15:27:09',NULL),('6347b1686b854cfebd541c00a9ebd860','2f373aef675a49cea72243157a79bee7','f4a073ca347946d8b9303b48085e5555',NULL,NULL,'2014-10-30 11:13:00',520123,4.00,1.00,NULL,'2014-01-01',1,'2014-10-30 11:13:22',NULL),('64a11ce8275b4230a840279e70585b9c','0679e092db1e451eb43730f17faf5782','089284fdf57d48028545d9ea4dcc7ebf',NULL,NULL,'2014-10-31 15:24:02',522229,0.00,0.03,NULL,'2014-01-01',1,'2014-10-31 15:27:09',NULL),('65d84b521f4e49249110cfccd728820e','aadf9de7e6b044c1b44411b05dadd62c','f7fadad5bb294848a6c95e9ed880d605',NULL,NULL,'2014-10-31 15:24:02',522229,0.00,0.00,NULL,'2014-01-01',1,'2014-10-31 15:27:09',NULL),('65e93bd0c30d4b68a22968e042b2af99','f04d455bb21c4afda77323b91ece4029','52a3ade541594eabaefb61abca82730d',NULL,NULL,'2014-10-30 11:13:00',520123,0.00,1.00,NULL,'2014-01-01',1,'2014-10-30 11:13:22',NULL),('66a8993fc05c4257aa5d97d223eec7c9','3e7e58bffa3e4a7ea3fdd5bcbb74ee96','6c8513c622914d7496249fc152fdd5b7',NULL,NULL,'2014-10-30 11:13:00',520123,1.00,12.00,NULL,'2014-01-01',1,'2014-10-30 11:13:22',NULL),('6e76b2d5e40b42e38cd3756f6cd1153a','3e7e58bffa3e4a7ea3fdd5bcbb74ee96','f7fadad5bb294848a6c95e9ed880d605',NULL,NULL,'2014-10-31 15:24:02',522229,0.00,0.00,NULL,'2014-01-01',1,'2014-10-31 15:27:09',NULL),('70122fff00b44a429ca7f1c6649aa44d','1be1d3a922614bcfb6319ff980af1471','f4a073ca347946d8b9303b48085e5555',NULL,NULL,'2014-10-30 11:13:00',520123,2.00,1.00,NULL,'2014-01-01',1,'2014-10-30 11:13:22',NULL),('7107ef0729fd4ccfb35591a5244806ef','0e209c40ee6b4866a191b52dc43ffe8f','1e3f7dbcb5c54bc09a92f1fd162d3a25',NULL,NULL,'2014-10-30 11:13:00',520123,0.00,1.00,NULL,'2014-01-01',1,'2014-10-30 11:13:22',NULL),('71b1e6d4fe994f3a812155f256bb9fc1','c9b36f6d62b34dafb806b66bd695318e','6c8513c622914d7496249fc152fdd5b7',NULL,NULL,'2014-10-30 11:13:00',520123,0.00,1.00,NULL,'2014-01-01',1,'2014-10-30 11:13:22',NULL),('73512c0c1705463886ef5113753eb89f','192fd17dbe154da5ae65f0f372fde8ef','6c8513c622914d7496249fc152fdd5b7',NULL,NULL,'2014-10-30 11:13:00',520123,2.00,12.00,NULL,'2014-01-01',1,'2014-10-30 11:13:22',NULL),('77c2782c10944e0eacd217960c0dd6b1','ffbeb182bd7045a4a02da44c747cde9c','286cd978e40443539225bd53a465bd1c',NULL,NULL,'2014-10-30 11:13:00',520123,3.00,1.00,NULL,'2014-01-01',1,'2014-10-30 11:13:22',NULL),('7a1b7597a2c64152907700fac69918fe','40ef17b0bbe5422fb3825f58fa5100d5','bb4c413d2dc2493698e147df8988e8d4',NULL,NULL,'2014-10-31 15:24:02',522229,0.00,8.43,NULL,'2014-01-01',1,'2014-10-31 15:27:09',NULL),('7c206a9f70994323821cbcd7134bbff6','2267205946d54500b9039def0247c43c','964067d1c01246b08b523c49b3279f2c',NULL,NULL,'2014-10-30 11:13:00',520123,0.00,0.50,NULL,'2014-01-01',1,'2014-10-30 11:13:22',NULL),('7c3b2aeafc7d41f2be9b279ee1815c90','2b20eeb9e736488ba24793182dcc88b5','810dd67c12c44545bc33a7d852b359ce',NULL,NULL,'2014-10-30 11:13:00',520123,0.00,12.00,NULL,'2014-01-01',1,'2014-10-30 11:13:22',NULL),('83722c14528e465facf606358d870623','e0a535349180469f9af807dcf5a34f9b','810dd67c12c44545bc33a7d852b359ce',NULL,NULL,'2014-10-30 11:13:00',520123,1.00,12.00,NULL,'2014-01-01',1,'2014-10-30 11:13:22',NULL),('90191d437da84036910bb8f7ca8709b4','433ec74a1b954ce69c293e84ee1bfc28','4bbb517908c241f08328389da5197a14',NULL,NULL,'2014-10-31 15:24:02',522229,3.00,18967.76,NULL,'2014-01-01',1,'2014-10-31 15:27:09',NULL),('9027171858624388b091e4760dfea208','3c069983edd14696b3221d3eb254e45a','fd9951b36f394e1d98e4efa07a58b0ee',NULL,NULL,'2014-10-31 15:24:02',522229,0.00,76.42,NULL,'2014-01-01',1,'2014-10-31 15:27:09',NULL),('9053bd38191f48229b9057a93a4865a3','2f697f3d0d944254af5ff988dc8803e9','52a3ade541594eabaefb61abca82730d',NULL,NULL,'2014-10-30 11:13:00',520123,5.00,1.00,NULL,'2014-01-01',1,'2014-10-30 11:13:22',NULL),('91bc0f33a41c46eaa38e18e40557fafc','4b8f88eb479041d59601883d4239cf30','bb4c413d2dc2493698e147df8988e8d4',NULL,NULL,'2014-10-31 15:24:02',522229,3.00,29.58,NULL,'2014-01-01',1,'2014-10-31 15:27:09',NULL),('961221b454e7463daee7c0293b9b15bd','bf70cff4e830441caa1c4310b44417fe','6c8513c622914d7496249fc152fdd5b7',NULL,NULL,'2014-10-30 11:13:00',520123,0.00,1.00,NULL,'2014-01-01',1,'2014-10-30 11:13:22',NULL),('9adb7b56fa38433ab543b3ac4bfaffd4','379c1678f87b4555a11072c8c84c8d11','158967c28e584ff8b26b73483ef15797',NULL,NULL,'2014-10-30 11:13:00',520123,0.00,12.00,NULL,'2014-01-01',1,'2014-10-30 11:13:22',NULL),('a1d90796dfd845ae889dd36fe95081c7','d8f32af5f0f64164b3938e6ad44614d4','4bbb517908c241f08328389da5197a14',NULL,NULL,'2014-10-31 15:24:02',522229,0.00,1.30,NULL,'2014-01-01',1,'2014-10-31 15:27:09',NULL),('a5960ade9fef473185f99ca8c3b643e5','2d6b2df1cc7c49f399d16486c30bb54b','f7fadad5bb294848a6c95e9ed880d605',NULL,NULL,'2014-10-31 15:24:02',522229,0.00,0.00,NULL,'2014-01-01',1,'2014-10-31 15:27:09',NULL),('a5e634c83b6947f49f0184e834a4de97','2f697f3d0d944254af5ff988dc8803e9','03ebf89fd56a491489f372d72a63fc6d',NULL,NULL,'2014-10-31 15:24:02',522229,0.00,0.50,NULL,'2014-01-01',1,'2014-10-31 15:27:09',NULL),('a71dc9a81cd044caaf3c38c54493a18e','433ec74a1b954ce69c293e84ee1bfc28','810dd67c12c44545bc33a7d852b359ce',NULL,NULL,'2014-10-30 11:13:00',520123,0.00,0.12,NULL,'2014-01-01',1,'2014-10-30 11:13:22',NULL),('a7fb09c16fed4f4d96142b4e8286bb41','7d919c519a1e439d8a97496f2daf8bfa','bb4c413d2dc2493698e147df8988e8d4',NULL,NULL,'2014-10-31 15:24:02',522229,3.00,1.30,NULL,'2014-01-01',1,'2014-10-31 15:27:09',NULL),('abe7ce1e543d4efe8edcee4bb639d0fb','7d919c519a1e439d8a97496f2daf8bfa','158967c28e584ff8b26b73483ef15797',NULL,NULL,'2014-10-30 11:13:00',520123,0.00,1.00,NULL,'2014-01-01',1,'2014-10-30 11:13:22',NULL),('ac8bf1bf48e64c98bfa5c8770b4c7e74','4b8f88eb479041d59601883d4239cf30','158967c28e584ff8b26b73483ef15797',NULL,NULL,'2014-10-30 11:13:00',520123,0.00,12.00,NULL,'2014-01-01',1,'2014-10-30 11:13:22',NULL),('b073eb466ad544db9be3a3d7c5dbe172','c9b36f6d62b34dafb806b66bd695318e','f7fadad5bb294848a6c95e9ed880d605',NULL,NULL,'2014-10-31 15:24:02',522229,3.00,59728.48,NULL,'2014-01-01',1,'2014-10-31 15:27:09',NULL),('b317a740d54f48d8b3a9ec7ab4ae875f','2b20eeb9e736488ba24793182dcc88b5','4bbb517908c241f08328389da5197a14',NULL,NULL,'2014-10-31 15:24:02',522229,2.00,16.10,NULL,'2014-01-01',1,'2014-10-31 15:27:09',NULL),('bf7338d4cf7b4c07bd56b5198ec10165','5ce370f120b645a9aa20d2ac20027475','6c8513c622914d7496249fc152fdd5b7',NULL,NULL,'2014-10-30 11:13:00',520123,3.00,12.00,NULL,'2014-01-01',1,'2014-10-30 11:13:22',NULL),('bf9f16302ed843899af33fb186df8e99','e44ee16a5ecf4f90be2aa2336ed255da','71de32eaa3bc47b4a385531f86bb69f9',NULL,NULL,'2014-10-30 11:13:00',520123,5.00,12.00,NULL,'2014-01-01',1,'2014-10-30 11:13:22',NULL),('c007ad156f7549dd8662eab81ab2b19e','0679e092db1e451eb43730f17faf5782','f4a073ca347946d8b9303b48085e5555',NULL,NULL,'2014-10-30 11:13:00',520123,4.00,1.00,NULL,'2014-01-01',1,'2014-10-30 11:13:22',NULL),('c1ec334bf9c642519671f3eb63948ff7','5acb1d33ece047db9de796c21fc3709d','f7fadad5bb294848a6c95e9ed880d605',NULL,NULL,'2014-10-31 15:24:02',522229,0.00,0.50,NULL,'2014-01-01',1,'2014-10-31 15:27:09',NULL),('c6c0ff12669c4b19866784d3e7276f0e','35a5c99679594f3fb8314b70412bb118','f7fadad5bb294848a6c95e9ed880d605',NULL,NULL,'2014-10-31 15:24:02',522229,0.00,0.00,NULL,'2014-01-01',1,'2014-10-31 15:27:09',NULL),('cd51f48146394602bf1bc21e3f2eae4f','bfa53afa8a9540e18c272d5eddbb6642','e97e44ea3fc04db09a5b7b5fc29bd52a',NULL,NULL,'2014-10-31 15:24:02',522229,0.00,1.00,NULL,'2014-01-01',1,'2014-10-31 15:27:09',NULL),('d330ac71d79745129968943c04c0343f','379c1678f87b4555a11072c8c84c8d11','bb4c413d2dc2493698e147df8988e8d4',NULL,NULL,'2014-10-31 15:24:02',522229,3.00,17.00,NULL,'2014-01-01',1,'2014-10-31 15:27:09',NULL),('d67e8d0e28e24ff282d017b7d5078674','192fd17dbe154da5ae65f0f372fde8ef','f7fadad5bb294848a6c95e9ed880d605',NULL,NULL,'2014-10-31 15:24:02',522229,0.00,2.00,NULL,'2014-01-01',1,'2014-10-31 15:27:09',NULL),('d7bfe694d8ac4f15b7d97634f19b1197','aadf9de7e6b044c1b44411b05dadd62c','6c8513c622914d7496249fc152fdd5b7',NULL,NULL,'2014-10-30 11:13:00',520123,1.00,12.00,NULL,'2014-01-01',1,'2014-10-30 11:13:22',NULL),('d809d4aed2a14601814e2e7536f7b75e','5dbd40f435f340b5adb482ce56b232d0','6c8513c622914d7496249fc152fdd5b7',NULL,NULL,'2014-10-30 11:12:58',520123,0.80,0.00,NULL,'2014-01-01',1,'2014-10-30 11:13:22',NULL),('d919c8f8fb0f4c988827bb884b96f0ce','0395764a74f040ef9aa2458013cc5aff','1e3f7dbcb5c54bc09a92f1fd162d3a25',NULL,NULL,'2014-10-30 11:13:00',520123,4.00,1.00,NULL,'2014-01-01',1,'2014-10-30 11:13:22',NULL),('da375b634803488bbbac200955ebab81','bf70cff4e830441caa1c4310b44417fe','f7fadad5bb294848a6c95e9ed880d605',NULL,NULL,'2014-10-31 15:24:02',522229,1.20,11.50,NULL,'2014-01-01',1,'2014-10-31 15:27:09',NULL),('e3fb719675d64b41a078437e5895c532','bfa53afa8a9540e18c272d5eddbb6642','964067d1c01246b08b523c49b3279f2c',NULL,NULL,'2014-10-30 11:13:00',520123,0.00,1.00,NULL,'2014-01-01',1,'2014-10-30 11:13:22',NULL),('e8cc1d50ac6543ac9890cc9ec5b1af49','2186a027980548d3ab88861569174899','810dd67c12c44545bc33a7d852b359ce',NULL,NULL,'2014-10-30 11:13:00',520123,0.00,-1.00,NULL,'2014-01-01',1,'2014-10-30 11:13:22',NULL),('eab9748eda87430b954213e81e13907a','40ef17b0bbe5422fb3825f58fa5100d5','158967c28e584ff8b26b73483ef15797',NULL,NULL,'2014-10-30 11:13:00',520123,3.00,12.00,NULL,'2014-01-01',1,'2014-10-30 11:13:22',NULL),('ebec4ab36e0d4cf282d88af238f07bac','f04d455bb21c4afda77323b91ece4029','03ebf89fd56a491489f372d72a63fc6d',NULL,NULL,'2014-10-31 15:24:02',522229,5.00,2024.14,NULL,'2014-01-01',1,'2014-10-31 15:27:09',NULL),('f339f1c40b8b4b4c98a1ad6555a67ac3','e0a535349180469f9af807dcf5a34f9b','4bbb517908c241f08328389da5197a14',NULL,NULL,'2014-10-31 15:24:02',522229,0.00,-21.20,NULL,'2014-01-01',1,'2014-10-31 15:27:09',NULL),('f41c5c5947c941cd8b6de49514b8542b','5ce370f120b645a9aa20d2ac20027475','f7fadad5bb294848a6c95e9ed880d605',NULL,NULL,'2014-10-31 15:24:02',522229,0.00,8.00,NULL,'2014-01-01',1,'2014-10-31 15:27:09',NULL),('f657838a25e54e20a6a0f6f701f7a368','2f373aef675a49cea72243157a79bee7','089284fdf57d48028545d9ea4dcc7ebf',NULL,NULL,'2014-10-31 15:24:02',522229,0.00,0.04,NULL,'2014-01-01',1,'2014-10-31 15:27:09',NULL);
/*!40000 ALTER TABLE `value_kpi` ENABLE KEYS */;
UNLOCK TABLES;

--
-- Table structure for table `value_synthetical`
--

DROP TABLE IF EXISTS `value_synthetical`;
/*!40101 SET @saved_cs_client     = @@character_set_client */;
/*!40101 SET character_set_client = utf8 */;
CREATE TABLE `value_synthetical` (
  `id` varchar(45) NOT NULL,
  `score` int(11) default NULL,
  `value` float(10,2) default NULL,
  `date` date default NULL,
  `region` int(11) default NULL,
  PRIMARY KEY  (`id`)
) ENGINE=MyISAM DEFAULT CHARSET=utf8;
/*!40101 SET character_set_client = @saved_cs_client */;

--
-- Dumping data for table `value_synthetical`
--

LOCK TABLES `value_synthetical` WRITE;
/*!40000 ALTER TABLE `value_synthetical` DISABLE KEYS */;
/*!40000 ALTER TABLE `value_synthetical` ENABLE KEYS */;
UNLOCK TABLES;
/*!40103 SET TIME_ZONE=@OLD_TIME_ZONE */;

/*!40101 SET SQL_MODE=@OLD_SQL_MODE */;
/*!40014 SET FOREIGN_KEY_CHECKS=@OLD_FOREIGN_KEY_CHECKS */;
/*!40014 SET UNIQUE_CHECKS=@OLD_UNIQUE_CHECKS */;
/*!40101 SET CHARACTER_SET_CLIENT=@OLD_CHARACTER_SET_CLIENT */;
/*!40101 SET CHARACTER_SET_RESULTS=@OLD_CHARACTER_SET_RESULTS */;
/*!40101 SET COLLATION_CONNECTION=@OLD_COLLATION_CONNECTION */;
/*!40111 SET SQL_NOTES=@OLD_SQL_NOTES */;

-- Dump completed on 2014-11-07 18:35:01
